task,key,true,pred
binary,003b97a5bcba2ed5,0,0
binary,00fd65fc29bb5400,0,1
binary,012b84e1c34329ea,0,0
binary,017d99e22086e91c,0,0
binary,020ba678c5d12a5b,0,0
binary,047e0ec27cca7091,0,0
binary,04aee4f4f898a9ed,0,1
binary,04d807cc632b09bd,0,0
binary,05357f9da9049935,0,1
binary,05a5e7c17ddff098,0,0
binary,05fcafd959710464,0,0
binary,06a5e4fcdac85e98,0,0
binary,072192788a5dbd3c,0,1
binary,07ddb540ce6c9e1e,0,0
binary,083a771fd6267afb,0,0
binary,093deabecdc9063e,0,1
binary,0a6f2d68f28fe9b6,0,0
binary,0adec63d92c41172,0,1
binary,0bfcbd02097aff87,0,1
binary,0d112a35ae5d68a3,0,0
binary,0d2f1e921988d607,0,0
binary,0f4876593f3a27b8,0,0
binary,112588fc5ac6224c,0,1
binary,1163195890cd62bf,0,0
binary,11fcebacb28ff879,0,1
binary,121025d7c5385691,0,0
binary,12206f11d4c8dda1,0,1
binary,12d9e5320dc52af2,0,0
binary,12ed4e92de27ce5f,0,1
binary,172709d2fa03da6e,0,1
binary,1773375d4d1a10ef,0,0
binary,18178862e23a3380,0,0
binary,18410a30167ec4c7,0,0
binary,187f543b5d1c0f72,0,0
binary,19143bece2fee705,0,0
binary,1951bb91d3ee91ed,0,1
binary,195c67d1a48e162e,0,0
binary,1a91eb4c29bd5c1a,0,1
binary,1b67569697c81383,0,0
binary,1b8eca0319ba418d,0,0
binary,1bc996624cc98e24,0,0
binary,1c1dc5c9b294ad8f,0,0
binary,1ca7958aeccc7055,0,0
binary,1ceb6c3d77a0bb1c,0,0
binary,1dd1a6d1faae3bd2,0,0
binary,1e43ce759d4a136f,0,0
binary,1e99a0877f4a9292,0,0
binary,1ea24c55bbb9da11,0,0
binary,1ec813c69f0f49a1,0,1
binary,1f328a1f6aeaed5e,0,0
binary,1fbc3341e044d0b8,0,0
binary,202da385a4c56c66,0,1
binary,2266da1db3ff9fdb,0,0
binary,248102be39608cc4,0,0
binary,24eb1612ec90eea6,0,0
binary,24fbd80120f34b1e,0,1
binary,2572ac77352044e3,0,0
binary,26d70af41ff563b6,0,0
binary,295ec1fb4fa90946,0,0
binary,2a7d7cc3fdce1bb1,0,1
binary,2b1f3af1a386242b,0,1
binary,2b67f4ba10a2813e,0,0
binary,2ba43b6cfc8f08b4,0,1
binary,2beb06e44bfabc85,0,1
binary,2d25f4370e2395ab,0,0
binary,3068b3518216a350,0,1
binary,31a8d8ce353a7953,0,0
binary,31c8d8e8826ae022,0,0
binary,3266c7efb39a5346,0,1
binary,331bcbb0db2af3cb,0,1
binary,331e9fe2638e5e8b,0,1
binary,3423ba3ca0289bbb,0,0
binary,346afae85abcd252,0,0
binary,34befbfd39830b6e,0,0
binary,34f945d864c401f1,0,0
binary,357a1e8df97d7230,0,1
binary,357f041c6302b678,0,0
binary,374116d7210adfbe,0,0
binary,3babec93f5f753be,0,0
binary,3bf2a84be75e8564,0,0
binary,3e0c10223f0eb0da,0,0
binary,3e47f4c150a45fc9,0,0
binary,3eff26a0e980a827,0,0
binary,42600105064e13b9,0,0
binary,426daeca5200bb5b,0,0
binary,42b857fb71db6ae4,0,0
binary,42dc3dbd340e8c25,0,0
binary,43de9069c26ac5e6,0,0
binary,43eabae75b92953a,0,0
binary,441dc7c5e4a42621,0,1
binary,442a255e5c58c4a6,0,0
binary,442c55bf2136a352,0,1
binary,44deed0ddb8a6514,0,0
binary,453d48e2db46880e,0,0
binary,474198054030ab21,0,0
binary,475fe77fbc3e0179,0,0
binary,484439eda3ce5b8f,0,0
binary,4857aec3ac856e73,0,0
binary,495297ec220da89e,0,0
binary,499c9d2d03b22800,0,0
binary,4a18ce2d2d568b50,0,0
binary,4a444d639aa53405,0,1
binary,4b4047ed99bcda25,0,0
binary,4b6af7bd203f4fee,0,0
binary,4ba6b953129d8a47,0,0
binary,4c3d543e463285ee,0,0
binary,4c6e8bcb8620d6de,0,0
binary,4cd8e56532a35189,0,1
binary,4d0ca49d127e23f5,0,0
binary,4e7e71027d3ac059,0,0
binary,4ea8081547063224,0,0
binary,4f1ec64ba4b59d2a,0,1
binary,50dd93f0299cc531,0,0
binary,519517e9d2b81f0d,0,1
binary,5278fd30076ca528,0,0
binary,52b875d542d20d89,0,1
binary,52ec562068df80f7,0,0
binary,57cf766234ba9930,0,0
binary,5873066e01e030c2,0,0
binary,596ed453a8806371,0,0
binary,59949b4368e2e22f,0,0
binary,59e20886ece1552d,0,1
binary,59fe674ec02cdc39,0,0
binary,5ae162eb076652da,0,0
binary,5b33997225043627,0,0
binary,5cb29e7a17ddc6b8,0,1
binary,5cf9418528b3f9e4,0,1
binary,5ea5392dd977eed3,0,1
binary,5f8220a5bc778aa3,0,0
binary,61842cda529d94fd,0,1
binary,61d7e3f62fb00e3a,0,1
binary,622f5dcb43a36d02,0,0
binary,625301144fadc37a,0,0
binary,629386c9840f0f62,0,1
binary,6422dca57f2b0d63,0,1
binary,667ac7a4781c8388,0,1
binary,66cae806de41f9ba,0,1
binary,6750f409781df445,0,1
binary,675fcb3f64960621,0,0
binary,67dc8e395a363c3b,0,0
binary,6be0d6d5dc0477e9,0,1
binary,6bfae5a48ec1b94a,0,1
binary,6c48f45e43edff2f,0,0
binary,6d2c194696473932,0,0
binary,6d9e8543ccf0fb58,0,0
binary,6d9f91a3915bc2a5,0,0
binary,6e32314e6c6f3a62,0,0
binary,6ea4ba9ee0bf32c8,0,0
binary,6fd11d161263d09e,0,0
binary,733508d1a8d18cc2,0,1
binary,737952d5cbbe93d2,0,0
binary,73ad56ef191b7c01,0,1
binary,74fa52c036dcdd53,0,1
binary,765a0d1fff2c4dd4,0,0
binary,76fb47414373dcee,0,0
binary,77135a5fa3930836,0,0
binary,77f25800f08675e3,0,0
binary,79dc0f012d2de8fb,0,1
binary,7b3950341beb2747,0,0
binary,7ba235e2924b1031,0,0
binary,7bf808f9630da198,0,1
binary,7e2adbc51cc6843c,0,1
binary,7e301fe81e5efe49,0,0
binary,7ecaa89431f827e8,0,1
binary,7f2d1e26247d4311,0,0
binary,7f7207b495e61294,0,0
binary,812f4b66c9b11e58,0,1
binary,81d4f73655cda97c,0,0
binary,820f863b69d3c876,0,0
binary,8281cdd71031f886,0,0
binary,8342756fd2e93988,0,1
binary,83576a82d1c31932,0,1
binary,844ac417ba8c41d7,0,0
binary,846afd14ceb4d830,0,0
binary,8576c8cd9ac72b66,0,1
binary,863a0db425c14d64,0,1
binary,868702b626c25338,0,0
binary,8834674f91a82518,0,0
binary,88b889650cab5ab0,0,0
binary,89d361fea16391a5,0,0
binary,8a4bfbd1c2456623,0,1
binary,8acfb0fe244d25a6,0,1
binary,8ae8dafae8e4f31c,0,0
binary,8b3b57c8cfe540ac,0,0
binary,8c20a88becc17513,0,0
binary,8cae18cbf67e87cd,0,0
binary,8cdab7c2f62e7e34,0,0
binary,8fa3a39393519d95,0,0
binary,912001d7606a0b5a,0,0
binary,927fd39c2b40e69a,0,0
binary,92ea887cce8fb59e,0,1
binary,92fa0f37f31d36ad,0,0
binary,93089b1be62922c2,0,1
binary,930c38fbf4d92dd4,0,0
binary,935bd132f7b158c4,0,0
binary,93fa979f525de18a,0,0
binary,94a9428255dee55c,0,0
binary,955ab2c5ed30aa4d,0,1
binary,95f54d971828ddab,0,1
binary,97e449a9b4f931b1,0,0
binary,98038b543a8d04d0,0,0
binary,981e994548ddc796,0,0
binary,9896b799184ab1ac,0,1
binary,98b137b8e6993199,0,0
binary,996cb955168a7334,0,0
binary,9a1ca53b0d49fe94,0,0
binary,9acf380bfa6bfe9f,0,0
binary,9ae808301d8017d8,0,1
binary,9bbfdd34652d6ad5,0,0
binary,9c6ea951bfed3ee1,0,0
binary,9da7fcb1e66a05c8,0,0
binary,9e3591d1d47bb3c0,0,1
binary,9ea0dcd9868e1e6c,0,0
binary,9f665279ec0a7a41,0,1
binary,9f6e7e252a2b3389,0,0
binary,a04b8c987813e25f,0,0
binary,a0bbc320de735b44,0,0
binary,a1675204aad7d1d8,0,0
binary,a267088f2235cc1e,0,0
binary,a2809c41384e82ae,0,1
binary,a2cb17647a8adaa6,0,0
binary,a3cfeac1f66ff31b,0,1
binary,a53ffa129d45d545,0,0
binary,a58971b2a289518b,0,1
binary,a70c53f44a61be40,0,1
binary,a7dc2f434cf891ee,0,1
binary,a81f2d2d9f751d73,0,1
binary,a8307105b11472da,0,0
binary,a8d8ac96d97982ef,0,0
binary,a8fae0f4929d9aca,0,0
binary,a97ca6529759b83f,0,0
binary,a9942e7ba2f80201,0,0
binary,a9d1071b78c15826,0,0
binary,aa324f93028a9b05,0,0
binary,aaccdd132ece8d78,0,0
binary,aae8b6b9a5ed5939,0,0
binary,ab171e00636cd9ce,0,1
binary,ab942e2b7badfca5,0,1
binary,ac9dd0bdaa98722d,0,0
binary,ad15f15068625cd4,0,0
binary,ae59d3b81daf669a,0,0
binary,aed800d44b6ea3c2,0,0
binary,af0bd59dec9f31bc,0,0
binary,b01640f550cdff37,0,0
binary,b14cce2e5ffae5f5,0,1
binary,b249109298f22984,0,0
binary,b2d1b11ea8ac384a,0,1
binary,b55df74fcc3a05db,0,0
binary,b6197a696c52a3a7,0,0
binary,b6e829def3854f1b,0,0
binary,b70d4fa1b9f2cc5a,0,1
binary,b711318934aeb494,0,1
binary,b76c8afaefe698ba,0,0
binary,b86f1848fa40ea34,0,0
binary,b92a0af5f0c0b376,0,1
binary,b969d025c982d667,0,1
binary,b96b8bce012e77ac,0,0
binary,b98759b29c6612f1,0,1
binary,ba27adb71ab3ceec,0,0
binary,ba739ac003562cb3,0,1
binary,bae5164971303921,0,0
binary,baf7c1dfedc7e34d,0,1
binary,bc3858633522a72d,0,1
binary,bc5d5de3787e6f3f,0,1
binary,bcfe288e488865c8,0,0
binary,bd7ffe39f31822c8,0,0
binary,be6f29f5e3829539,0,0
binary,bed349a14453156b,0,0
binary,bf953450a81e57a2,0,0
binary,c012b17389c65225,0,0
binary,c0eb23e64a6a6320,0,0
binary,c1bbfdfe0eae52ca,0,0
binary,c2052e1f589253fa,0,0
binary,c27589147aaa2ac8,0,0
binary,c333b9c5f6f5c55f,0,0
binary,c3e2003fb48b7719,0,0
binary,c5e1f179478608db,0,0
binary,c64e0af9f68b3ac4,0,1
binary,c7c32155d43054b1,0,1
binary,c80bcd851a396be3,0,1
binary,c8c309119d10c19a,0,0
binary,c903bf65887d7ff2,0,0
binary,c989f69081b57015,0,0
binary,cb3be6b44e19e5bb,0,0
binary,cbfb76cbbf8c464e,0,1
binary,ccb260dc3ec48ab3,0,0
binary,cd1d49beebbaedd4,0,0
binary,ce3d91725c963653,0,0
binary,ce64b35c91f92123,0,0
binary,d08adbdb32861013,0,0
binary,d0f48c23292816b5,0,0
binary,d25b569dae8c933d,0,1
binary,d2d57002a8e796b4,0,1
binary,d3b97f912027cf09,0,0
binary,d514dea3b630660b,0,0
binary,d654d46168daa882,0,1
binary,d6a681798c9330cf,0,1
binary,d72d43d105503283,0,0
binary,d766b4e9c3e1fb06,0,0
binary,d7a820e84512bd46,0,1
binary,d7fe8c2f28e94358,0,0
binary,d82d8d96c572690c,0,0
binary,d86ea1bbc49e9935,0,1
binary,da8b81ee3bdb9374,0,0
binary,db7d32a5bef0a2d6,0,1
binary,dca64b5bcc1c3dd5,0,0
binary,dd4c34f46375d8f8,0,0
binary,df202ac924efecec,0,0
binary,df8498f76dd4bffe,0,0
binary,dfca20c86f9fbd71,0,1
binary,dfcc248dab94539e,0,0
binary,e071179b5714ed08,0,0
binary,e19a57483491c2b4,0,0
binary,e1baad5facae98f6,0,1
binary,e21049ca26d4e17b,0,0
binary,e21d62ebd77ba88e,0,0
binary,e43859e3d3b6fd4c,0,0
binary,e6448073db63e05b,0,0
binary,e653af3cb57ad222,0,1
binary,e6effcc9e4dba750,0,0
binary,e713b19b7b607799,0,1
binary,e7fee0391b9b778b,0,0
binary,e883dc1f8fba71ce,0,1
binary,e92f2c26f0454a97,0,0
binary,ea2032b3f9f9d98d,0,1
binary,ea27382498447c1a,0,1
binary,eac8ea9c9ce4b96e,0,1
binary,eb8f01739d619cec,0,1
binary,edcf6ad2348e5db3,0,1
binary,f2838af2ecf8de22,0,0
binary,f314376aa6e4cf79,0,1
binary,f37cd4a1f8e123cd,0,0
binary,f4fddf09b060db3a,0,0
binary,f546ff55f616218f,0,1
binary,f66b9ebd9d8ea5fc,0,1
binary,f70be3ae2ccb9a75,0,0
binary,f808b31ec94d70a5,0,0
binary,f99851762b8e5037,0,0
binary,fa3a4ce37103f5e1,0,0
binary,faaf81f0a175941f,0,0
binary,fcd1e80cda506742,0,1
binary,fd2ed403384f24e9,0,0
binary,fd5d4d4f679fef37,0,0
binary,fd81d9a14bd7dc10,0,0
binary,fd96a933e9aee1c2,0,0
binary,fdeecfb6f0caa756,0,0
binary,fe000082ec45ba93,0,0
binary,fedc90ede50f288a,0,0
binary,ff099b13c6b5c0ae,0,0
binary,00d4c60040a4113b,1,1
binary,00e0e6bb1cda13cf,1,1
binary,01c757744626fb06,1,1
binary,01d514386b0f3ed5,1,1
binary,0237cf85bb5b1641,1,1
binary,037484bc29473e6b,1,0
binary,03caa2ed5c220847,1,0
binary,04d78f54eb9d649c,1,1
binary,057b05c222de717d,1,1
binary,05b4fb748abecf9e,1,1
binary,060e3326f34ea582,1,1
binary,06c90854b86338b8,1,1
binary,06ccc5da45b5b0a7,1,1
binary,07399a3c964b0367,1,1
binary,07d72941effddb1f,1,1
binary,087de3c8a1232908,1,1
binary,09f5c2305bbd5c82,1,1
binary,0a050ce708228fb4,1,1
binary,0aabdc7aea9d315d,1,1
binary,0aba114e04e7e5ef,1,1
binary,0bbf3f99075420e8,1,1
binary,0c1637a709b4db6a,1,1
binary,0c45394fb40a423a,1,1
binary,0c867cd9d6e2cebd,1,1
binary,0cbe218edd7daa04,1,1
binary,0ed2b48dea446b12,1,1
binary,0eecfa06aacee4f9,1,0
binary,0f984a8fb571c305,1,1
binary,1128e6b64b3e6cb2,1,1
binary,126e716a8ae1cc7a,1,1
binary,12cd5238c61c056f,1,1
binary,13579f600648ccfc,1,1
binary,13ebbdae6497c00c,1,1
binary,18a22eb07bfc4469,1,1
binary,1986643737ddb42d,1,1
binary,1a349ed2a0eab75f,1,0
binary,1afd2f6a2d7a07b4,1,0
binary,1bb18df96b3cbe2a,1,1
binary,1d68fe74cfe1de4d,1,0
binary,1de2d731eec5c62c,1,0
binary,1e08751b34a07418,1,1
binary,1e0af57e270cfa5f,1,1
binary,1ec9d981cb57ce29,1,1
binary,1f1ffc0818310549,1,1
binary,2057bb5ecaa26ec5,1,1
binary,21c0143ccade8d8a,1,1
binary,256cd334ea7b72f8,1,0
binary,29087fe43aa8057a,1,0
binary,2910eb3ec35b340a,1,1
binary,29c92bac2f4ce552,1,1
binary,2aa5c90c6d21e854,1,1
binary,2afc3410cc30a0fb,1,1
binary,2d0d208b68caa437,1,1
binary,2e044334204d29b8,1,1
binary,2ec64a4a871e2c2e,1,1
binary,3087f362a0b2582c,1,1
binary,322fe93021c02996,1,1
binary,35070d9d04d1029c,1,1
binary,36462e98ee0009a5,1,1
binary,36d2baa77cfa3218,1,0
binary,37dec292a998a02d,1,1
binary,37ef6b43966c46a8,1,1
binary,37ff303ef696dd4c,1,1
binary,38fc70070ac243d8,1,1
binary,392b076638be165c,1,1
binary,39842b2c477edb35,1,0
binary,3a9402d62a2c4d7b,1,1
binary,3abc38439807fafe,1,0
binary,3ae88636a81b93b6,1,1
binary,3af97bdf0f5886d9,1,1
binary,3b1f840afdf3face,1,1
binary,3b3756e06d36df51,1,1
binary,3b6414d03d1c90fc,1,1
binary,3da4a3b32bd1d2d7,1,1
binary,3e48ff33897f2f88,1,1
binary,3eb513585726c01c,1,1
binary,3f39ad5bafe85c06,1,1
binary,4062756ca7b01376,1,1
binary,40e701704df13a19,1,1
binary,41b0f25e6c306cd9,1,1
binary,42800ca164333314,1,1
binary,42c7d8459645c28b,1,0
binary,430f0b1d6b3e5893,1,0
binary,4453bc7143a662ff,1,1
binary,44a62edf05be227d,1,0
binary,44f4479f9d2470d5,1,1
binary,451a3c89742869a6,1,1
binary,4552192ffe8c90ee,1,0
binary,45912b07802f1291,1,1
binary,47343a7e90a010ce,1,1
binary,48639e1ca252f9bc,1,1
binary,488547a66033fe2a,1,1
binary,4967401360cdfbdd,1,1
binary,4a3bd7d4ccf39361,1,1
binary,4b57907d1c7eaf37,1,1
binary,4c20fbd00b99c9db,1,1
binary,4c3e59dfc5f0ac16,1,0
binary,4c4555923cdf0aab,1,1
binary,4d19255906133e09,1,1
binary,4d7a8b7ff17cff82,1,1
binary,4d9e2830aad9e0f9,1,1
binary,4f156c87afa52206,1,1
binary,50db8bce23426480,1,1
binary,51374779396d1341,1,1
binary,51df37d7d93fd86a,1,1
binary,539d69a488102dec,1,1
binary,53aa0b078ea062b6,1,1
binary,544381f50a1f1967,1,0
binary,547a1db3e554beb1,1,1
binary,5552a6b8f081219c,1,0
binary,5812d92686fe651f,1,1
binary,5825393b9acc3dfc,1,1
binary,58ed106a3737dda6,1,0
binary,59d3a80bf61e6eb6,1,1
binary,5a0c2313a805b67c,1,1
binary,5ac7d8178a0e7122,1,1
binary,5b68a4aba1ee2a4f,1,0
binary,5c4cc4aed19d3ae3,1,0
binary,5e1319e7c965eddc,1,1
binary,5e17af3ef631245d,1,1
binary,5e5fbe696f49ed3b,1,1
binary,5ec8eb102ff2cbe1,1,0
binary,5fe381f4efe8c84d,1,0
binary,5ff5d8def91dd219,1,0
binary,6011b2ced1236b18,1,1
binary,625798c55e3a6d59,1,1
binary,62c22d9e9e18148b,1,1
binary,6451133ad2a98933,1,1
binary,657f2f2cc8300814,1,1
binary,66ccba354ad2fd19,1,1
binary,67b27ae9fd87d5d1,1,1
binary,6b6b98b26f22ca52,1,1
binary,6b7eefc1c356e76b,1,1
binary,6dac9bce0a7e8f78,1,1
binary,6e16b21531d6de03,1,1
binary,6f3d90bb47327835,1,1
binary,6f6ecc81841b1a3b,1,1
binary,6f72ba6be1ebacba,1,1
binary,6ff083002c612640,1,1
binary,706d97915eeaa394,1,1
binary,7092d849367e5fc3,1,0
binary,70d718fc6ea27d0e,1,0
binary,73641a6f5db945f2,1,1
binary,7379a12b0ec895c5,1,1
binary,74b428769e84ae6d,1,1
binary,75b08d5f434907f4,1,1
binary,76fc8c094c0bb995,1,1
binary,77ba395605349faf,1,1
binary,78ac39b425442d03,1,1
binary,78f0532171f771b1,1,1
binary,791b0fcd494703d8,1,1
binary,7982ce25558a77dc,1,1
binary,7aa0259626eec83b,1,1
binary,7c430c626da57845,1,1
binary,7c5e2a57fff4174a,1,1
binary,7ce6c47e1a5da66c,1,0
binary,7d108903f7ccc83c,1,1
binary,7d95e32e66586e78,1,1
binary,7fcdc85ad762cbcf,1,1
binary,80fd726518200e96,1,1
binary,81f1c2a788bcfa94,1,0
binary,8212348f71dc0e08,1,1
binary,826c5a934a7fa837,1,1
binary,84b8056f541e00eb,1,1
binary,865664b7a8bdda4f,1,1
binary,87fac76a4330822f,1,1
binary,890e8b1a30f69fa2,1,1
binary,8956f2b60349bb05,1,1
binary,8ab7a107f755a8ea,1,0
binary,8c52c8a5f95952ae,1,0
binary,8da3516f23925af0,1,0
binary,8e6b26c2ce66fc45,1,1
binary,8f058205ff83c552,1,1
binary,8f531dd994d6dcf9,1,1
binary,90084f7c7f999d35,1,1
binary,903ad9bbaece7f59,1,1
binary,905211eed84d00d4,1,1
binary,907542977840fc03,1,1
binary,90f7dafa779e6315,1,1
binary,9191edafff71d801,1,0
binary,929a830965f07bd2,1,1
binary,94068e0d467f48fa,1,1
binary,966424abfeb8ab48,1,0
binary,990e62e74d6211b5,1,1
binary,99c8e9454e33924f,1,1
binary,9a52423366c2a9b3,1,0
binary,9a8416b8a2dfae49,1,1
binary,9abe1659de334882,1,1
binary,9b030cb6d96b5327,1,1
binary,9b1c733fc41efbf0,1,0
binary,9b7ce0f9f3dba90e,1,1
binary,9c2934f6909768da,1,0
binary,9cf8d67ca8fa8a1f,1,0
binary,9d2ee2ee2ad483ea,1,1
binary,9eba5158b5855a5d,1,0
binary,a0188e63603ac825,1,0
binary,a18a27dab768356e,1,1
binary,a1f3fa5ec8bd6dff,1,1
binary,a20c2d0d9ce6c3b4,1,1
binary,a213ee69ff7821da,1,0
binary,a228da7215859dfb,1,1
binary,a2c4d15b15608835,1,1
binary,a3396da3d00fd61f,1,0
binary,a4d0e548466f455e,1,1
binary,a733220b3da6c419,1,1
binary,a8e70911cb0dcd6d,1,1
binary,a95e86f22337ec12,1,0
binary,aa405afe6519d3e9,1,1
binary,abc02637c091fc8b,1,1
binary,abc2dee43a1e5730,1,1
binary,acff632c9447b138,1,0
binary,aeb8d81692c29399,1,1
binary,b132e47a907d85f4,1,0
binary,b26b49a7aa52f05a,1,0
binary,b26f1735338947f2,1,1
binary,b29a8be8228409f0,1,0
binary,b375d57eff2b32ab,1,0
binary,b45cffcc93bc5251,1,1
binary,b46c3330e21f7ce7,1,0
binary,b520eb3bc75536c9,1,1
binary,b5dba845c9f9a6c4,1,1
binary,b806bfbed85e12b1,1,1
binary,b88d53ef707414af,1,1
binary,b99e3cdaf2bdd50c,1,1
binary,ba4a553287b68707,1,1
binary,bb71321a6052788c,1,1
binary,bb9ece2f5a045af7,1,1
binary,bbebd761570c77c1,1,1
binary,bc268846f83eaeaf,1,0
binary,bd02d2ee1744aebb,1,1
binary,bd3312c0bc496127,1,1
binary,bdbab061756d2669,1,0
binary,be8bf99ef8779370,1,1
binary,bfbb0ac9cf5e5ad6,1,1
binary,c0acf4c3fde88db3,1,0
binary,c5ce33b00f068ca3,1,0
binary,c5fdd2d3a250bcf0,1,0
binary,c6749a64155ca963,1,0
binary,c6b754319220bd76,1,1
binary,c702d817ddefd685,1,0
binary,c79d7cc159c0747c,1,0
binary,c905d366dece7d56,1,1
binary,c91ef9c038547ed6,1,0
binary,cb1fd6feef6c8f41,1,1
binary,cb4e7a5acb481865,1,1
binary,ccba5230bc5174a1,1,1
binary,ceb98f264e8b885a,1,1
binary,cefb99f35aa45dbb,1,0
binary,cfef1f639737a055,1,1
binary,d4a3579c53ad9d2e,1,1
binary,d6ceec39f9fd9710,1,0
binary,d871ed3600858739,1,0
binary,d901fb23315078a7,1,1
binary,d9811fab32024bd7,1,1
binary,db5f6b796e2f9099,1,0
binary,db6b6c6b08009030,1,1
binary,dc27025cdd9f7020,1,1
binary,dc310e6361ff6fc8,1,1
binary,dcb18e19c6a88230,1,1
binary,dd17e51950634b74,1,1
binary,ddda838488a240ad,1,0
binary,de963c9db89982f0,1,1
binary,dfa9a797d4d906c5,1,1
binary,dfe091c981e4420f,1,0
binary,e1944f7fa68f2c6e,1,0
binary,e2bef552be6c937d,1,1
binary,e44874472d68e7e6,1,0
binary,e63c57fe8b19a67e,1,1
binary,e8c7ab6e8068f14b,1,1
binary,e98b8c10ce21fc06,1,1
binary,ea003660fd6c0725,1,1
binary,ea7f402f509b2f15,1,1
binary,ead0af6bcc062f06,1,0
binary,ec80fe5cc0ce08af,1,1
binary,ecf0e9e31bdbeaf2,1,0
binary,f147a73f29c46f4d,1,0
binary,f5ea01627d065eb8,1,1
binary,f636f6620067f9a6,1,1
binary,f835c766cbbb587e,1,1
binary,fa7ab0bb43710dd0,1,1
binary,fab7ba67ca835509,1,1
binary,fb4b8d6b6e0b51a7,1,1
binary,fbdf064773c4ca66,1,1
binary,fc4913ef036a270f,1,1
binary,fd3205c51ec31482,1,1
binary,fd46d5a3ec0dfcfd,1,0
binary,fd982389d1abf071,1,0
binary,fe53c73942a9a89c,1,1
binary,feb5ae1e3f35b424,1,1
binary,fec4e5792239fbe4,1,1
binary,003c7b81271b4aad,0,1
binary,0040dba5f42b34ae,0,1
binary,0043aab9844e9571,0,0
binary,01de8dd5f943a22d,0,0
binary,020db60a97b61703,0,0
binary,030e639653fc063f,0,0
binary,03448869fcfe274c,0,0
binary,03c2f2282e7b6ad5,0,0
binary,03d9d70a0c4b9021,0,0
binary,042a88133bb0c863,0,0
binary,0536ba9e6027cadd,0,0
binary,06bd001fd21c0391,0,0
binary,08338a50a96a0f80,0,0
binary,084d8cc722b03ce9,0,0
binary,0860cb76d017aa02,0,0
binary,0863c6ae63d197dc,0,0
binary,09045307a82529a4,0,0
binary,0a191e6ff24f8e35,0,0
binary,0a226657b47ab590,0,0
binary,0c865c5bfee6d7c3,0,1
binary,0edcc5b3ba339b0e,0,0
binary,0f0243cf2d6f62b1,0,0
binary,0f234d8b9c02eddf,0,1
binary,0fef77c6633f163f,0,1
binary,1150b84fc8dfdfdc,0,0
binary,11e2ae4b8757c01d,0,0
binary,1239eaee0ecc159a,0,0
binary,1254bc65814111f3,0,0
binary,12796e4a361d3c2d,0,1
binary,144847a4b86e40ac,0,0
binary,147367d9f31439bb,0,0
binary,14e5d143d3722894,0,0
binary,154d4cf2c8b10810,0,0
binary,16429a2cc506f25b,0,1
binary,167d927580ea4e71,0,0
binary,168d14a10b5baa8a,0,0
binary,16ef5c4d8ad92b1d,0,1
binary,1847a7c58e5f9406,0,0
binary,18ce15051c30ed78,0,1
binary,1aad7e3a9eeb1dd8,0,0
binary,1bf0d5e27ead6153,0,0
binary,1d37c1797fee0a91,0,0
binary,1d7f8f6c8975de40,0,0
binary,1e49f5846ce183ec,0,1
binary,1e847b39380d9c06,0,0
binary,1e87529afbaa75e9,0,0
binary,1f8276aaf9665926,0,0
binary,1fab5bfbfc12ecc6,0,0
binary,219932bcb5259bbb,0,0
binary,2244bd372c28d82f,0,0
binary,2287dee2d53281b2,0,0
binary,229da56dcc3b2cbe,0,1
binary,22aff46dffc1aca9,0,0
binary,231636a89c97d511,0,1
binary,23b03ef4eea8a83c,0,0
binary,258f5efac657d8c8,0,0
binary,25a67b11355a875d,0,0
binary,261b10e1238afd1f,0,0
binary,2659af9181615a8d,0,0
binary,26bb5ccba0a96427,0,1
binary,28757ea14fbf6344,0,1
binary,294dd9dc6090bc35,0,0
binary,2985574e4dcb4767,0,0
binary,298c9e2d7935f635,0,0
binary,2a246fcfb726683e,0,0
binary,2b2ee00be98cd4ad,0,1
binary,2cadfe6ceceb116f,0,0
binary,2d5eefb64a58329b,0,0
binary,2d688d3ba89348c9,0,1
binary,2d8c772a5980baca,0,0
binary,2e0e3be9bcb0c262,0,0
binary,302ec50757439a5e,0,0
binary,316e64de0d47af23,0,0
binary,3284bbbfba6ca911,0,0
binary,32f8ad84f385c1e6,0,0
binary,333b95fcd26265fa,0,0
binary,35dd80d4e10079b6,0,0
binary,36ff005ab5af0a5b,0,0
binary,37d280c6c209b4a7,0,0
binary,38489a0d11ac5700,0,1
binary,38fe96b87ef17f56,0,0
binary,391f5be23ee01fc0,0,0
binary,39323400a92fb1fc,0,1
binary,3941ef2be8b922c8,0,0
binary,3a4cdcd115f766fd,0,0
binary,3a6555311a3191ec,0,0
binary,3aea50ee69fc67bc,0,0
binary,3b44a350abd95430,0,0
binary,3c379f51c2435838,0,1
binary,3e1208b764505569,0,1
binary,3efd944c99b12461,0,0
binary,3f279efd2cc2c6cc,0,0
binary,3f9e229072d89882,0,0
binary,3faa4fa19d4094ec,0,0
binary,40852bd0376aa19b,0,0
binary,40858be6f56f0040,0,0
binary,4121c96b01b9a893,0,1
binary,4125b9386481455d,0,1
binary,4153344967e9f20f,0,0
binary,42fc0af6b3cbcad3,0,0
binary,437db3cf130d6c83,0,0
binary,45b19da57773d6b4,0,0
binary,4678e99dea9234a1,0,1
binary,46da6ab5ab685aa7,0,0
binary,46f81156251c8a59,0,0
binary,477216ec57fb08f4,0,0
binary,48acf658260cf068,0,1
binary,48f2af64cb7f8242,0,0
binary,494cfd6d83893475,0,0
binary,495db9bc4953971f,0,1
binary,4e7528b1b3e905c3,0,0
binary,4e881a61104af00e,0,0
binary,5121bd2922c2de89,0,1
binary,51a509c0823b5b76,0,1
binary,524b20360fffbfc5,0,0
binary,5416fba07fe4b77b,0,0
binary,546bf45caf2c6d36,0,1
binary,56bf7cccaccbebd7,0,0
binary,5813d58755502e66,0,0
binary,589c41eca3a9bb55,0,0
binary,590e6f16e845cc5e,0,0
binary,592082498811af17,0,0
binary,5bee984f2bd289fb,0,0
binary,5c2e00b7ea5a9411,0,0
binary,5d0578d955bd408e,0,0
binary,5d60d338593eb872,0,1
binary,5edd376efecf4ee6,0,0
binary,60080ad25fe5f5f1,0,0
binary,60a2d31c04fdb229,0,0
binary,610b8888b5d62e3a,0,0
binary,61755b371d3ccef6,0,0
binary,627a102f6f0e4eeb,0,0
binary,6313ecef840f9c8f,0,0
binary,638c60891b0f2dcd,0,0
binary,63ba23e183034549,0,0
binary,643fb8ab07814746,0,0
binary,65a4004e17870613,0,0
binary,6643ceee10e85622,0,0
binary,665691439cca28df,0,1
binary,665eb747ea2dd8a9,0,0
binary,66ba72ed0be0f6e8,0,0
binary,6896b60d8b0155e1,0,0
binary,693e72e4ad0f85bf,0,0
binary,69c73d7ac5658485,0,1
binary,6c1dc45ea4e832a4,0,0
binary,6c7bc3fd6f21f8da,0,0
binary,6c954cf5c49ee22a,0,0
binary,6e4a4891141c005a,0,0
binary,71920de8964ba178,0,0
binary,71ce76904299c00e,0,0
binary,72a71a62ce0cf0e3,0,0
binary,74b43eee58983396,0,0
binary,7538538d38083f06,0,1
binary,75d3bbdfe54bdb7c,0,1
binary,75ee3d82f8bfec25,0,0
binary,76de29821321bd8d,0,1
binary,77eced14290a34c1,0,0
binary,797a90c9c36093a6,0,0
binary,7a431675b15c7902,0,0
binary,7b5847138f41f09e,0,1
binary,7c923ac3d9baadfd,0,0
binary,7e753e594e1f6605,0,0
binary,7edd503537b928e7,0,0
binary,7ff54f313bfe0a85,0,1
binary,804a7c2d8465c38a,0,0
binary,815f3f3ce5adfa81,0,0
binary,8201e5e8f573da24,0,0
binary,833c03598540fc6f,0,1
binary,841d46a5803f7724,0,1
binary,8495bc9bd704a665,0,0
binary,860ccd91933678c3,0,0
binary,86e479d257656f6f,0,1
binary,873f88611693401d,0,0
binary,87a57fea6c2adcaf,0,0
binary,883190bc72591fce,0,1
binary,8841cf489a6b8557,0,0
binary,8c86a1e2b446af95,0,0
binary,8cdacb3f9e3c2394,0,0
binary,8d851d72a60086d8,0,0
binary,8db2aa9273f6b7e2,0,0
binary,8eb62a9d6de4b291,0,0
binary,8fec0daddd275869,0,0
binary,8ff0987ae36d6ad8,0,0
binary,9045921a818243ce,0,1
binary,91f222494349e83a,0,0
binary,92cd4a9c9ea49c9d,0,0
binary,938d1a5bfa5a4120,0,0
binary,9453d88c28114a23,0,0
binary,96d63917b54b57aa,0,1
binary,96de618f8a63c7dd,0,0
binary,970fa6af58d5c2e2,0,0
binary,9808e5b172b113ba,0,0
binary,9872ca279ebf4ddf,0,0
binary,99305ee7150a56e6,0,0
binary,996684adcf1a3961,0,0
binary,9a2fc70b8c130f4f,0,0
binary,9a663b7580292728,0,0
binary,9a8f6b1f62296f8f,0,0
binary,9bfe41857218f555,0,0
binary,9c69626d5e239071,0,0
binary,9d0084396c56b8ff,0,0
binary,9ea604221104fbb9,0,0
binary,9f20ff9ae94e4ce0,0,0
binary,9fda3a2da3ad15a8,0,1
binary,a01658522745ff1c,0,0
binary,a044bd1123273136,0,1
binary,a111b6ec0778886b,0,0
binary,a1866c3ad35dbf93,0,1
binary,a1a7c5fa500c3ce9,0,1
binary,a224c1b76dfa1105,0,0
binary,a23908f519abe14e,0,0
binary,a35b2e17b6c89a31,0,0
binary,a4b338d65d5557da,0,0
binary,a62edc37e96613c5,0,0
binary,a65e865665043161,0,0
binary,a807f8600e394020,0,0
binary,ab6cf585fc875898,0,0
binary,abbecee469bfd679,0,1
binary,abdc64d3e436b9e0,0,0
binary,af5df3c7aa4f9178,0,0
binary,affce4a1dd287503,0,0
binary,b00756bcaca4c480,0,0
binary,b228588e44b55f1e,0,1
binary,b26912842e1240b7,0,0
binary,b38f2958d0ad3b5d,0,1
binary,b3a47f6da0dc3860,0,0
binary,b4813b4d01032b9b,0,0
binary,b6e3246d99b95460,0,1
binary,b7e9470ad35f2b20,0,0
binary,b965bd9275ae5f0b,0,0
binary,bad0ddcaadaf0653,0,0
binary,bbba55eab9753ebd,0,0
binary,bcc1e804e5609d8d,0,0
binary,bd297af5df9de22a,0,0
binary,bdc7ab1e941cd6cc,0,0
binary,be47c619885625c3,0,0
binary,be782173b70bd944,0,0
binary,bea30951a66bd3c0,0,0
binary,bed47a431d3762fd,0,0
binary,bf54bbf7bb600512,0,1
binary,bfed31f2fbcc0227,0,0
binary,c016fd7271ccb7c4,0,0
binary,c108dcc485655c16,0,1
binary,c2867930c912d0dd,0,1
binary,c2e0ab386ffda1be,0,0
binary,c2ea272d393f5f08,0,0
binary,c360bf760bbc1e10,0,0
binary,c39e3b109365cfff,0,0
binary,c410273f01cff762,0,0
binary,c47b1f923efaa59c,0,0
binary,c47ddb67b2219ee9,0,0
binary,c55f1f773a010761,0,0
binary,c5786ccd507fb7fe,0,0
binary,c6ad0859d9d209e4,0,0
binary,c6e56ad9a6d2ca86,0,0
binary,c826a11406672037,0,0
binary,c8d01373145b7afb,0,0
binary,ca6b946ff4c305dc,0,1
binary,caa3f8a7b8f188d7,0,1
binary,cb2b4f9b529214d9,0,0
binary,cb96b5d7eb1bb2a5,0,1
binary,ce417728b69f9d0d,0,0
binary,cf2235623793b23e,0,0
binary,cf3aca3397a12b42,0,0
binary,cf6b39666e83d1ea,0,1
binary,d085a367d9c3c7d7,0,0
binary,d1f2a93f09c89e68,0,0
binary,d2e702089eddb7d3,0,1
binary,d3e16ee11d971ee3,0,0
binary,d4617d9814a2dad2,0,0
binary,d51a6f4865406ae2,0,0
binary,d5c678f3206d24b1,0,1
binary,d6573a76165e3394,0,0
binary,da17e7af6d193e55,0,1
binary,da4cda163e7be933,0,0
binary,da4d8b43cef2d362,0,0
binary,dc0c88c2f27a6151,0,1
binary,df3f08ac700ee382,0,0
binary,e0362445b91569ef,0,0
binary,e179bd6f9916ca87,0,1
binary,e1bb2942ec8cbb55,0,0
binary,e1cc59f5683210f3,0,1
binary,e2ea8969bd71f015,0,0
binary,e2ede77a798b8b3e,0,0
binary,e416a86adcee288a,0,1
binary,e4219f469668dc3e,0,1
binary,e43e70bea80f5f5b,0,0
binary,e474734e4f815bdb,0,0
binary,e5d4696bdb557442,0,0
binary,e62a17f7407d5a6e,0,0
binary,e689ef89441d7ef8,0,1
binary,e9aeec6a461efbda,0,0
binary,ea23a11506b0a666,0,0
binary,eaa20013cc8187bb,0,0
binary,eac7976af8a1554e,0,0
binary,ec47446154881d01,0,0
binary,ec646af6f03928d8,0,0
binary,ed42026e226552f7,0,1
binary,eda1ee46642087c3,0,0
binary,ede9d9f2b61116b9,0,0
binary,ee8b9c11abdd2a17,0,1
binary,f050bf1dfaaacfa8,0,0
binary,f05d9ed4078018ad,0,0
binary,f192d39570aa6ebc,0,0
binary,f212795d2769715e,0,0
binary,f254cd75e5dcc3f5,0,1
binary,f25fdecd90377ab8,0,0
binary,f28d074649587a4a,0,0
binary,f2d3bdd8de14e486,0,0
binary,f35c430af896f708,0,0
binary,f422b7832864da12,0,0
binary,f437f957d868f078,0,0
binary,f55250db0688ea66,0,0
binary,f7b826ae0dbf0333,0,0
binary,f853fc1f59e6bacc,0,0
binary,fb1abc288de4648b,0,0
binary,fe3e2366f842b7a5,0,1
binary,fe6ca7fbb2320590,0,0
binary,ff226f8b371a625f,0,0
binary,ff29f81030f20d49,0,0
binary,ff6ed42e07e13df2,0,0
binary,ff73765bd2cc1bb9,0,1
binary,ff9836dfdaf074e8,0,0
binary,fff461fa30f728d6,0,1
binary,0166dc70aed93e57,1,0
binary,0342ccfc6523e40f,1,1
binary,04412d676f9cc363,1,0
binary,0517e3d4f51ff998,1,1
binary,060ca1e43b22f024,1,1
binary,0642f3034448ecb8,1,1
binary,085c54cbcb178da7,1,1
binary,085f3d27ca2ccf5a,1,1
binary,08b7b99e842020d9,1,1
binary,0940d4e5752c1d6e,1,1
binary,0a0f3256560de0f4,1,1
binary,0bd37052551936bd,1,0
binary,0d69d0416d45f76a,1,0
binary,0dcf56a7ef99a8cf,1,0
binary,0f2bc2f8ce530fca,1,1
binary,0fd8368289bed029,1,0
binary,0fe190cda5dcf04f,1,0
binary,102e785283dcf6f1,1,0
binary,10c24a3aef9ef646,1,1
binary,12a8789b4a196e92,1,1
binary,1347652cad0e0a67,1,1
binary,152cf43bc8a644db,1,0
binary,15c7e4cb14bf5780,1,0
binary,16eb05a0fbbc578d,1,1
binary,1a2450c3b0857d18,1,1
binary,1e4e336e1141e2cc,1,1
binary,1e4eee826b9505c9,1,1
binary,1e67a37241fc93e6,1,0
binary,1f59885058bb7906,1,1
binary,2159ba0d050c1b69,1,0
binary,226a194512ceeecc,1,1
binary,228a0c98c1242bd8,1,1
binary,22e37294e0088ae7,1,1
binary,2458c04701831ae1,1,0
binary,24a4fbec5a9a9390,1,0
binary,24aea0d5b1d19517,1,1
binary,24b152d80a911634,1,1
binary,26691866b094f362,1,1
binary,26e23618761be274,1,1
binary,27686eaf764786c1,1,0
binary,282622c73df9741c,1,1
binary,28973b2ace19c7d9,1,1
binary,2912dfeffe244b61,1,1
binary,29a2e8fe85de8e9c,1,0
binary,29d44dda6dd6ad98,1,1
binary,2a109bf8446ec27d,1,1
binary,2a94cd4744cb1ad9,1,0
binary,2d3ab5c4ab5fa688,1,1
binary,2d7363b778990631,1,0
binary,2ede1cf067715c4c,1,1
binary,2fcbf7370c8f9e85,1,1
binary,3048bc4d905709fd,1,1
binary,324aa86478251cd9,1,1
binary,35f5609b4003e1af,1,1
binary,3674886013769019,1,0
binary,36c2e839a4510a86,1,0
binary,36d8d7c6243029c0,1,1
binary,36d8e7c4437725e5,1,0
binary,388b258fbcef56f5,1,1
binary,396e01760c43a555,1,1
binary,39abd85b2a1e5182,1,1
binary,3a9a4ad41cc1aec2,1,1
binary,3c8f9a0e79ce4f72,1,1
binary,3dd9d0c992568c2d,1,1
binary,43b9de686df4f48d,1,0
binary,43ee5b38717dae11,1,0
binary,45174b27cdbfbf00,1,0
binary,470938433b5918b9,1,1
binary,478e8e91078bce3d,1,1
binary,488f0baa27070784,1,0
binary,4922397da8fdfcd7,1,1
binary,4c22408a21ed4c19,1,1
binary,4c27e5c51fcd9715,1,1
binary,4e1a2f23ee15aa98,1,0
binary,4e67b154b75d86b1,1,0
binary,4f40b6a6d3033eb6,1,0
binary,4f6a6965e9d3801c,1,1
binary,51327df8ee5d36a1,1,1
binary,52ff991762787c8a,1,1
binary,53fdd34b16c170ab,1,0
binary,54d1cd5824003cb7,1,0
binary,55b6c2fb289a3576,1,1
binary,56a841ea20fd3861,1,1
binary,56f0557a301207e6,1,1
binary,57dd66d6e815f4d9,1,1
binary,5820f5ddc7cbe6d6,1,0
binary,59e55cfdc1556234,1,0
binary,5bb503d319ccda72,1,1
binary,5c765af02a3421d3,1,1
binary,5c88d43435df76bd,1,0
binary,5d520065bef491a0,1,0
binary,5e236b607bc3b597,1,1
binary,5e69cce58064cad2,1,1
binary,5eae90ed0087408e,1,1
binary,5f1a8d515db69a94,1,1
binary,5f6d25e1c80473f2,1,0
binary,6026798716f2fbc5,1,1
binary,60692849cf6ff4f5,1,1
binary,6081940079aab05f,1,1
binary,60d367123d7c1ddd,1,0
binary,60e32511e6408616,1,0
binary,62af7954f2b8d0ab,1,1
binary,672bf5860749f092,1,0
binary,6758ba7589b2a883,1,0
binary,6a542747d67a04bc,1,1
binary,6db8d26692d33de5,1,1
binary,6e90f9740add593f,1,1
binary,6ee4bed0ed6ccf2b,1,1
binary,6fc23ebceee67e5a,1,1
binary,71801a3be7e79bcf,1,1
binary,725eb23a19aeba05,1,0
binary,7291b8f82dcc1665,1,0
binary,73dd4f89873251e5,1,1
binary,73ed25b4ca24ca38,1,0
binary,7654571ebec5b5f5,1,1
binary,76ac1a6f467587a7,1,0
binary,76ca5ec86da6da79,1,0
binary,76ce774cdf50f214,1,0
binary,785af1f1e2df3949,1,1
binary,787bc804ce0c8340,1,0
binary,7b29f6c8a811162e,1,0
binary,7ba6ab51ed21256f,1,1
binary,7c2f7c21e3c2d436,1,1
binary,7c949ee391dc59d2,1,1
binary,7d6d2da5e2bd6f5d,1,0
binary,7debfd3cf748bbab,1,1
binary,7e9aab86dbc85592,1,1
binary,7eeea413cd38e26b,1,1
binary,7f435bda65091f28,1,0
binary,80c1a200bd4d0e56,1,0
binary,82824225c7831530,1,0
binary,833aee87be798346,1,0
binary,8421633c9afb866c,1,0
binary,868583907bb54018,1,1
binary,884631900a9de876,1,1
binary,888e951dcbd50e74,1,0
binary,8d7cafe7e9a051b3,1,0
binary,8da49d2264c8dd18,1,0
binary,8dbed98b3349187c,1,1
binary,8ee4f589a6fd48e2,1,0
binary,91b74eb660247a42,1,1
binary,948abda1b97ff5dc,1,1
binary,95c391e6bb400d14,1,0
binary,988031b7a17362bc,1,1
binary,9a380fb9f51bc6ef,1,1
binary,9abe4248c5739508,1,0
binary,9af567f23ee1a59b,1,1
binary,9b7a43da44101ac5,1,0
binary,9bfd86a2abb804d1,1,0
binary,9c07693dc95ceb63,1,1
binary,9e744a1f3a4ccec7,1,1
binary,9ec5c960542b2e67,1,0
binary,9fa5d346919ce804,1,0
binary,a145f34335551cd7,1,1
binary,a192a74c2a8b63c5,1,1
binary,a1fd288536931743,1,1
binary,a209d261fd17c5d9,1,0
binary,a210fa10244385b0,1,1
binary,a48c4e10f6cb50d6,1,0
binary,a5d50d86cb568fbe,1,1
binary,a745cac5626c8a7b,1,1
binary,a78d9d8ab540f1e6,1,1
binary,a814b28577ec281c,1,0
binary,a8ee26c0e3fbba31,1,1
binary,a9a7c54dd50518bb,1,1
binary,a9fe30fc19476ee9,1,1
binary,aae0cdb82cef41dc,1,1
binary,aae4206c5c0b576d,1,1
binary,abb72cecc82f702c,1,0
binary,ac696bd25ff8809b,1,1
binary,ac8ad75d8b614091,1,0
binary,ad293a7c68b664bf,1,1
binary,ad6f856081f96c15,1,1
binary,ad7976704ff3c64e,1,0
binary,ae3aeebde2c7addf,1,1
binary,b020c360880cd173,1,1
binary,b0c93530255ecca8,1,1
binary,b10fdf28afe7b386,1,0
binary,b1b32f78bc73e981,1,1
binary,b229854c750f133c,1,0
binary,b2add01d569226c3,1,1
binary,b2c673332a800811,1,1
binary,b62e928440dc2b66,1,1
binary,b8f3c19278859e44,1,1
binary,b9bad2a59e1de58e,1,0
binary,ba3da25a518aaf06,1,1
binary,c0ca2bd47d2351e7,1,1
binary,c1c83a25c6647c97,1,1
binary,c1fa764f65bee145,1,1
binary,c26b89dc7af8f49f,1,0
binary,c2d9744a2df78bd4,1,1
binary,c2fa17aadce2f17c,1,1
binary,c34d73408deebf32,1,1
binary,c37570a33558371f,1,0
binary,c3f9002068514b9e,1,0
binary,c4429a34d59615bf,1,0
binary,c5fc1e067dbf1baa,1,0
binary,c8aa5be62274f311,1,1
binary,c9874e8197c91e9b,1,0
binary,ca19d84ef93ca1f7,1,0
binary,cb3cb06147db4287,1,0
binary,cbeb8c3def6edb40,1,1
binary,cd5cbe1486ef5c90,1,1
binary,ce12cd051a0aaaef,1,0
binary,ce96a6272193a5ac,1,0
binary,cfcabc450072c54e,1,1
binary,d0a1d43371c8bd7e,1,1
binary,d0c2bdd5eac14a16,1,1
binary,d151aeed85dfcbb6,1,0
binary,d28c0e7b87cf22f6,1,1
binary,d3521704651bc187,1,0
binary,d38cf969d4fac641,1,1
binary,d3d2f85e8d1a0ccf,1,0
binary,d419e0c6655ab39b,1,1
binary,d50f8afba7286bea,1,0
binary,d51fc9badb8f5449,1,0
binary,d52f2b61e00d4714,1,1
binary,d951cb0c064918f9,1,1
binary,da572c7f7fdd7369,1,1
binary,dbade1b7b4ca1a6e,1,0
binary,dcd2053e21974aec,1,1
binary,de701fbecac2c0b4,1,1
binary,e00dc06a0f6e68ed,1,1
binary,e05e8e9e6e6e13ef,1,0
binary,e11aa506fe60db61,1,0
binary,e132e5509f373ed5,1,1
binary,e1666b189aeeb09f,1,1
binary,e18a6a21a67bb794,1,0
binary,e2368c050b9a2715,1,1
binary,e24f4983223900d0,1,1
binary,e42374227aa57ff4,1,1
binary,e44d00bb938aead4,1,1
binary,e4a5d01bbe9546a0,1,0
binary,e6cb11e156e25a4f,1,1
binary,e72fc605b53e3ef9,1,1
binary,e733a9cf927ab3c4,1,1
binary,e84afaee81fbe7c6,1,1
binary,e8f9013c90751c8b,1,1
binary,e9b3f0a010b98156,1,0
binary,ea374c9d16977cb4,1,1
binary,ea430d4bf63ca65b,1,0
binary,ea6781aaa9c582dc,1,0
binary,eab74ad1fe64af1e,1,0
binary,ebd875e9dca93af3,1,0
binary,ec567766cb777de3,1,1
binary,ecc8a3af266e4b4d,1,0
binary,ecec61ea6943bc94,1,0
binary,ed0709b8c988f830,1,1
binary,ed698505dd9221be,1,1
binary,ed76e87f0d26ee27,1,0
binary,ee02fe73c92288ff,1,0
binary,ef06e2d567f52bcc,1,1
binary,f0a1b00bc27cd271,1,1
binary,f10fde295add107e,1,1
binary,f2b836c9061cd97f,1,0
binary,f36539cb491af03c,1,1
binary,f3abad1f9aad53c9,1,1
binary,f47f0ee43a834b60,1,1
binary,f481691bfd0608ee,1,1
binary,f515fe9bfa5e1f2c,1,0
binary,f681639e00f69436,1,1
binary,f8db752b40eaa13c,1,1
binary,fa4fc11345181996,1,0
binary,fbc9cfe7c621afbd,1,1
binary,fc9f752fc36ec3df,1,0
binary,fd6bed8bca366f86,1,1
binary,fd9190f6d0797428,1,1
binary,0006bff7bee18fa6,0,0
binary,0239a0dd378451f5,0,0
binary,02ee4e6395f030ce,0,0
binary,0330ce5f545226c1,0,0
binary,063e19eb7448be15,0,0
binary,06432aa71b181891,0,1
binary,064b8c93283c2ecb,0,1
binary,06bd70b6f8e97bc4,0,0
binary,079145618c97ca2b,0,0
binary,07c9dd6980eb1f07,0,0
binary,07fcbaf088f9298d,0,0
binary,08529404bad2b267,0,1
binary,08785b58ce153e6e,0,1
binary,0914cdc3360a1617,0,0
binary,097698fdf283362e,0,0
binary,0b8e405731c03abf,0,0
binary,0d4a4f6a6b8ec7e7,0,1
binary,0da8ca4e886ef021,0,0
binary,0e37e874c8963bfa,0,1
binary,113ffaaafead55d6,0,0
binary,12e8b16302d64f09,0,0
binary,13a9cc8c118253b2,0,0
binary,1407a9a96a81eb4d,0,1
binary,143b31ce713b001f,0,0
binary,14ec04daf426500c,0,0
binary,156e4bc058aacb15,0,0
binary,15c0cd594a712504,0,0
binary,16762f0a2a1d6dd3,0,1
binary,16770dffaf3f7387,0,1
binary,16a5c1532a1b4263,0,0
binary,195b35e8f61ebc7f,0,0
binary,195d07050b6bb692,0,0
binary,1981eaeaa330c70a,0,0
binary,1baea5cc9702e4e4,0,0
binary,1bd7414fb57bef76,0,0
binary,1ebb3cb827507603,0,0
binary,2027cc12057d6059,0,0
binary,20cce75a7ca51ef9,0,1
binary,2205989a61caf2b1,0,0
binary,23ea412be7e96546,0,0
binary,246f7e7b055666f4,0,0
binary,25e90f714944fdf3,0,0
binary,25ebcce2016b2bd6,0,0
binary,25f48bb5ea3877d9,0,0
binary,267b9641ea155121,0,0
binary,27193bff5e3b20f5,0,1
binary,27601e50ca8ee76a,0,1
binary,29cfe7899559e372,0,0
binary,2b81bf3985a6223a,0,0
binary,2c0ad5e003b0cbaa,0,1
binary,2e536f384c7c4ee9,0,0
binary,2ec1dec52c753be7,0,0
binary,2fe0cdd9d8f779c3,0,1
binary,31cc50eeb38a82af,0,1
binary,325bebc71d0ad187,0,0
binary,337ca7c0327ac85b,0,0
binary,33e3adbeba9adda8,0,0
binary,348721dc73e17f49,0,1
binary,349aadaec1bf998f,0,0
binary,363c72aa25850e52,0,0
binary,365b3a7a53f57599,0,0
binary,377b2f6fc5591267,0,0
binary,37af77a0230592fe,0,1
binary,3b796ef3a1b70fa8,0,0
binary,3b797420f13b9ee0,0,1
binary,3bfe0600cd4ff83d,0,1
binary,3c13e1b50408ea5c,0,0
binary,3d42ecea95f6c06e,0,0
binary,3e3c6e9f2bd8cdc5,0,0
binary,3f5bba1435e4e7a7,0,0
binary,3f6ac28f8ba4789b,0,1
binary,4046e54a1be36c5f,0,0
binary,40538deda22caef6,0,0
binary,4232406da4df02cc,0,0
binary,47838289916dfcd0,0,1
binary,4863ff7610329c3d,0,0
binary,4911d523c4e5ca6a,0,0
binary,49a0964010ddfe36,0,0
binary,49d51e2b4f454c2b,0,0
binary,4a0362f160267029,0,0
binary,4a20dfd63b1dfa55,0,0
binary,4b5084d5a5741e9a,0,1
binary,4d9ed4739ac4bb0c,0,0
binary,4f492e5a4afb58a6,0,1
binary,4f5401b3854dea7d,0,1
binary,4f8ae54c4d5fc827,0,0
binary,5152d1b13be19cfb,0,1
binary,53513b7e766e57df,0,0
binary,553a1f380c71971b,0,0
binary,566c03efc7627d0d,0,0
binary,56b432779505e6a0,0,0
binary,57cddfb1d7601c5f,0,0
binary,57d58b76cd1c208d,0,0
binary,59b3fed5131d70a9,0,0
binary,5a01ac6e16837edd,0,0
binary,5a63945e81f355b5,0,1
binary,5ac65391eea4fef9,0,0
binary,5acdf23be8898bcf,0,0
binary,5b3a85304cbad5a0,0,0
binary,5c3254ea7c33819e,0,1
binary,5c54b527321c9162,0,1
binary,5dd96103f20b5773,0,0
binary,5e0af7061fc346fc,0,0
binary,5e29524756c84733,0,0
binary,5e505ca9e71caf12,0,1
binary,5eb348a4e31fa677,0,0
binary,5ffd1662c0231b09,0,0
binary,636545b0f33e5c1b,0,0
binary,647fd4e0de4cf2cf,0,1
binary,667c9cd2325e7ee7,0,0
binary,66cc8e5bd39831b6,0,0
binary,67546f827b05c48f,0,0
binary,68e0d2315ba35a98,0,1
binary,6a3f27e77ac2e0a7,0,0
binary,6abf8f4033a38194,0,1
binary,6b9a476214f9384c,0,1
binary,6c6f289992a3ca89,0,1
binary,6c8e4b8cd99acb8f,0,0
binary,6c982ab6eea1b56c,0,1
binary,6ccb17557f02f566,0,0
binary,6ce44d32b0f80e56,0,1
binary,6d05e6a5708149a4,0,0
binary,6d0fabd36c68d146,0,0
binary,6dacfdec67b33961,0,0
binary,6e76aac1fa2dc901,0,1
binary,6f5dd709ba845499,0,0
binary,700ef7e3b567c982,0,0
binary,70fa07e007bfb8eb,0,1
binary,724fcb09513b8c58,0,1
binary,72d2bd5da5b166c1,0,0
binary,74a773c194910416,0,0
binary,7522f06e55381b9b,0,0
binary,75a7a6cb540190ea,0,1
binary,76148c5505114a7c,0,1
binary,774a6dc0d6b16226,0,1
binary,77b9412b53cbe977,0,0
binary,786ce4e879b62717,0,0
binary,794dadef8a281be6,0,0
binary,7b838a60f00bfdcc,0,0
binary,7e5c62c658fde238,0,0
binary,7f4fdb30f5da98bb,0,0
binary,80d4b8486db5c2b8,0,0
binary,81aa27b56786801e,0,0
binary,83c12571dfcdc3da,0,0
binary,869200cdf574b961,0,0
binary,874a7c22e70277fe,0,0
binary,878ecaf6beefd4ef,0,0
binary,885a86aa2a9c13db,0,0
binary,88c69baa2b1f19d6,0,0
binary,8924a63feaae63d9,0,0
binary,89f28ac40a430e34,0,0
binary,8a3245164d9ada3a,0,0
binary,8adeb7d5d4183de0,0,1
binary,8bc27c9c65027401,0,0
binary,8cb892be72976760,0,0
binary,8cf1f06c8adaa3af,0,1
binary,8d79611bd8f47bcb,0,0
binary,8e0c33d1769f733b,0,0
binary,8eacd3c3010412ae,0,0
binary,90b20c0c49d04f35,0,0
binary,90be4f1313f88004,0,0
binary,932c66b50f51ff11,0,0
binary,94205edfe29fe931,0,0
binary,945171f3e951e4c4,0,0
binary,9549872a62a3a48a,0,1
binary,97dcd558af304a14,0,1
binary,9912d6ad9b4a9a1c,0,0
binary,9bb5910fc4b7d5b7,0,1
binary,9c128ff53c6a073b,0,0
binary,9c9b0bfaba9f5b90,0,0
binary,9e21425f9edb52d9,0,1
binary,9f69447a46985cea,0,0
binary,9ff7bc78bfc32d51,0,0
binary,a08859542c7add80,0,1
binary,a0bf25f29ac00f85,0,1
binary,a23b994e9d4f1372,0,0
binary,a369c062b5c9cf8b,0,0
binary,a4b73dfd11b2a5fc,0,0
binary,a64a714308112b47,0,0
binary,aba86d11937ecd1d,0,0
binary,acfb54201af6be9d,0,1
binary,af2048717dd60ec6,0,0
binary,af94c0c538bc0c2a,0,0
binary,b0a3dfe51246c166,0,1
binary,b0a7c3bfa2fd255a,0,0
binary,b1cb94aba509f430,0,0
binary,b26d9cee97873fa3,0,0
binary,b3eb945c00855d50,0,0
binary,b4dd2d64b72ec676,0,1
binary,b55d0486bac60d78,0,0
binary,b603e16d61aceb0b,0,0
binary,b73b755c459ea2d8,0,1
binary,b7441a29754730c0,0,0
binary,b86a6813a02e7218,0,0
binary,b994a35129ff22b3,0,0
binary,ba0481e43594f756,0,0
binary,ba933be0473c5de3,0,1
binary,bbf1135509b90a56,0,0
binary,bd50450897da756a,0,1
binary,bd71053febdf8c3e,0,1
binary,bda5f49b517ab825,0,0
binary,bdbaf3e9f0261225,0,1
binary,be26940f6da895b1,0,1
binary,bee448606b8b9dfc,0,0
binary,bf16de043238a294,0,1
binary,bfac10aa45093bbf,0,0
binary,bfb8fd63b9911fbb,0,0
binary,c02674b815b6037a,0,1
binary,c04e10f727afd149,0,0
binary,c120a1b04cc939ff,0,1
binary,c15e11d1fa5c0959,0,1
binary,c3aa9f477e18e08d,0,0
binary,c59a51bfebd8e3a1,0,0
binary,c5f085e3ea557489,0,0
binary,c6314c9ddd66f680,0,0
binary,c8c173eef05613ac,0,0
binary,c9d6e6572f4f126b,0,0
binary,cb5948740333b861,0,1
binary,cb59660758d990ed,0,0
binary,cba015b1b3345db9,0,0
binary,cc274d667bad79ab,0,0
binary,cc5498dc4daa2bcf,0,0
binary,cc66808754793631,0,0
binary,cd53ce04c2b5bd63,0,0
binary,cdcf528a5adcb735,0,1
binary,cea30713673d8c61,0,0
binary,cf71c33840b80df0,0,1
binary,d04ae214a0efa91a,0,0
binary,d3e9d97efdf5cc5d,0,0
binary,d4befa006e2a228d,0,0
binary,d570e1c550cc61de,0,1
binary,d5b0e31e692d7540,0,0
binary,d9fde51ecb848113,0,0
binary,db61df9c8c46d140,0,0
binary,dcc1b3a0e4bf2b1f,0,0
binary,dd64641f86e7d6aa,0,1
binary,de4dff1b48393167,0,0
binary,e03a82c0a8d5c820,0,0
binary,e03c109dbcc7ca41,0,1
binary,e0a5997efa78fcd0,0,0
binary,e0e13d3d4e52b30e,0,0
binary,e1672df05b5af06f,0,0
binary,e1a89d68dddea630,0,0
binary,e1ed0b1e83d4c33c,0,0
binary,e22b7c2a6eec4f42,0,1
binary,e2cdd3d5b1949361,0,1
binary,e2dfa59fa72c485b,0,0
binary,e68f80504e69ab4d,0,0
binary,e6febec048829720,0,0
binary,e9969b621c0797d2,0,0
binary,eaeb1a5775f0736c,0,0
binary,eb5a1ff745a86438,0,1
binary,ebc9f5ca22ad7f27,0,0
binary,ef5a08083c0004d6,0,0
binary,ef7a9d6b80bdbb2f,0,0
binary,f00c6c3af186f66b,0,0
binary,f0bd0caf3b3fa308,0,0
binary,f2548a33302a888c,0,0
binary,f367a6670c79f97a,0,1
binary,f5e83c67667a3387,0,1
binary,f5ea3b4c49c3a674,0,0
binary,f68f162e1bf8dd44,0,0
binary,f6c99d491b8078d8,0,0
binary,f6d36f6e4df2cbc6,0,0
binary,f9c6e07f1e8af302,0,0
binary,fbbff13326fe2da5,0,0
binary,feca0aec1deca86c,0,0
binary,00be7a620eb02fc4,1,1
binary,02606d981ad30e41,1,1
binary,03a969e6b9c9550f,1,1
binary,03b7a90a938c3f9a,1,1
binary,06b403bcc85b737d,1,0
binary,0729206b7e4cfc06,1,1
binary,07585f39f33701c9,1,0
binary,098736b4abeb3eff,1,1
binary,09d4c2d56d5a558b,1,1
binary,0dd85966f8959e76,1,1
binary,0e417b50e1aca545,1,0
binary,10f8bfd9cd1940cb,1,1
binary,140ab6137d9839cc,1,1
binary,149d880694c124e3,1,1
binary,1504829689efb294,1,1
binary,15b0833de256e491,1,1
binary,15f5267f5ec29a01,1,0
binary,187d20d356e3ba9a,1,1
binary,1a57d60afdb5d5fa,1,0
binary,1c4fbae7c682ad5a,1,1
binary,1ccd9357571d3055,1,1
binary,1db1479045e097bb,1,0
binary,1f7dd6bb7cd0dd05,1,1
binary,214eba4304468aa7,1,0
binary,2314d29dd3e1cb70,1,1
binary,237d7d63487e7b54,1,1
binary,25af410563495d70,1,1
binary,27cd2c88e5bdb8d3,1,1
binary,27e15ff74a5d581a,1,1
binary,2892ccd6df689c24,1,1
binary,29215b54ac12cc77,1,1
binary,292fc1f4b5a180b4,1,0
binary,29c6a7ec02ae38f1,1,1
binary,2b0f75be28521c05,1,1
binary,2c83c51dfac6b78f,1,0
binary,2e6290e7ae3c735d,1,0
binary,2ee06c8a67d239ad,1,1
binary,30febca809ab7edb,1,1
binary,31c58a5fa7d80327,1,1
binary,31c79fb6143415d4,1,0
binary,32e6383139d41c21,1,1
binary,3325ec486fdac5d1,1,1
binary,33bcdda1924b6504,1,1
binary,3449d3a4f0079291,1,1
binary,34d54761a249efc1,1,1
binary,35465cc0d8748b81,1,1
binary,35740de31e662e94,1,1
binary,35d6d7136c0013df,1,1
binary,36164551b1e59802,1,1
binary,36c745c3df0b447c,1,1
binary,36cb586b2c68ad3b,1,1
binary,37a8d1bedbcb37a3,1,1
binary,37f1fdac7a240578,1,1
binary,38617a99deaa5a42,1,1
binary,38b3a56f4129102c,1,0
binary,39501af9025769f1,1,1
binary,3a01e5365d190073,1,1
binary,3a43b18114cda3e3,1,0
binary,3a719607493417c9,1,1
binary,3c8215f10e393fb0,1,1
binary,3d2ff879b66f169a,1,1
binary,3de799882892277b,1,1
binary,3e18b2ce59680c66,1,0
binary,3eb5b1553707a268,1,1
binary,3eccd7fc5e679d6c,1,1
binary,3f6b10c8ebb1b290,1,1
binary,405d45e3ff712788,1,1
binary,4075bc93bf4da70a,1,0
binary,41a15128cc551f7c,1,1
binary,428240c6af22c668,1,1
binary,43b469a24670decb,1,1
binary,44136102016d40c2,1,1
binary,4475b803c558a787,1,1
binary,44a4544fb7e38b6f,1,1
binary,45925ab722671e0f,1,0
binary,49fe15ca79468848,1,1
binary,4a22af3ab68c1f05,1,1
binary,4af0d3b78707870b,1,1
binary,4bfb61a6df41aacc,1,1
binary,4c9b154f928e63b2,1,1
binary,4cf2a1970388ab9c,1,1
binary,4db4748f48f2486f,1,1
binary,4dc5af0a9ce0251c,1,0
binary,4dd968854ff64932,1,0
binary,4e6ba9409e2441a1,1,1
binary,4ec5bf0ac4a0e350,1,0
binary,4fbda5fa7ac2f3c2,1,0
binary,50b002766db66eac,1,1
binary,516bf926f666d2a8,1,1
binary,519d70bf42c86631,1,1
binary,51b5c7c111c03541,1,1
binary,522f4cd704935680,1,1
binary,54ae9d5bb1ce2a58,1,1
binary,5593cc456b191143,1,0
binary,58522958b8bf9ee4,1,1
binary,5874a1f4a4506b0d,1,1
binary,596996488163fa72,1,1
binary,5a5733749099ad73,1,0
binary,5a5d36f67a4fede3,1,1
binary,5abb72cb98e2154e,1,0
binary,5c107803dcdd1959,1,0
binary,5d210e7af6fea7f5,1,1
binary,5d4f4480b8c455eb,1,0
binary,5e0b8741c0320555,1,1
binary,5f3dabf660ef877d,1,1
binary,62afcbd5603daefb,1,1
binary,6405bb3cdae74eff,1,1
binary,6551d035fd64add5,1,1
binary,65a5428614a5d57e,1,1
binary,65e58d73fa7eccf4,1,1
binary,6843ce8aeb74d50a,1,0
binary,6866090842976802,1,1
binary,69b75b9be7b64d29,1,1
binary,6a278b0346208574,1,1
binary,6a37b24bf41a42ac,1,1
binary,6a441b33b5f4c3d0,1,0
binary,6ae78a20f919cf6f,1,1
binary,6d81ef1bc4c05f10,1,0
binary,6e66f754a07b075b,1,1
binary,6ebd11272cd0035c,1,0
binary,6f4b0fdd4382ad42,1,0
binary,710436f26b3cb4c7,1,0
binary,713c2493d1b1943c,1,1
binary,71b50aabb30837ad,1,1
binary,725604cbf23c382a,1,1
binary,7271b69427e78e81,1,0
binary,741c155b1f4b0435,1,1
binary,741d0b3b3228d482,1,1
binary,76997797d8f47fdc,1,1
binary,76b3d36296466f5e,1,1
binary,76d62313eee7277b,1,0
binary,77653c24e1814c78,1,1
binary,7959152f962ec74e,1,1
binary,7998515853d27aa5,1,1
binary,79f6419b2e040d83,1,1
binary,79f967edbf029d1c,1,1
binary,7a249239dff49381,1,0
binary,7a43d144de1b5040,1,0
binary,7c031043905cf468,1,1
binary,7d971189235a07f7,1,0
binary,7e47e9203b5fcd27,1,0
binary,7e65cad80f3140aa,1,0
binary,7f30a77cf02ea9b0,1,1
binary,7f8a06a4d066545d,1,1
binary,80cf86ff3e7c0a81,1,1
binary,814fab5415ff2614,1,1
binary,81b0540b8ec9d267,1,1
binary,827664c6dd0c8bd9,1,1
binary,83998fd6af33da58,1,1
binary,839aa13748f1b20d,1,1
binary,842bb444341fae15,1,1
binary,8495b3d676961487,1,1
binary,84a1cc0fdd90afa2,1,1
binary,84b83c5eaa97044f,1,0
binary,851312b94cc98e26,1,0
binary,856f6ac46fbe2824,1,0
binary,857d04f14fc5617f,1,1
binary,86025b90e55d984e,1,1
binary,86238ddd633f2c77,1,0
binary,88e84f7b28fa77ea,1,1
binary,8b8e345e41e52d0d,1,1
binary,8c870aa8c8efdf83,1,1
binary,8ce15022daa1fff6,1,1
binary,8e94c190b82f1545,1,1
binary,8fe6b3c4e1d9143e,1,1
binary,9088e0d628c55f17,1,1
binary,920857f8720de3fc,1,1
binary,9212f613a826dbbc,1,1
binary,92a89ce2666c281f,1,1
binary,9387b00b032dc097,1,1
binary,93c9f1e8fdc93973,1,1
binary,97c54a0695294e66,1,1
binary,9a5c90a4b99e2871,1,1
binary,9a931a292d0c52c4,1,1
binary,9ae285531b23b38d,1,1
binary,9b88b32899c8c0b2,1,1
binary,9c3c5ba3083ff313,1,0
binary,9c65381960f4385c,1,1
binary,9d46d445d0fbaacc,1,1
binary,9d89dc482a33cd30,1,1
binary,9e3a001caf6f7614,1,1
binary,9e773dc1ddb5c8aa,1,1
binary,9ec3d6a158173e07,1,1
binary,a1cffe10abbf3c5b,1,0
binary,a209f3dbf2e3a1ab,1,1
binary,a236ee6f70b5fc7f,1,1
binary,a261d11efb5e4d43,1,1
binary,a4cd5152f7f059a5,1,0
binary,a526c1c9ad4f40ec,1,1
binary,a6ef3fc5b644ed04,1,0
binary,a830ff1289e3e6f5,1,1
binary,a8b88fb303fba301,1,1
binary,a97e19bf4193c7bd,1,1
binary,a9e9195d663f0231,1,0
binary,aa344ac4e18284c0,1,1
binary,aa3cbe39461d2e30,1,0
binary,aa42935c572cd972,1,1
binary,aa53388b9cec8c40,1,1
binary,ab131761514484cb,1,1
binary,ac7197f6f8acbcb6,1,1
binary,ae135751c7a95d52,1,1
binary,af93f7044fc6f837,1,1
binary,b00aefc94ed63252,1,1
binary,b0696b88e362ca0e,1,1
binary,b091d306b97fbfb0,1,1
binary,b1c8b54c124c1e7d,1,1
binary,b30c8d1d80fe3c06,1,0
binary,b568f89990b68029,1,1
binary,b795af5fa53591c9,1,1
binary,b8b7e35ba8716210,1,1
binary,b93d2fa5dfe7ad47,1,1
binary,bcd08db62833427d,1,1
binary,be824d44c26fd83c,1,1
binary,bf0023fa1952b22b,1,0
binary,bf8907f11c302592,1,0
binary,c270d7f13f63b3d4,1,1
binary,c2c5b4bfa28bc105,1,1
binary,c2f4c8ca55f83f51,1,0
binary,c34a52981224d11f,1,0
binary,c4463bb892be18fc,1,1
binary,c483fbcfe51c25a2,1,1
binary,c7489b3b227275f0,1,1
binary,c834a07cb0ad7162,1,1
binary,c8cf355b9cfdc04a,1,1
binary,c918ccb219ce8d13,1,1
binary,c934e05aafd66ec3,1,0
binary,ca1e84f1ca9b71c5,1,0
binary,ca25cec1bc442a4e,1,1
binary,ca34df6073382196,1,1
binary,ca5643f3ce8fbd99,1,1
binary,ca6420739316e19b,1,1
binary,cb4ea8eac4d32ccf,1,1
binary,cb78593922e2654a,1,0
binary,ccb1cdd6ed3ed404,1,0
binary,cd5a0b6f982ebd90,1,1
binary,cec8f3ad8ed219c5,1,1
binary,ced48fc4ba659708,1,1
binary,cf3131eb40d06099,1,0
binary,cf8d5f06bf0126c7,1,0
binary,d00138fd36602348,1,1
binary,d038705056cdce51,1,1
binary,d1d45d20a8b3009c,1,0
binary,d2f90da67be04c3c,1,1
binary,d5a9f6c62f5fc6c7,1,0
binary,d7527157548c0f86,1,0
binary,d7a24fd9db664cdf,1,1
binary,d835577792e49198,1,1
binary,d84dc8866eb2c0fc,1,1
binary,da0ddcb7037e541e,1,1
binary,da883fd125800ae2,1,1
binary,dbee0e57813566c3,1,1
binary,dd0773e24ac1e8bc,1,0
binary,de59905a9aa6297e,1,1
binary,de6bf9a7a6515b7b,1,0
binary,dfe882504bb61a64,1,1
binary,e013306f5cc44eea,1,1
binary,e0e770011f4dc52e,1,1
binary,e1ee84051fc60ab0,1,1
binary,e29a83e8062b0f7c,1,1
binary,e2e5c465bc06d1cf,1,1
binary,e334d08decaa116d,1,0
binary,e343833d36e9bb6e,1,0
binary,e3e947a98f0b94ff,1,1
binary,e458fdc1b96f2bcf,1,1
binary,e4b2e573cd985dd3,1,1
binary,e4f6ef260fd1f00e,1,1
binary,e50bad6acc0a6b50,1,1
binary,e5198b0527368399,1,0
binary,e5c8d73315fd4b63,1,1
binary,e616b9c4980c8483,1,0
binary,e641a13e52001c8b,1,1
binary,e7073bf06278f07e,1,1
binary,e8ea9f2b18353a34,1,1
binary,e988b7f5c2c2aec6,1,0
binary,ea1f5b53f3bada90,1,1
binary,ea94177b99fe66bc,1,0
binary,eba4adc390732e81,1,1
binary,ebaecb973a1e6fd2,1,0
binary,ebb1929808b0973c,1,1
binary,ec99fafa879ef0c8,1,0
binary,edec35360991b518,1,1
binary,ee2a61a45b563493,1,0
binary,ee4def0376db0a82,1,1
binary,eeecdba19b62eb8e,1,1
binary,f1f249f85f88c4ac,1,1
binary,f23053755acd2fa7,1,0
binary,f2538505616ee062,1,1
binary,f425cd7271eb8157,1,1
binary,f63ea1bd96d36e6d,1,1
binary,f7d0f2273a0493bb,1,1
binary,f8cdca4b176995b4,1,0
binary,fa688be908324264,1,1
binary,fa78653f143297d7,1,1
binary,fad20cac5e1ba828,1,1
binary,faebb5e8dd67ea9b,1,1
binary,fb9124aada9aca82,1,1
binary,fcdb1ac93d47b6bb,1,1
binary,fd9a349e33cbcdf4,1,0
binary,fdb7705ef8393c81,1,1
binary,ff63b3318183164b,1,1
binary,ff994b65e892d1b2,1,1
binary,ffe44a29534b6923,1,1
binary,0001e89983452cd6,0,0
binary,006554184c48ad58,0,1
binary,02b3c40c0a705440,0,0
binary,0452dca2b2ce58a0,0,0
binary,047c209f639282d8,0,0
binary,050f05be984a91fd,0,0
binary,06e2cbd6fd40518f,0,1
binary,078ba982f9582993,0,0
binary,0abe6517b7234664,0,0
binary,0b1869c246d9f7fb,0,1
binary,0d68bcf86b8950d6,0,1
binary,0d86106d597b3f07,0,0
binary,0e4889c133f4f0eb,0,0
binary,0eb091816dbc94ae,0,1
binary,0eba4142a4f70568,0,1
binary,0f399a85eb7e263a,0,0
binary,0f72d67d1397a178,0,0
binary,10747c37dbae4c23,0,0
binary,1312de3a0242b913,0,0
binary,13703e430c04ed9f,0,0
binary,13cc10c31415779a,0,0
binary,141bfaee5de5930a,0,0
binary,163044d8592be784,0,0
binary,19833fbfe8a75926,0,0
binary,19d60befe780bd9b,0,0
binary,1a0feb5f164e4e5a,0,0
binary,1a83f9af4fb56156,0,0
binary,1cc42be05b743d7a,0,0
binary,1d50ebabd6471115,0,1
binary,1d64a5aa93dbda07,0,0
binary,1d9d35023e00fb60,0,0
binary,1e4cc68c88ac5d7f,0,0
binary,1e792bad915ebee5,0,0
binary,1f57ff1dfc838b04,0,0
binary,1fbae71974fba6cf,0,0
binary,2130013309cbd976,0,0
binary,216dfe835e4d7315,0,1
binary,218ba896e09137dc,0,0
binary,2246e3d3db403b6d,0,0
binary,2398236cc8f6d0af,0,0
binary,24721b148e007765,0,0
binary,24f63e769d80b44c,0,0
binary,2532b1b6c25e0255,0,0
binary,26396fbb117d1bd9,0,0
binary,285a322f40797dd5,0,0
binary,2d409db2dced29fa,0,0
binary,2ec1cff7ade55f45,0,0
binary,2f5b51f5bf03340f,0,0
binary,30a0d9ce7168725f,0,0
binary,31bb72468fa46bec,0,0
binary,322bccbe212f139e,0,0
binary,33597f532f4c312e,0,0
binary,3508f239de4c8a2c,0,0
binary,36b3295e1dca93aa,0,1
binary,38ffc3827e5b05f4,0,0
binary,394639fe9ac0ebea,0,0
binary,39cfe693ed98001c,0,0
binary,3a76b897979619d0,0,0
binary,3aecf82388752a8c,0,0
binary,3ca51fd11f027425,0,0
binary,3d42266940215943,0,1
binary,3e4a5beaa748d412,0,0
binary,40b1193ed779e75b,0,0
binary,416e56bf71b528b3,0,0
binary,42441695311b4cc1,0,0
binary,441e5ab894ef91f0,0,0
binary,4420afc01bbd8a3e,0,0
binary,45acd532ba123888,0,0
binary,466ebaf97c201fd1,0,1
binary,46b537fc055d8e75,0,0
binary,46dd1d8aa077c9be,0,0
binary,4768f2b1852a631a,0,0
binary,47cda89991d24f52,0,0
binary,489cd6d4b7e98076,0,0
binary,48f0d36aa027060b,0,0
binary,4e1132fcda35a923,0,0
binary,4ec581ef51a259d1,0,0
binary,4f2c66adddf8e34b,0,0
binary,50a3cef7a08637f2,0,0
binary,523087e1d66ff472,0,0
binary,531679a5198f4f77,0,0
binary,55be66c4dc304c83,0,0
binary,5680b3b38eff9559,0,0
binary,570a49ed38762a74,0,1
binary,571f04063c72f172,0,0
binary,58e0dbfbbbbb909a,0,0
binary,59e60fb160c46303,0,0
binary,5b17bfa9fd510149,0,1
binary,5b1de351faab10e0,0,0
binary,5b60f8fabd3592f1,0,0
binary,5b6e39963eaaa579,0,0
binary,5d3095db273610bc,0,0
binary,5e522c710d17a231,0,0
binary,5e608e466f1a0cf6,0,0
binary,5e67a29a632dba25,0,1
binary,5e75a6a695e08790,0,0
binary,5ebb43ab37e63229,0,1
binary,5ec76eadb6fccf2e,0,0
binary,5f50d2a28cbaf4aa,0,1
binary,5ff16ec1e7f03300,0,0
binary,61bc18d7917fd409,0,0
binary,61d73a905de757b1,0,0
binary,626b23d5e4e0b3a7,0,0
binary,626e78683aba66e6,0,0
binary,63592583b562296b,0,1
binary,635c459529aa8952,0,0
binary,6423a7fbe3f271d9,0,0
binary,665302e9fca198ca,0,0
binary,67196bee5d08863a,0,0
binary,692a401a0e349af1,0,1
binary,6943f727f320db60,0,0
binary,69d25011b0294cda,0,0
binary,6ce0d63ca6fab0a3,0,0
binary,6d94161ba9b389d3,0,0
binary,6deae417b461dfbd,0,0
binary,6e5051e4db179025,0,0
binary,6edaf1cec1240a90,0,0
binary,706c89899fba7504,0,0
binary,726c8766d36dd86a,0,0
binary,72f22339ea8a0e03,0,0
binary,730d524e141368e4,0,0
binary,73834448cd5eea13,0,0
binary,73a522253a16d4a4,0,0
binary,73d7675e51ebe544,0,0
binary,769c155b8260bf37,0,1
binary,77bdd6305d8fb4c0,0,0
binary,789074a3d9229b9b,0,0
binary,78fa5fc30f1d1283,0,0
binary,79d67825899e968d,0,1
binary,7bcda5a6e0732c2e,0,0
binary,7d3e2ec9a7ff9252,0,1
binary,7e1fed2f479f9c13,0,0
binary,7ff7318577c73b0d,0,0
binary,806582ab2ff7b7ef,0,0
binary,8079de5ff4464646,0,0
binary,82fba8d09f56c69c,0,1
binary,846d097c810f27e1,0,0
binary,8518825e562f318f,0,1
binary,8534fe6b20f979cb,0,0
binary,854eb040d3186de5,0,0
binary,855d53c417736683,0,0
binary,866607f470d4075e,0,0
binary,869d2ab4ca105e4a,0,0
binary,873bced091e282d2,0,0
binary,8825ab7484661c7a,0,0
binary,8986d6fb36c19a49,0,0
binary,89d8d0a6e539232c,0,0
binary,8a0786bf4c42a8d8,0,1
binary,8a11b2f377108af0,0,0
binary,8a34811bb776a481,0,0
binary,8b08c35c025c22b7,0,0
binary,8c58b50feadce784,0,0
binary,8ca9c502bd4f559e,0,0
binary,8cf45dea686bad62,0,0
binary,8faad11d67955907,0,0
binary,90b60037f54178f5,0,0
binary,90f29c500b703e7f,0,0
binary,92aed63479e7f402,0,0
binary,932f5d019a68f1b4,0,0
binary,94775614ebfd548e,0,0
binary,95f30d41fe867874,0,0
binary,961e32541132076e,0,0
binary,97cdc0b27c908320,0,1
binary,988ebe4522f491b3,0,0
binary,9917fab7a1ad2ced,0,0
binary,998b8146b842d452,0,0
binary,9b0aeaaadb0581f3,0,0
binary,9bc2dc3185f93554,0,0
binary,9bd831f78d72c659,0,1
binary,9c00fee96cacac18,0,0
binary,9fd77e7fd36a9ef8,0,0
binary,a1ea7a6d0f6e5d7b,0,0
binary,a292708b9e9511d9,0,0
binary,a2bab7cb4a0153b2,0,0
binary,a2d7caf133a65c5e,0,0
binary,a3993b6ac877813b,0,0
binary,a4b6013988684e0d,0,0
binary,a5e7c00d93c4e740,0,0
binary,a5f08dc7904dac93,0,0
binary,a66a2f1f9045e781,0,0
binary,a96fe59faffda22f,0,1
binary,a9c77eb211f19a0b,0,0
binary,aae8f6334c7cfb0e,0,1
binary,ab79f85bb86638a8,0,0
binary,abff61a1fe0fc136,0,0
binary,adeaabf643e41efd,0,0
binary,adf26e4c70aa84a0,0,1
binary,b0632666445a02f2,0,0
binary,b2e5fa290b826239,0,0
binary,b2e955c98af832cf,0,0
binary,b5872304aa7717db,0,0
binary,b5e67c9d8cd56ac6,0,0
binary,ba8cc563fcedd80b,0,0
binary,ba9e204044728db3,0,0
binary,bb16f65c7d7881c0,0,1
binary,bba5de36030025ad,0,1
binary,c0d350dd81e3e93a,0,0
binary,c25386fdb78ce0f7,0,1
binary,c29d235fe2e298af,0,1
binary,c2c3582641b317f7,0,0
binary,c33fa55e8fbf8e72,0,0
binary,c36eaeb33a5ecbab,0,0
binary,c3787989d23b12b3,0,0
binary,c39e21e82ab929b6,0,1
binary,c45ea01b2cfe5300,0,0
binary,c56d2048439b0f40,0,0
binary,c5f408f21c7b4ef4,0,1
binary,c642ae6edc0404c6,0,0
binary,c71f5c5ddcf1f2f1,0,0
binary,c7b8d04e45ed7b42,0,0
binary,c8801a87a6376dc3,0,1
binary,cabe5e8cb67e93d4,0,0
binary,cad1807b69c95ae1,0,0
binary,cbe6b2da445d32b0,0,0
binary,cc4261e63734c441,0,0
binary,ccdff50440157d4d,0,0
binary,cdb7ad131eb17a7e,0,0
binary,cdbca0954bf77728,0,0
binary,ce136fe656771904,0,0
binary,cf666fa4185fe644,0,1
binary,d042e2283568ed78,0,1
binary,d34038df5287d2b9,0,0
binary,d5c75d2fb1b865df,0,0
binary,d5f94d9bb038e41a,0,0
binary,d6ce9b5bcef62117,0,0
binary,d72b742cba80085e,0,0
binary,d72be8a7a4bffc24,0,0
binary,d7c5b8848aacd97b,0,0
binary,d823d6b8b3106e2a,0,0
binary,d845227e2d45869d,0,0
binary,d84e00f36468cc46,0,0
binary,d93aa1105783fa23,0,0
binary,da66f12246e9b950,0,0
binary,dd735549418b9f00,0,0
binary,e0222de997c76e32,0,0
binary,e05ea88a925b38c1,0,1
binary,e09b0c808557e894,0,0
binary,e0be9f9bb244939e,0,0
binary,e18da3c7b8c0a954,0,0
binary,e22d6a539498f41f,0,1
binary,e240b526d656f12a,0,0
binary,e2786652e31f5f54,0,0
binary,e2854b3e1708dc51,0,0
binary,e470cda05b595e0e,0,1
binary,e5d3baff2bface2d,0,0
binary,e6b8aae3e6ee6ead,0,0
binary,e71cd3de14edb332,0,0
binary,e7844ecab7039138,0,0
binary,e78ae64b8b6b6e67,0,0
binary,ea61f9cb6713132c,0,0
binary,eb378fcd9ac53a81,0,0
binary,edc22e32d36895aa,0,0
binary,f00aebea2071b6a3,0,0
binary,f06bc839c1d0f31a,0,0
binary,f1f8779926c2ccea,0,1
binary,f3035a1801e97c6e,0,0
binary,f3596ee3797c9a92,0,0
binary,f39df8b113a14dc2,0,0
binary,f3b67e1e4882ea8b,0,0
binary,f3c5cc295c26296d,0,0
binary,f3dbcbc937c25519,0,0
binary,f44d810370bdb9af,0,0
binary,f6271ec3c2c2f565,0,0
binary,f742008d86eced3f,0,0
binary,f9438e57ac402e71,0,0
binary,fa7b9747620059d9,0,0
binary,fad593c2ee1543f2,0,0
binary,fafbddc6b2231bfe,0,0
binary,fd0d616ce036f9f1,0,0
binary,fd194e6ff8a50604,0,1
binary,fe6f4b1522625fb3,0,0
binary,fea0e24188e9367a,0,0
binary,00635a5582c83a79,1,1
binary,0142c28493937fa9,1,0
binary,01ab8ff76f278561,1,1
binary,0246e62193aac582,1,0
binary,02ba72eeead33bb4,1,0
binary,03cf767104940fb9,1,1
binary,056179511d98850d,1,1
binary,05ce54a30d0b0376,1,1
binary,06d3ec65f60ea38a,1,1
binary,091698e91326387d,1,0
binary,0938e951b7a7094c,1,0
binary,093b5a947ca6b5d5,1,0
binary,0989258979408ea4,1,1
binary,09f9113f4fe0f138,1,0
binary,0a28bcdd154fb0a0,1,1
binary,0b405ce4f6ec5a39,1,1
binary,0b62c3a51a209ee7,1,1
binary,0c73e51097476bce,1,0
binary,0e7f781b14c31786,1,0
binary,0ec2ccf265a4a008,1,0
binary,105f094806d24f98,1,0
binary,1082cdd5f916af73,1,1
binary,10d023c1731132c5,1,1
binary,11a6e9ebeb9da4e4,1,1
binary,12775861f75b2d21,1,0
binary,12f3779239694739,1,0
binary,1394594fcce6b455,1,1
binary,13cbc528d655a12c,1,1
binary,142724ef92ff65c3,1,1
binary,148b6ca5f73e57f1,1,1
binary,149b0e71a85fc121,1,1
binary,14b8fc029697d4e4,1,0
binary,15506b514cc88b32,1,1
binary,165c78979498bf0e,1,0
binary,17e78748a23abaff,1,1
binary,19c10f5222bc30fe,1,1
binary,19cfd549ad9126bf,1,0
binary,19ec79b58148b607,1,1
binary,1a272291bb0826fd,1,1
binary,1a6f1c3abf8c2970,1,0
binary,1a8e8c10fff24065,1,0
binary,1b05fa8e9e220851,1,1
binary,1b19257b63133978,1,1
binary,1b5ff821d0046d1f,1,1
binary,1b920b1071d07570,1,1
binary,1cd37fc115a6808b,1,1
binary,1cf794d9608bd106,1,0
binary,1dbe6b732d773baa,1,0
binary,1e2a5dcff60437d9,1,1
binary,1e5bbbbb59da1302,1,0
binary,1f4f2e43213f1197,1,1
binary,1f66ea2b22ec8915,1,0
binary,1f85c8828bde069e,1,0
binary,1f916d19e5e597fc,1,1
binary,21645f15336bc2a3,1,0
binary,217016fa6b7a419e,1,1
binary,22c4b13bdbfa5c62,1,1
binary,231de85ed4c24507,1,1
binary,248bd6fe945fe28c,1,1
binary,26c8275fe9d566b0,1,0
binary,27315436e48e01e6,1,1
binary,27eb6e0d42f5288f,1,1
binary,2965ed08dda8a5a9,1,1
binary,2acbfb058350a5c6,1,1
binary,2b306f975ddb5563,1,0
binary,2b33762b2b5bbc19,1,0
binary,2c6af7a56835f406,1,1
binary,2dd7442beeca1d4b,1,1
binary,2dfc8a604e3fc862,1,1
binary,2e86f92b1251f894,1,1
binary,2f5a1c9d43c525a7,1,0
binary,3205e81dfa5da8ba,1,1
binary,325ff20d243612f1,1,1
binary,32b7b48c20d370c6,1,1
binary,331bb9130ff8ef8c,1,1
binary,33d1fdd2d6f00bed,1,1
binary,33d4b05ff269d9f0,1,0
binary,353a356914469c20,1,1
binary,35e034a3379c306a,1,0
binary,36ed8e1a6d36ae5c,1,1
binary,37cd0c18a64b6873,1,1
binary,38028fd559ddb19f,1,1
binary,3949e159442d1cdc,1,0
binary,3a6109ee428f8e72,1,1
binary,3a96aff4440c91df,1,1
binary,3ad46a8506627e03,1,0
binary,3af2a9ea93d7636b,1,1
binary,3b4635470795c633,1,1
binary,3c21f53faa6ee834,1,1
binary,3cf6bddc47d59a5e,1,0
binary,3d6ec781b3e0c3ab,1,1
binary,3df4c7dc379dda75,1,1
binary,3e50dc59b6aaa92e,1,1
binary,3e55e53886478db7,1,1
binary,3f7b6528c12ed3bf,1,1
binary,3fbf8bf5db92092c,1,1
binary,40dde75bcd9847b7,1,1
binary,4103320702d77516,1,1
binary,4350ce4361627f8b,1,1
binary,4378dc4727e2954a,1,1
binary,446d6d8f9c9983fb,1,0
binary,467bc9beda5da6ed,1,0
binary,47ab4def12019f2f,1,1
binary,4a93728751576494,1,1
binary,4aa1c6a49c3efe97,1,0
binary,4ae92cb61c87b3d7,1,1
binary,4b1a96be2c655018,1,0
binary,4c3e9819f46b7305,1,1
binary,4cb455a4a5d80bdd,1,1
binary,4db852fab6378d03,1,0
binary,4dd016ac74910070,1,1
binary,4f5747bd7606f0a3,1,1
binary,4fe9a63ce8607535,1,1
binary,50401bd96f40d1a8,1,0
binary,504d6da8cf26bbc3,1,1
binary,535ba9135c5df89f,1,0
binary,541657ab51d7ade6,1,1
binary,55daca170a270793,1,1
binary,56182e0a687f5f37,1,1
binary,570b924787edaa20,1,1
binary,572928a84e8a9205,1,1
binary,578f5aee80acef7f,1,0
binary,579d741e31f366d0,1,1
binary,57b9056141ae26bc,1,1
binary,58708eac1d026349,1,1
binary,58d6dadde0535ec7,1,1
binary,59bc6104da9279c9,1,0
binary,5a58b1c77ef32df2,1,0
binary,5a786adf9d030085,1,1
binary,5b0acc84be5a92a6,1,1
binary,5baa21262e6d1c72,1,0
binary,5e4f489d886b6d59,1,0
binary,5f3b9f057df1a5eb,1,1
binary,5f720f04b1bc3960,1,0
binary,5fda3a230ee2bbfe,1,1
binary,61017c68cbcfb852,1,1
binary,613f40b1b14f4593,1,1
binary,632a20b21183b48c,1,0
binary,6461bb5599f2fa95,1,1
binary,67043d7fe6e30220,1,1
binary,682436bf33903821,1,0
binary,6a4975d30dde6775,1,1
binary,6b96a09082ecc9e9,1,0
binary,6bef9ee200712970,1,1
binary,6d659580182aa98e,1,1
binary,6e788836ca4709f4,1,0
binary,6efe37bfa20cd7e1,1,1
binary,6f6dbf506ce99423,1,1
binary,6fe31640ed67aa71,1,0
binary,6ff4a04edbddceb0,1,0
binary,702ca96160f0407d,1,0
binary,7085ba33a08e2007,1,1
binary,7161d296a3d4b756,1,0
binary,71bede74d3828a9c,1,1
binary,734f882ec476329d,1,1
binary,73b644109c58284a,1,1
binary,73c09bf8eb069df8,1,0
binary,74ee5ebf468e6163,1,1
binary,762e25c8f14aa758,1,1
binary,77abdc99986d06b6,1,1
binary,7862fa293e24e6b6,1,1
binary,787028d63bbef07e,1,0
binary,7a97a8f0ce988f05,1,1
binary,7c1d74d6dc6999dc,1,1
binary,7c67ed739234fef9,1,1
binary,7cdca704c95162fe,1,1
binary,7d1d9a6455d62880,1,1
binary,7d1fa65c334d94ed,1,1
binary,7dcfdd3d55d42272,1,1
binary,7e46b399fe930ffb,1,1
binary,7f4958d57b05d833,1,0
binary,7f614e715cddf5b1,1,0
binary,7f8a8cea5fdf4054,1,1
binary,8084f2fdc37085a1,1,1
binary,8207e2612e39760b,1,0
binary,82a7703582b04ff9,1,1
binary,8394e8ddf0b2ebd8,1,0
binary,844fe41d05398a9e,1,1
binary,853c03f2e74baf11,1,0
binary,855f8d9b666db3eb,1,0
binary,87bab67001e1e5bc,1,1
binary,87ceda9e5f9dc6ad,1,0
binary,8859b19da19cb217,1,0
binary,885c97617ae5c7f9,1,1
binary,897f0d549dd877c4,1,1
binary,8a33c91f900b238c,1,0
binary,8b12a415354d9137,1,1
binary,8b175af1cb1b00e4,1,0
binary,8b6cd4aebde7c876,1,1
binary,8d27d1b044e5ba6c,1,1
binary,8e69283cd9450cf2,1,0
binary,8f0cba3b09ced0cd,1,0
binary,8f8e78dc8acb6826,1,0
binary,8feae373e696a826,1,1
binary,90135ee6a3e1f6f4,1,0
binary,92014ea03fc98f78,1,0
binary,9351318265d1637d,1,1
binary,93c8857b1dddb4dd,1,1
binary,9484db1b516d30cc,1,1
binary,96195a96bf2e6e49,1,0
binary,965698d4beb2c1fa,1,1
binary,96f703f5cebf0720,1,1
binary,982b48ee33854be8,1,0
binary,989dfbc42315f458,1,1
binary,99164fceaeff1e77,1,0
binary,995748a639fbc97a,1,1
binary,99d96280488931e2,1,1
binary,9a18232dc33a8ca6,1,1
binary,9b68ec2478530dcf,1,1
binary,9c8fc5a3a32b2de3,1,1
binary,9de191b3a11f90a0,1,0
binary,a0f136838b308fd3,1,1
binary,a230afd968369dc5,1,1
binary,a35ad60d7894022e,1,1
binary,a5cfdfd3686f15a3,1,1
binary,a6366fa91cbfb314,1,0
binary,a782875a48b8ea87,1,0
binary,a796ec1a44c89c05,1,1
binary,a79d0630ed7113a2,1,1
binary,a8a8ffad6a6612e1,1,0
binary,a9548e2b93034a69,1,1
binary,a9d7950e086bfe77,1,1
binary,ab1517854b157442,1,1
binary,ab637b0884603a2f,1,1
binary,ac5ea1db74969fdc,1,1
binary,acf446564b2eddbf,1,1
binary,adab2313b13bb43a,1,1
binary,adef55732487b463,1,1
binary,af28a924ae7c79a8,1,1
binary,b08df1cdcc77f200,1,1
binary,b16c283595d2ee4a,1,0
binary,b189346aa9295cfb,1,0
binary,b1c8bdc259c2e8c8,1,1
binary,b38e074f2e5e8a54,1,1
binary,b3d23219757503ce,1,1
binary,b3ddeb7b1e318977,1,1
binary,b432f1f62e06ac41,1,1
binary,b60c37f303281e95,1,0
binary,b7c75e596af5e60a,1,0
binary,b8656394ae33e3fa,1,0
binary,b8aaebe04cea4a34,1,1
binary,b92b57f030e42163,1,1
binary,b96b116ddc256522,1,1
binary,ba34aa7089636576,1,1
binary,baa77be8d1b3fe2d,1,1
binary,bb03abe2ca70600a,1,1
binary,bc91a58a2a640e7b,1,1
binary,bccdcea71b6ab632,1,1
binary,bcfa2674a99b0099,1,1
binary,bcfde07d1039312a,1,0
binary,bd07d4489f8c0f26,1,0
binary,bdccff94dec1732b,1,1
binary,bde20ef190056770,1,0
binary,bec97df2b78ccbf1,1,0
binary,c05ed6d1f33340a7,1,1
binary,c177adda5bcaf1d1,1,1
binary,c21c3372b280f025,1,0
binary,c27a34eb21b65ca5,1,1
binary,c30725b782702813,1,1
binary,c311b24ef3c1612f,1,0
binary,c3804fe451734f95,1,0
binary,c41dc57ac02fa227,1,0
binary,c563713f657fc7c3,1,1
binary,c5c06a31dc0dc5c7,1,1
binary,c5d5bf9249d253bd,1,1
binary,c7502b276d45ee49,1,1
binary,c850c280f1fa70e2,1,0
binary,c87fe579afa6d275,1,1
binary,c9343a71643795d7,1,0
binary,c94e9deb410fde2d,1,0
binary,ca2adc4549406802,1,0
binary,ca5864c3c628d3bf,1,0
binary,cbb238ce29316590,1,1
binary,cbe2541860f441a9,1,0
binary,ccec9ad782b3a082,1,1
binary,cedb9fb46324469a,1,0
binary,cedf6d29db7d944d,1,1
binary,cf304a3dcb5c8ba8,1,0
binary,cfaafe60219ad86a,1,1
binary,cfac25621006b262,1,1
binary,d1e2917cc63286a9,1,1
binary,d2bafcc44a6fd642,1,1
binary,d2d7b8f206c1a7a9,1,0
binary,d308b74f3a9e03e7,1,1
binary,d3b0d593c9f2c7b9,1,0
binary,d3e0d18735b193a3,1,1
binary,d4ab53ee39c4b9c2,1,1
binary,d5b76d3676c2a160,1,1
binary,d61235c68804577c,1,1
binary,d653882506f0a98c,1,1
binary,d65e86b15a250393,1,1
binary,d67848be27063954,1,0
binary,d6b7fa17a310766d,1,0
binary,d6c8f277547cbe41,1,1
binary,d76356baa01aaeab,1,0
binary,d8707946c837cd29,1,0
binary,da2ae13fac27f4a3,1,1
binary,da68e592eb2b7fd5,1,1
binary,db64af8e7eee0051,1,1
binary,db7c86933ece92e0,1,1
binary,dc2a4150411599b4,1,0
binary,dca56d28cf4254e7,1,0
binary,dda3d1a2e0b9e50e,1,0
binary,dfc1d5b679ee2ca3,1,1
binary,e0e019cb0b4d784b,1,0
binary,e12beecee0a03b82,1,1
binary,e1acfbfb39f31aa1,1,1
binary,e1d01d25c1ab47be,1,0
binary,e20de1a08764978d,1,0
binary,e26ea5775aca7768,1,0
binary,e290691343c827a3,1,1
binary,e2a58a1e78e5005f,1,1
binary,e3344ba0e0f503da,1,0
binary,e34074287d0e4363,1,1
binary,e3e51f24a9156364,1,1
binary,e47740c9aae27435,1,1
binary,e6762ab0952d17f8,1,1
binary,e89f397a1cdd6b75,1,1
binary,e94f8d37e9338a3e,1,1
binary,e9c225617f4f1d93,1,1
binary,e9f2fe6ebee9bfc2,1,1
binary,ea625a2afe94fd4e,1,1
binary,ea6a3a2948478ab9,1,1
binary,eab97910d614eadf,1,0
binary,eb16709fe4f36094,1,0
binary,eb46405869e8a130,1,1
binary,ed59066beb6d1ff5,1,1
binary,edb77b9c80306969,1,0
binary,eee44d2b899c2ae8,1,0
binary,f0b34f7165653a7c,1,1
binary,f135f35a147308dd,1,1
binary,f1383d7e2c49b6d3,1,0
binary,f378441dd124c468,1,1
binary,f3ad1eeda77c3d91,1,1
binary,f3ae9bcb98f90226,1,1
binary,f3bdee006d85e62b,1,1
binary,f43c7cbc9eafced4,1,1
binary,f45872fa46858f8e,1,0
binary,f473c84ebab7f4a0,1,0
binary,f53b6bfc0afe15e1,1,0
binary,f5a33564ec98a0ed,1,1
binary,f5f0670bbeb2ea19,1,1
binary,f79c854b1c25014d,1,1
binary,f7be046032e34daa,1,1
binary,f807b1177af65422,1,1
binary,fb94b99d58011ae8,1,1
binary,fc00f8e060911876,1,1
binary,fc8fac69ab0f91b0,1,0
binary,fe52914acf7e5947,1,1
binary,fea2367b51925785,1,0
binary,fec7b13a4fae68eb,1,0
binary,ff998064e5d2d3c5,1,1
binary,00bbfa754e29e39d,0,0
binary,017696fe8b1de828,0,1
binary,02087acd9f4b5b5a,0,0
binary,03423ca5a3472f8a,0,0
binary,03631f2f80903347,0,0
binary,045bfe39e89e0d8f,0,0
binary,06d38aee17a5e215,0,0
binary,06f02cf2580e97aa,0,0
binary,07454964e36786ce,0,0
binary,07ea64a38bd718bb,0,0
binary,0c5c8a93a6eff6aa,0,0
binary,0cc84bc43af40c98,0,0
binary,0cfc533dc7046098,0,0
binary,0d1f884e6dfba11d,0,0
binary,101658a5f60c3607,0,1
binary,10cf54c48b32372e,0,0
binary,11c1caff3fa563c4,0,0
binary,12020922da8e1f52,0,0
binary,12b379c37347cba4,0,0
binary,13eea033599b10fb,0,1
binary,15f6f7b2e0199c38,0,0
binary,165f546538fc9022,0,0
binary,178b99130ac6f67a,0,0
binary,17f2e42bc72267b3,0,0
binary,18337d8bcc5000a7,0,0
binary,18457e88d33130e5,0,1
binary,188195296bcce875,0,0
binary,1acec7574a1d37a6,0,0
binary,1b01b61b7cf27185,0,0
binary,1d36d4a12147f611,0,0
binary,1db01c017862a3a2,0,0
binary,1e74bf548c11569b,0,0
binary,1e9b3262cd9786ba,0,0
binary,21e54d93e0f3f412,0,0
binary,240eea080e15a554,0,1
binary,244ace81cc1c05f3,0,0
binary,259aaf18415021c5,0,0
binary,25d0967b42304896,0,0
binary,25d5d4c6feff5f22,0,0
binary,25deb9ec2f4ad130,0,1
binary,26d1b8351e8c2652,0,0
binary,279db24e269a0990,0,0
binary,28740042538a1063,0,0
binary,2915b83c7f73d34d,0,0
binary,29698cb8603559c8,0,1
binary,29699d1e2aab78ec,0,0
binary,29783b5653d3f25c,0,0
binary,2b4e60bc47a686c9,0,0
binary,2d0c35d6cedc26c4,0,1
binary,2e3080a3ad4ae456,0,0
binary,2ec55073018326dd,0,0
binary,2fcf898298667fed,0,1
binary,30c42e7cb8126568,0,0
binary,30fbe939c3a6047b,0,0
binary,310e56fc0f13a647,0,0
binary,3424f7d2c2027309,0,0
binary,35ec7125d48c1ac1,0,0
binary,367a13e6bd12b9ea,0,0
binary,36e545bc6e433e30,0,0
binary,36fdd2a9885f0165,0,0
binary,3743e8aba01c5dff,0,0
binary,37923764f171794b,0,0
binary,39ac1b3d7bd89e60,0,0
binary,3a2c903310591979,0,0
binary,3a4074c7560700e5,0,1
binary,3ce5efb5fd6081c3,0,0
binary,3dc602a487f89d9a,0,0
binary,404befaf8073d0d2,0,0
binary,43222e6adbc8f522,0,1
binary,43eb6351412960e6,0,0
binary,44b0597a928a2808,0,0
binary,44b82c45cde329b4,0,1
binary,45a7236f2a146149,0,0
binary,4686086ac1952e9f,0,1
binary,4828642f8f03e05d,0,0
binary,494633a77e5ba64c,0,0
binary,4c4fbf05c56cc046,0,0
binary,4e246ecafec234d2,0,0
binary,5090242aff8641c3,0,0
binary,50adb87cf7a6365b,0,0
binary,51a82e57bc38b589,0,0
binary,528161039d936b12,0,0
binary,532c5d9a1a12c8da,0,1
binary,53f5da31737f6fc3,0,1
binary,5402f0cbb4bd4f14,0,0
binary,55a8323786ed3c94,0,0
binary,569b332377f5769a,0,0
binary,578e9138092c9c97,0,0
binary,582dba9edfbd76e1,0,1
binary,58c6fc7a614c3bdd,0,0
binary,58dbd4ea5af5bd6d,0,0
binary,5950d4fbedee59ce,0,1
binary,5a2714173912bb8c,0,0
binary,5b84b3d401fe9f63,0,1
binary,5d064fe99ded6f5c,0,1
binary,5d4219870638223b,0,0
binary,5ed0866da7d77a39,0,0
binary,60b16f2f90513a98,0,0
binary,61e4558c199cd05c,0,0
binary,6255c0f51ca361ce,0,0
binary,658e5a7c37d3713e,0,0
binary,6776dde136a2c938,0,0
binary,689626bb05ff68c9,0,0
binary,68a763ae62ff3fe9,0,0
binary,695bb02db95db6d9,0,0
binary,6a6a6685ed752d44,0,0
binary,6a7c12ff00721eae,0,0
binary,6be8c5eb552ea32e,0,0
binary,6ccd5c7659d67f83,0,1
binary,6d4035688436e92c,0,0
binary,6ddb5546940d8934,0,0
binary,6e1c349d22c5c92c,0,0
binary,6e53a78340fc4d6f,0,0
binary,6e8af41cd39e9e1c,0,0
binary,6f5f37940b67242c,0,1
binary,700703acac1e7442,0,0
binary,70b853c16b9f6764,0,0
binary,721da5d8a20825dd,0,1
binary,73bfc11e073c9795,0,1
binary,7484b5df2b3e3013,0,0
binary,74b399c92e3c37b0,0,1
binary,7599b710cc2ebe70,0,1
binary,7686cacab58d0255,0,1
binary,76a3824b70a8ac50,0,0
binary,77936c40ffdaa5aa,0,0
binary,783c90f72375d614,0,0
binary,79a00839e2404007,0,0
binary,7a75262fdcd05ff4,0,0
binary,7af803acdf382caa,0,0
binary,7d01bbbb5e41cff4,0,1
binary,7d50d5332c4833f7,0,0
binary,7dc35f4ef21c2111,0,0
binary,7e422230b5c6924c,0,1
binary,7e947d783499f403,0,1
binary,7f13c6815816d947,0,0
binary,81949d32ae4e504c,0,0
binary,82b6b665a50ae87b,0,0
binary,8394a3be7a3494b6,0,1
binary,8563f05cf4223102,0,0
binary,8780415b20c035ec,0,1
binary,8801c26890336c45,0,1
binary,8830299bc6808c10,0,0
binary,88d098eae81e781f,0,0
binary,8902f0209cb97f71,0,1
binary,89df49c5e40a13ab,0,0
binary,89fe7097b0417f90,0,0
binary,8bb99e0c4442389b,0,0
binary,8c6efd62612a3bdc,0,0
binary,8c85883ed4e8f363,0,1
binary,8ca190bf89a4051d,0,0
binary,8d2ee910c8085a5f,0,0
binary,8d78767e77c70380,0,0
binary,8da4e4fa61b9f47c,0,1
binary,8e084566e50de2dc,0,0
binary,8f73b5b29c68fa3d,0,1
binary,90e1e58c753e4796,0,0
binary,92229b402ad647c2,0,1
binary,926c29533278fcc7,0,1
binary,928fd98da5ea092e,0,0
binary,9421db01baa99969,0,0
binary,962865edcfc10aa6,0,0
binary,9666a655f55d2991,0,0
binary,966dcb61684de2b7,0,0
binary,967eeab1d06b0710,0,0
binary,96baee933e068cc2,0,0
binary,99db5297a556f6ec,0,1
binary,99dcd0515a14c160,0,0
binary,99ed2ed7120deed5,0,0
binary,9b6bcfd977416803,0,0
binary,9bc3ed9066c4021b,0,0
binary,9bcee540d8d5e7bb,0,0
binary,9d36bc41e15633e1,0,0
binary,9d5bd6ecf4f6341e,0,1
binary,9eb144ecdd91a580,0,0
binary,a057e54ed9e2f586,0,1
binary,a06b5d9d28de8ce0,0,0
binary,a1b9d8e215f21bfd,0,1
binary,a1ef19901d1e3764,0,0
binary,a25e57c2f033c688,0,1
binary,a57bf7a249821e44,0,0
binary,a7e2d427852b8c91,0,0
binary,a920bccee513ada8,0,0
binary,a9a99b070c810cbe,0,0
binary,a9ba10c854879307,0,0
binary,aab0402f15f3a23b,0,1
binary,aabff560377d64b7,0,1
binary,ab90e453043d0fa0,0,0
binary,ac09391dfb834f2e,0,0
binary,ac3e581218b33aa8,0,0
binary,ae762b2c901a3ec7,0,1
binary,aeb383294ba6d251,0,0
binary,b22f54e55364cfc2,0,1
binary,b3f96a319fdec0e0,0,0
binary,b4d90d07fe29b780,0,1
binary,b5eac254a792dd1b,0,0
binary,b697654ada363f33,0,0
binary,b6c4fea93b8f0dbb,0,1
binary,b7e2d7c03f91c7c9,0,0
binary,b8699faeec5cb057,0,1
binary,b94a2dbeb901d310,0,0
binary,b9627ea655315df2,0,0
binary,baace7ca3726c2d8,0,0
binary,bb8491b7cfaf9748,0,1
binary,bb8d5fa303ef1be6,0,0
binary,bc49fe196b3b3207,0,0
binary,bcb1cabbccce5bec,0,0
binary,bd15a07a0bdb31ae,0,0
binary,bd543dec19b388af,0,0
binary,bdac21ea3a56a53e,0,1
binary,be66f6f8be6f956f,0,1
binary,bee9ccb142627f2d,0,1
binary,bf310747d86670e5,0,1
binary,c112080a4e308dbb,0,0
binary,c1855c3c91c4c2a7,0,1
binary,c18d1631128dbcb7,0,1
binary,c2fce0496893b87a,0,0
binary,c334739326678bfc,0,0
binary,c37dfabceb85e4ca,0,0
binary,c389e4974d4b36cc,0,0
binary,c4c3e20dfc3a7b3e,0,0
binary,c4cc14ac50874ac4,0,1
binary,c4ded1a3bd0f03b8,0,0
binary,c592b0246f4cccbf,0,1
binary,c5a7334417d563db,0,0
binary,c6b47025e40ead52,0,0
binary,c75a6a3bf5928991,0,0
binary,c7e0fef4913bd233,0,1
binary,c8dd57dc934de68e,0,0
binary,cc94eda8641b8f04,0,0
binary,ccaad4a9587bfc90,0,0
binary,cd7ee52697910fd3,0,0
binary,cdd82233b2b21c35,0,0
binary,cded06c9b1f78460,0,1
binary,cfcd0e0bc89fabb9,0,0
binary,d073149a08ca5996,0,0
binary,d2666079738b90fc,0,0
binary,d2f8a8d7d355720a,0,0
binary,d33e60f3c0ec6edd,0,0
binary,d3d6c2a3f36497a2,0,0
binary,d59389827b1b11a5,0,0
binary,d62a2c375e44d7b2,0,0
binary,d65d9555c8020a8f,0,0
binary,d757940ea094eebd,0,0
binary,d77e5784c1df230a,0,0
binary,d806bce04022b6bf,0,0
binary,d81141eef7c6a787,0,0
binary,d8715e9822cc4701,0,1
binary,db012ae246350b01,0,0
binary,dbf8484b47c745ed,0,0
binary,dc18592d83d6bf42,0,0
binary,dc56ff25b1d75761,0,1
binary,dcbd3138e2b393cd,0,0
binary,def9cbeeef881321,0,1
binary,dfdcb282b1471eed,0,0
binary,e2be637096c8d883,0,0
binary,e2cf7face5937054,0,1
binary,e302f47d7e00803d,0,0
binary,e30f852dca6ac008,0,1
binary,e35fe4485167aecf,0,0
binary,e42d0c988bbf9365,0,0
binary,e4794962c55e1974,0,0
binary,e5c4917f3cdbbd5a,0,0
binary,e784430bffbfa6a7,0,0
binary,e82bde158afe3346,0,0
binary,e87ca7b445ff52f9,0,0
binary,e955a37d0e17457d,0,0
binary,e967674844bb5154,0,0
binary,e9f1c44f04663600,0,0
binary,eb246bfed36285a6,0,0
binary,eb81c9e6d084c544,0,0
binary,eb9233a61fcce409,0,0
binary,ecb0f259a5a2a965,0,1
binary,eec0cbb7e6b7202e,0,1
binary,eecc2457eb99ded3,0,0
binary,ef3aa99f6d2d106f,0,0
binary,ef52eec0455ac6fd,0,0
binary,f072a45c0e0e713c,0,1
binary,f1af440480265f43,0,0
binary,f2c0d3529001c46e,0,1
binary,f2dbe491710da1a1,0,0
binary,f37e8eebc7677a33,0,0
binary,f3ae9c222c5d0e81,0,1
binary,f46d5c5542054546,0,1
binary,f59fe25e474812bb,0,0
binary,f5a2dc868cb8add3,0,0
binary,f5d1dacc7100dadd,0,0
binary,f73fed52519fbc5c,0,0
binary,f88371bdcaad6016,0,1
binary,f89f8c78f2d0fe7a,0,1
binary,f93fbc985a5317b6,0,0
binary,f9e2bf2bd4c837c8,0,0
binary,faad395704120550,0,0
binary,fc6e5ba4c49803e0,0,1
binary,fd9413469e0973fa,0,0
binary,fe5760adca2d8e89,0,1
binary,019ba7b286fcd8d4,1,0
binary,01d96210ecd30317,1,1
binary,021f96613ed2ac45,1,0
binary,06db5c75bf52f42f,1,1
binary,07cb5b8178ee16f9,1,1
binary,07dc68a128373e5f,1,1
binary,09bfdd3ee9d3e2c4,1,1
binary,0a3cece4298b877d,1,0
binary,0a9e6e228450c175,1,1
binary,0aac227737fdc1f7,1,1
binary,0af35de873646263,1,0
binary,0b73ac51d4afd1b0,1,1
binary,0bf1e1cf0c057b0f,1,1
binary,0dcd4d33d56151f1,1,1
binary,0e6584f457ebdf06,1,0
binary,0f961bef789b067c,1,0
binary,10097b10c0f790d4,1,0
binary,1099427a607d9d1b,1,1
binary,1347e986470c87b0,1,0
binary,13855942a46b9687,1,0
binary,139090af70425656,1,1
binary,142a078e84f7ce7f,1,1
binary,14c3525ea837fabb,1,1
binary,156dff19d79102a5,1,1
binary,15880ae0f9544673,1,1
binary,15d01d1e2e1ebdec,1,1
binary,16887ba14deb21c3,1,1
binary,1834649d8eac992e,1,0
binary,1a113fb02590614b,1,0
binary,1a4f254a5582ba28,1,1
binary,1b9879fec4c1bcd8,1,1
binary,1c3e137819849da6,1,0
binary,1e109ceea1034b0a,1,0
binary,1f9ea91054d407ee,1,1
binary,2070fdee3a47b62a,1,1
binary,220e9cefae19fbf8,1,1
binary,224433a463849cff,1,1
binary,22ed4ee2174720a4,1,1
binary,23b638b0e21bb727,1,1
binary,25381eb0249121c2,1,1
binary,2606ae25d10d9f95,1,1
binary,26de555cc506faac,1,1
binary,2777c7c2590ea260,1,1
binary,28c62be4f4248248,1,1
binary,28f9bdc51aa987a8,1,0
binary,299658ca10f7bdf0,1,1
binary,2afe38c5a3be958a,1,1
binary,2b8442836c3be870,1,1
binary,2b8f8f6141b1a66b,1,1
binary,2c01a90c63be3f08,1,0
binary,2dd36d1eee6362a1,1,1
binary,2e4bbc99ef7a6225,1,0
binary,2f633896f3c079ba,1,1
binary,2fd5b92e44454e32,1,1
binary,3026380a40ed9795,1,1
binary,31161df947d7228b,1,0
binary,31c3e1d79674cb3a,1,1
binary,328a2041bcb2608e,1,1
binary,32cec4def0922148,1,0
binary,32e7e7f6c3ce4540,1,0
binary,32f94debf17733bf,1,1
binary,33036aec0c34511f,1,1
binary,3606282cbb60071a,1,1
binary,363be2b9b4fab717,1,1
binary,3700acbd14e88e10,1,1
binary,371165473fe9b375,1,1
binary,37f6aa2d4d1b30fe,1,1
binary,383b42f4ea6dcbc4,1,0
binary,39a4f404cea74d8f,1,1
binary,39c8ce4528a16a08,1,1
binary,39cefb5b02b98828,1,0
binary,3ae07f4fd7dc5c7a,1,1
binary,3c089a670e2dcf4c,1,1
binary,3c15c553087c4059,1,1
binary,3c27100ff63cb6a2,1,1
binary,3c3073c34bf097ce,1,0
binary,3ced89d1d532035e,1,1
binary,3d3910e89a267563,1,1
binary,3eadf55cea833010,1,1
binary,3f769247aaa8e3e8,1,1
binary,3faae2912d3b17ad,1,1
binary,3feaea4608d9bdb7,1,1
binary,41b4fcb76e45d5b6,1,1
binary,43f6668994fa8a5a,1,1
binary,44daf23a857bef5f,1,1
binary,452921180e219dba,1,0
binary,467a814c783ae4e4,1,1
binary,47c90af46db1be05,1,0
binary,48fea2a19ea2ecc7,1,1
binary,4ac85f54e2fac0f7,1,1
binary,4afbf4c0f3ccebc9,1,1
binary,4b72a0a845dc1e17,1,0
binary,4c0197244b3c7bd7,1,1
binary,4c9ed3f91aa1b093,1,1
binary,4d543d6a53a80c76,1,1
binary,4e34296ec44f06e4,1,0
binary,4e7433c5210435bd,1,1
binary,4ea8d7c116bc1f61,1,0
binary,505907cab2341b96,1,1
binary,51cc17003454e23d,1,1
binary,530452b8ee6d6240,1,0
binary,53d8dd58e052f5ef,1,1
binary,54bb5983ba64dcc4,1,0
binary,5774b13833785c13,1,1
binary,5866e98dece44946,1,1
binary,58b0572bef266912,1,1
binary,59c66dd83aa0fa29,1,1
binary,5a96f2f6f68fc926,1,1
binary,5bfde6baae19b07d,1,1
binary,5c118842b08ed2f3,1,1
binary,5d0df831bbc75621,1,1
binary,5d56532c2d49f904,1,1
binary,5f453e75a11227c9,1,0
binary,5f541e8d558778e3,1,1
binary,5fb19ea3b00d7d6b,1,1
binary,5fbafbf3a1190dbf,1,1
binary,608b855cdd971dc7,1,1
binary,62311bbe6136ba63,1,0
binary,6285dbc56dce0043,1,1
binary,62e4e698a60e59e2,1,1
binary,6471ccebd3522f1d,1,1
binary,6563a2dd66d57c3c,1,1
binary,65d39880f932c49a,1,0
binary,683ab7ed6e8c09bd,1,1
binary,6a78ff81bb1788ef,1,1
binary,6aebd229bbb8ffc7,1,1
binary,6cc9b5aea2c8efa6,1,0
binary,6de74cd7e935f78b,1,1
binary,6e236c5a37dc131e,1,0
binary,6fe5084a8b59b7b6,1,1
binary,700b21262d4a2ba9,1,1
binary,710efe0b55e17453,1,1
binary,722a1674ae1b30ae,1,1
binary,7242b3910c20380c,1,1
binary,73bd35d2eb02505c,1,1
binary,74875b47ee55af57,1,1
binary,74c782cad4d8e5c7,1,1
binary,75a73679dc8e8df6,1,1
binary,75bc9436109d26cb,1,1
binary,764ef0534fc98660,1,0
binary,76cd39137a770c4b,1,0
binary,7819b1614e70f193,1,1
binary,782d04a07b1b4862,1,1
binary,7857b790cea635d6,1,1
binary,791e9c5e2e84a7f7,1,1
binary,7b171aa02e4fccf8,1,0
binary,7b457a356ac061d1,1,1
binary,7b6333736fc980fa,1,1
binary,7bd15f0e6e8258e6,1,1
binary,7c1aa4bb1dafe9ae,1,1
binary,7d86701e54f32fa2,1,1
binary,7dac94bcc8caf79f,1,1
binary,7e93b58bce77188a,1,1
binary,7fe083b6969babc5,1,1
binary,80a5799dcd380d43,1,0
binary,8134931edd36d499,1,1
binary,81e2fa4b499a2ef7,1,0
binary,83b6066c7ffd5868,1,1
binary,83d0ca80ffd5c13c,1,1
binary,861db69c37b13b15,1,1
binary,8907e783bae41d04,1,1
binary,89fd5ea2963fcec4,1,1
binary,8a8457565c6e6c83,1,0
binary,8b3600a658a2d066,1,0
binary,8b9e5ff99da6c079,1,1
binary,8ba84a25dd57419d,1,0
binary,8caaf99a0747ff9e,1,0
binary,8d492ede0b83d278,1,1
binary,8e39fcff1002b08e,1,0
binary,8e66627107b155ef,1,1
binary,8ef4897276d81164,1,1
binary,8f6d49e59887c0c1,1,1
binary,9048f186f0ae4fa4,1,1
binary,9320f68f1fa40df9,1,1
binary,93d2e4053e3406bd,1,0
binary,95f30638a565e971,1,0
binary,982c2c5e39be9d2a,1,1
binary,98dbd65019cfcef8,1,1
binary,994539f926ea5bdb,1,1
binary,99d864819a1d30a1,1,0
binary,9a5a86c08cb9239d,1,0
binary,9ac7a3bc49fd37b7,1,1
binary,9af9e321b2b694b1,1,0
binary,9b31de55a07d08bc,1,1
binary,9c367e0b364d1a0f,1,0
binary,9cf0225ec95420a9,1,1
binary,9d24ac1b6a536d3f,1,1
binary,9dc202ddc99436c4,1,0
binary,9e380058cab71794,1,1
binary,9e6dd7a11bd7b611,1,1
binary,9f16fab9fa1df1ca,1,0
binary,9f744f5742e8c679,1,1
binary,a042de265bb1bf4e,1,0
binary,a0b6ed22b36ca5d7,1,1
binary,a19fa0fdc60bd4a3,1,1
binary,a1b921e568f6b119,1,1
binary,a3108e460a14bee3,1,1
binary,a49e0044e580c7cf,1,1
binary,a54b2dbf120c21c2,1,1
binary,a6963792968fe8af,1,1
binary,a8407de12c0d0624,1,0
binary,a855afd1cd799041,1,1
binary,aa11afa7bffb4deb,1,1
binary,ab0ca7168383dd45,1,1
binary,ac5288e6e000f241,1,0
binary,ad2ca569c5625f2f,1,1
binary,ae223ccafd286ddb,1,1
binary,b03ae0d6b83f5928,1,1
binary,b0e6f589bf3a31e4,1,1
binary,b1255c8381027c6a,1,1
binary,b1f6ed2941cb8f90,1,1
binary,b6b318a129ca5305,1,0
binary,b9330643bcd43688,1,0
binary,ba62d1a6bf52f4b5,1,1
binary,bad7dd3c4349b990,1,1
binary,bb3598c208e50cea,1,1
binary,bb6c87317cb6d233,1,0
binary,bba659536d143c29,1,1
binary,bd726daf66de5d9f,1,1
binary,be3aa2e914b17b7d,1,1
binary,bf7e25139a9a7eda,1,1
binary,c05c975596e9bf70,1,1
binary,c0a0df37ac8bea31,1,0
binary,c23c2ac65e56fbf0,1,0
binary,c2f1bcf895d63a23,1,1
binary,c34b3bb3b61dfaef,1,1
binary,c36e456c185295c6,1,1
binary,c62a9c9d49b9761d,1,0
binary,c65f4160a127368e,1,1
binary,c6bd23864a9ec7b9,1,1
binary,c7257118fc92b7b2,1,1
binary,c7cd4048823957f9,1,0
binary,c7fd4580fe87bf47,1,0
binary,c8334c83cb62ecdb,1,1
binary,c8a8d3a233d39993,1,1
binary,c9047848d105f8b1,1,0
binary,c934cf88909ac4e4,1,1
binary,c94d946920a4ab25,1,1
binary,cd0023479e1ffda8,1,1
binary,cd63f86f825bf333,1,1
binary,cdb26b4dd5da810c,1,0
binary,d08ef05241027800,1,0
binary,d0dadc42bcd8c074,1,1
binary,d0f17ba4eb074e22,1,1
binary,d0fab24b6e4f7b61,1,1
binary,d197b0b38ae5d9db,1,0
binary,d1dc51bb263638a3,1,1
binary,d380343408941e48,1,1
binary,d6b8c56309968daf,1,1
binary,d7262c4470fe4f4c,1,1
binary,d75886711553bfab,1,0
binary,d77e97776c8ac767,1,0
binary,d7d2c70f8baac95c,1,1
binary,d801c2f1a27b469b,1,1
binary,d86aba7fbf9da03b,1,0
binary,d93093ce9c00f471,1,1
binary,da400104bcb3ae85,1,0
binary,dbea51f5acb015d1,1,1
binary,de166b9cdde6c45c,1,1
binary,de247741b283c347,1,1
binary,de5b67fc2d6991c0,1,1
binary,dfd8df6484958916,1,1
binary,e05a1494f8787a21,1,1
binary,e29422ed9501da47,1,0
binary,e3035f3396bd1146,1,1
binary,e53b89c6b13c1274,1,1
binary,e5aa9b1e42b63674,1,1
binary,e5c73f36e26cff78,1,1
binary,e639b31a7688a680,1,1
binary,e66db1310b6f6255,1,1
binary,e6f2d2a9de98308a,1,1
binary,e7762ca1e44e3223,1,1
binary,e77db82166974c2a,1,1
binary,e7afccc32ab1d97f,1,1
binary,e8f9c45417be28bc,1,0
binary,e90c032a3ee5621e,1,1
binary,e9b8b9b625040927,1,1
binary,eada494ff352c1a9,1,0
binary,eb5d7c336a4fdeac,1,1
binary,ebecc0faf5a7ed08,1,0
binary,ec68faf7d50e1d47,1,0
binary,ed6e85f6e814adbe,1,1
binary,ee998f7250e05fd4,1,0
binary,f038541f1d1fcceb,1,0
binary,f0d3b0d07dc5c9a7,1,1
binary,f1443e2519f8e94d,1,1
binary,f2cb5290ef74b898,1,1
binary,f328480a175051af,1,1
binary,f471cba06dace14b,1,1
binary,f56ed7ce6cbac1f1,1,1
binary,f92d452b21061d08,1,1
binary,f9d26f0adf0864c2,1,1
binary,fb1f02093bcc7045,1,1
binary,fbbbd35f6c40a82f,1,1
binary,fbc7d6d9c24e577f,1,1
binary,fbd7998debe8bbe6,1,1
3way_drop,0006bff7bee18fa6,0,0
3way_drop,017d99e22086e91c,0,0
3way_drop,02ee4e6395f030ce,0,1
3way_drop,03423ca5a3472f8a,0,0
3way_drop,03d9d70a0c4b9021,0,0
3way_drop,042a88133bb0c863,0,0
3way_drop,05a5e7c17ddff098,0,0
3way_drop,06432aa71b181891,0,2
3way_drop,06bd001fd21c0391,0,0
3way_drop,06d38aee17a5e215,0,0
3way_drop,06f02cf2580e97aa,0,1
3way_drop,07454964e36786ce,0,0
3way_drop,08785b58ce153e6e,0,2
3way_drop,093deabecdc9063e,0,0
3way_drop,0c5c8a93a6eff6aa,0,0
3way_drop,0cfc533dc7046098,0,0
3way_drop,10cf54c48b32372e,0,0
3way_drop,1150b84fc8dfdfdc,0,0
3way_drop,11fcebacb28ff879,0,1
3way_drop,12e8b16302d64f09,0,0
3way_drop,13703e430c04ed9f,0,2
3way_drop,13a9cc8c118253b2,0,0
3way_drop,154d4cf2c8b10810,0,0
3way_drop,163044d8592be784,0,0
3way_drop,168d14a10b5baa8a,0,0
3way_drop,1773375d4d1a10ef,0,0
3way_drop,17f2e42bc72267b3,0,1
3way_drop,1847a7c58e5f9406,0,1
3way_drop,19143bece2fee705,0,0
3way_drop,1951bb91d3ee91ed,0,0
3way_drop,1a83f9af4fb56156,0,0
3way_drop,1a91eb4c29bd5c1a,0,2
3way_drop,1b8eca0319ba418d,0,0
3way_drop,1d7f8f6c8975de40,0,0
3way_drop,1e74bf548c11569b,0,0
3way_drop,1fab5bfbfc12ecc6,0,2
3way_drop,202da385a4c56c66,0,0
3way_drop,2572ac77352044e3,0,0
3way_drop,259aaf18415021c5,0,0
3way_drop,2a246fcfb726683e,0,0
3way_drop,2b1f3af1a386242b,0,1
3way_drop,2d409db2dced29fa,0,0
3way_drop,2d688d3ba89348c9,0,2
3way_drop,33e3adbeba9adda8,0,0
3way_drop,3423ba3ca0289bbb,0,0
3way_drop,357a1e8df97d7230,0,2
3way_drop,374116d7210adfbe,0,1
3way_drop,37923764f171794b,0,0
3way_drop,3bf2a84be75e8564,0,0
3way_drop,3ce5efb5fd6081c3,0,0
3way_drop,3e1208b764505569,0,2
3way_drop,3e4a5beaa748d412,0,0
3way_drop,3f279efd2cc2c6cc,0,0
3way_drop,416e56bf71b528b3,0,0
3way_drop,442c55bf2136a352,0,0
3way_drop,44b82c45cde329b4,0,2
3way_drop,45b19da57773d6b4,0,0
3way_drop,47838289916dfcd0,0,1
3way_drop,48acf658260cf068,0,2
3way_drop,48f2af64cb7f8242,0,1
3way_drop,4911d523c4e5ca6a,0,0
3way_drop,4a444d639aa53405,0,0
3way_drop,4c3d543e463285ee,0,0
3way_drop,4cd8e56532a35189,0,1
3way_drop,4e881a61104af00e,0,0
3way_drop,55a8323786ed3c94,0,1
3way_drop,56b432779505e6a0,0,0
3way_drop,589c41eca3a9bb55,0,0
3way_drop,596ed453a8806371,0,0
3way_drop,59fe674ec02cdc39,0,0
3way_drop,5d0578d955bd408e,0,0
3way_drop,5d60d338593eb872,0,1
3way_drop,5e75a6a695e08790,0,0
3way_drop,5ea5392dd977eed3,0,2
3way_drop,61755b371d3ccef6,0,1
3way_drop,61d7e3f62fb00e3a,0,0
3way_drop,6255c0f51ca361ce,0,0
3way_drop,643fb8ab07814746,0,0
3way_drop,65a4004e17870613,0,0
3way_drop,665eb747ea2dd8a9,0,0
3way_drop,689626bb05ff68c9,0,0
3way_drop,6c6f289992a3ca89,0,0
3way_drop,6c982ab6eea1b56c,0,2
3way_drop,6ccd5c7659d67f83,0,0
3way_drop,6ddb5546940d8934,0,1
3way_drop,6e5051e4db179025,0,0
3way_drop,6f5dd709ba845499,0,0
3way_drop,70fa07e007bfb8eb,0,2
3way_drop,73ad56ef191b7c01,0,0
3way_drop,7538538d38083f06,0,2
3way_drop,76148c5505114a7c,0,1
3way_drop,786ce4e879b62717,0,0
3way_drop,79dc0f012d2de8fb,0,0
3way_drop,7c923ac3d9baadfd,0,0
3way_drop,7e1fed2f479f9c13,0,0
3way_drop,7f13c6815816d947,0,0
3way_drop,806582ab2ff7b7ef,0,1
3way_drop,82fba8d09f56c69c,0,0
3way_drop,841d46a5803f7724,0,2
3way_drop,8495bc9bd704a665,0,1
3way_drop,8801c26890336c45,0,2
3way_drop,883190bc72591fce,0,0
3way_drop,88d098eae81e781f,0,0
3way_drop,8ca190bf89a4051d,0,2
3way_drop,91f222494349e83a,0,1
3way_drop,926c29533278fcc7,0,0
3way_drop,962865edcfc10aa6,0,0
3way_drop,96d63917b54b57aa,0,1
3way_drop,97dcd558af304a14,0,1
3way_drop,9872ca279ebf4ddf,0,0
3way_drop,9912d6ad9b4a9a1c,0,0
3way_drop,996cb955168a7334,0,0
3way_drop,9b6bcfd977416803,0,0
3way_drop,9c69626d5e239071,0,1
3way_drop,9fd77e7fd36a9ef8,0,0
3way_drop,a1675204aad7d1d8,0,0
3way_drop,a1ea7a6d0f6e5d7b,0,0
3way_drop,a35b2e17b6c89a31,0,0
3way_drop,a57bf7a249821e44,0,0
3way_drop,a5f08dc7904dac93,0,0
3way_drop,a66a2f1f9045e781,0,1
3way_drop,a70c53f44a61be40,0,1
3way_drop,a920bccee513ada8,0,0
3way_drop,a96fe59faffda22f,0,0
3way_drop,a9a99b070c810cbe,0,0
3way_drop,aab0402f15f3a23b,0,2
3way_drop,ad15f15068625cd4,0,0
3way_drop,b14cce2e5ffae5f5,0,1
3way_drop,b228588e44b55f1e,0,0
3way_drop,b4d90d07fe29b780,0,2
3way_drop,b5872304aa7717db,0,0
3way_drop,b603e16d61aceb0b,0,0
3way_drop,b94a2dbeb901d310,0,0
3way_drop,b969d025c982d667,0,2
3way_drop,ba27adb71ab3ceec,0,0
3way_drop,bbf1135509b90a56,0,0
3way_drop,bcc1e804e5609d8d,0,0
3way_drop,bd297af5df9de22a,0,1
3way_drop,be6f29f5e3829539,0,0
3way_drop,bee9ccb142627f2d,0,1
3way_drop,bfac10aa45093bbf,0,0
3way_drop,bfb8fd63b9911fbb,0,0
3way_drop,c39e3b109365cfff,0,1
3way_drop,c6b47025e40ead52,0,1
3way_drop,c6e56ad9a6d2ca86,0,2
3way_drop,c826a11406672037,0,1
3way_drop,c8c173eef05613ac,0,0
3way_drop,c8c309119d10c19a,0,0
3way_drop,cb96b5d7eb1bb2a5,0,0
3way_drop,cd53ce04c2b5bd63,0,0
3way_drop,cea30713673d8c61,0,0
3way_drop,cf6b39666e83d1ea,0,1
3way_drop,d2e702089eddb7d3,0,0
3way_drop,d570e1c550cc61de,0,1
3way_drop,d5b0e31e692d7540,0,0
3way_drop,d757940ea094eebd,0,0
3way_drop,db61df9c8c46d140,0,0
3way_drop,dd64641f86e7d6aa,0,1
3way_drop,e071179b5714ed08,0,0
3way_drop,e1672df05b5af06f,0,0
3way_drop,e2ede77a798b8b3e,0,0
3way_drop,e474734e4f815bdb,0,1
3way_drop,e5c4917f3cdbbd5a,0,1
3way_drop,e7fee0391b9b778b,0,0
3way_drop,e883dc1f8fba71ce,0,0
3way_drop,e92f2c26f0454a97,0,0
3way_drop,e967674844bb5154,0,0
3way_drop,eaa20013cc8187bb,0,0
3way_drop,eb5a1ff745a86438,0,0
3way_drop,f050bf1dfaaacfa8,0,0
3way_drop,f28d074649587a4a,0,0
3way_drop,f2d3bdd8de14e486,0,0
3way_drop,f3c5cc295c26296d,0,1
3way_drop,f6271ec3c2c2f565,0,0
3way_drop,f6d36f6e4df2cbc6,0,0
3way_drop,faaf81f0a175941f,0,0
3way_drop,fe000082ec45ba93,0,0
3way_drop,fe5760adca2d8e89,0,0
3way_drop,000e18bb8acba8d9,1,1
3way_drop,00785dd390d14f5b,1,0
3way_drop,02ba72eeead33bb4,1,1
3way_drop,03a969e6b9c9550f,1,1
3way_drop,03aa5d4f19d764c9,1,1
3way_drop,04412d676f9cc363,1,0
3way_drop,05ce54a30d0b0376,1,1
3way_drop,064a8c8b9dbe1b17,1,1
3way_drop,06d9df81bd82c12a,1,1
3way_drop,075b6d43bae838dd,1,1
3way_drop,093b5a947ca6b5d5,1,1
3way_drop,0a28bcdd154fb0a0,1,1
3way_drop,0b9170c007ba0bba,1,1
3way_drop,0f58456706783ad6,1,1
3way_drop,0f961bef789b067c,1,0
3way_drop,0fe190cda5dcf04f,1,1
3way_drop,10097b10c0f790d4,1,1
3way_drop,10d7817462e3fca3,1,1
3way_drop,11598f1ff0b4796b,1,1
3way_drop,1187d1243b093ac8,1,1
3way_drop,11a6ce3f8211b33b,1,1
3way_drop,126fee1c22513369,1,1
3way_drop,12c02d4e6b836e30,1,1
3way_drop,1347652cad0e0a67,1,0
3way_drop,136e67955230bc8e,1,1
3way_drop,13cf745a8ff1fc0e,1,1
3way_drop,15b78d00deb8e6e5,1,2
3way_drop,16adc9a51b5f6bb1,1,1
3way_drop,16eb05a0fbbc578d,1,0
3way_drop,171e4259ecb845da,1,0
3way_drop,19c10f5222bc30fe,1,1
3way_drop,1a2450c3b0857d18,1,0
3way_drop,1a8e8c10fff24065,1,2
3way_drop,20a9b7d4db5d9241,1,1
3way_drop,20f26397ba75f70d,1,1
3way_drop,212000fe7bec6c1b,1,2
3way_drop,238229727d61d9e3,1,0
3way_drop,24a4fbec5a9a9390,1,0
3way_drop,265fa6f5d9388c09,1,1
3way_drop,26c8275fe9d566b0,1,1
3way_drop,26c9c9a2356ad7f0,1,2
3way_drop,26d7188662a143f4,1,1
3way_drop,26e23618761be274,1,1
3way_drop,26f5f3ebc177232b,1,0
3way_drop,27315436e48e01e6,1,1
3way_drop,27832328a8d87f73,1,1
3way_drop,27e6b6407fb9195c,1,1
3way_drop,290870d5cdb9f809,1,1
3way_drop,2912dfeffe244b61,1,0
3way_drop,29a2e8fe85de8e9c,1,0
3way_drop,2c6af7a56835f406,1,1
3way_drop,2ceb64009dc5c04b,1,0
3way_drop,2eda797697999b58,1,1
3way_drop,3048458a1fb137e2,1,0
3way_drop,32b62111e6a08add,1,0
3way_drop,363be2b9b4fab717,1,1
3way_drop,37add75a003d52c7,1,1
3way_drop,392b076638be165c,1,1
3way_drop,39abd85b2a1e5182,1,0
3way_drop,39b0479eb6058445,1,1
3way_drop,3a83883c5ce58de4,1,1
3way_drop,3cc06cf4968051ff,1,1
3way_drop,3d3910e89a267563,1,1
3way_drop,3d40383acd9987af,1,1
3way_drop,3eadf55cea833010,1,1
3way_drop,3ebfeb5b6b17dc95,1,1
3way_drop,3f769247aaa8e3e8,1,1
3way_drop,401fe2c258de1451,1,0
3way_drop,417959f440b328df,1,1
3way_drop,41a0def05c162169,1,1
3way_drop,42c33e021bc758a3,1,1
3way_drop,43028dae046c96d9,1,1
3way_drop,43b9de686df4f48d,1,0
3way_drop,446d6d8f9c9983fb,1,2
3way_drop,45525c6a4fb56407,1,2
3way_drop,455ad390dcf19c47,1,1
3way_drop,46050acd9a043c8a,1,1
3way_drop,47219dbfface7253,1,1
3way_drop,48c2f5659f72d96e,1,0
3way_drop,4a04256bc4df5c8d,1,1
3way_drop,4a6537984a00983f,1,1
3way_drop,4b56d1ade038d217,1,1
3way_drop,4c97a9133e1b6dcf,1,0
3way_drop,4d01a3d3ee2b8b45,1,2
3way_drop,4db4748f48f2486f,1,1
3way_drop,4db5596dfb67a314,1,1
3way_drop,4ea8d7c116bc1f61,1,0
3way_drop,4f40b6a6d3033eb6,1,0
3way_drop,4f5747bd7606f0a3,1,1
3way_drop,4f95c01807c1b4db,1,1
3way_drop,519b1d47152fdf4d,1,2
3way_drop,528ad0fb8f2881c6,1,1
3way_drop,54d1cd5824003cb7,1,0
3way_drop,54e218d52419121f,1,1
3way_drop,5611acbbb755d200,1,1
3way_drop,56dc240ce2830781,1,0
3way_drop,5774b13833785c13,1,1
3way_drop,57cb47d2e4a529a1,1,1
3way_drop,5a96f2f6f68fc926,1,1
3way_drop,5b0acc84be5a92a6,1,1
3way_drop,5ba086b028948508,1,1
3way_drop,5c90875ef5202c0b,1,1
3way_drop,5d4f4480b8c455eb,1,1
3way_drop,5e4f489d886b6d59,1,1
3way_drop,5f541e8d558778e3,1,1
3way_drop,5fb19ea3b00d7d6b,1,1
3way_drop,60d246c633691076,1,1
3way_drop,611b812109f1eba9,1,0
3way_drop,6529e13b041dd336,1,1
3way_drop,669f7084f986f916,1,0
3way_drop,672bf5860749f092,1,1
3way_drop,69096db197b7a1db,1,1
3way_drop,692e2ecd662551b0,1,1
3way_drop,6a4975d30dde6775,1,1
3way_drop,6a744773164ec6a7,1,1
3way_drop,6b6c7b1547ea7a22,1,1
3way_drop,7091664d2a778641,1,1
3way_drop,71d1bee41d2f0bac,1,1
3way_drop,728beb1478b0abc7,1,1
3way_drop,72b6656c8943c5b3,1,0
3way_drop,73641a6f5db945f2,1,1
3way_drop,73ed25b4ca24ca38,1,0
3way_drop,75007cb7f33b660e,1,1
3way_drop,75a90ad0a4df91ee,1,2
3way_drop,764ef0534fc98660,1,1
3way_drop,7819b1614e70f193,1,0
3way_drop,7862fa293e24e6b6,1,1
3way_drop,787028d63bbef07e,1,2
3way_drop,791e9c5e2e84a7f7,1,1
3way_drop,7959152f962ec74e,1,1
3way_drop,7b0ef40dae1c8213,1,1
3way_drop,7b457a356ac061d1,1,0
3way_drop,7d62df335a74f77b,1,0
3way_drop,7d8ce9ebac615e01,1,1
3way_drop,7ea4de90896b272d,1,1
3way_drop,8028061682b21404,1,0
3way_drop,805e31a2b0acc171,1,1
3way_drop,814fab5415ff2614,1,1
3way_drop,819220cc7afbceff,1,0
3way_drop,820d20bf65b7c0d0,1,1
3way_drop,822389c0920f4ec7,1,2
3way_drop,823374a206745c21,1,1
3way_drop,82ca0045f4a2e0db,1,1
3way_drop,83a523a87e5957d9,1,0
3way_drop,83e372592a29d109,1,1
3way_drop,843cfa56463f2a3f,1,1
3way_drop,844fe41d05398a9e,1,1
3way_drop,888e951dcbd50e74,1,0
3way_drop,895a020202abef9d,1,0
3way_drop,8a4f6db0eae66fb7,1,1
3way_drop,8a8457565c6e6c83,1,1
3way_drop,8b7f3ee899a9ca88,1,1
3way_drop,8da7ad0bd0db7484,1,0
3way_drop,8e6b26c2ce66fc45,1,1
3way_drop,8f8e78dc8acb6826,1,1
3way_drop,90135ee6a3e1f6f4,1,1
3way_drop,903ec7a05abc983e,1,0
3way_drop,915ccb6a20cbda9b,1,1
3way_drop,936547bbedaea36d,1,1
3way_drop,93d2e4053e3406bd,1,0
3way_drop,9657deeb33a4cbbc,1,1
3way_drop,965e21dfa954326c,1,1
3way_drop,992260212286d434,1,1
3way_drop,9af9e321b2b694b1,1,0
3way_drop,9b46e7467d803223,1,1
3way_drop,9b51ac9a9d55cd03,1,1
3way_drop,9d89dc482a33cd30,1,1
3way_drop,9dc202ddc99436c4,1,1
3way_drop,9e7440df1a62d675,1,2
3way_drop,9ec3e5cf5f8060a0,1,1
3way_drop,9edb509bce8df884,1,1
3way_drop,9f3de1e05dbab6d8,1,0
3way_drop,a09d30b7d60d21cf,1,1
3way_drop,a1cffe10abbf3c5b,1,1
3way_drop,a1fb70d60dfb2c2c,1,0
3way_drop,a261d11efb5e4d43,1,2
3way_drop,a40081a822eb98d6,1,1
3way_drop,a92649f86f54f292,1,1
3way_drop,a97e19bf4193c7bd,1,1
3way_drop,acbd2de105e25568,1,0
3way_drop,af7debb1565c7069,1,1
3way_drop,b03ae0d6b83f5928,1,1
3way_drop,b04b0798f752165a,1,1
3way_drop,b10fdf28afe7b386,1,1
3way_drop,b1177e68e5c6f2b7,1,0
3way_drop,b1a18ff5d79da7eb,1,1
3way_drop,b1f6ed2941cb8f90,1,0
3way_drop,b26b49a7aa52f05a,1,1
3way_drop,b2fe11a3c9069c4a,1,0
3way_drop,b3045cdd46f6aba1,1,1
3way_drop,b3d23219757503ce,1,0
3way_drop,b4c7b2ab4385a2c6,1,1
3way_drop,b4e26d4c0d57c707,1,0
3way_drop,ba8b08ded4005238,1,1
3way_drop,bd237e533ac5aebf,1,1
3way_drop,bd3312c0bc496127,1,1
3way_drop,bfbb0ac9cf5e5ad6,1,1
3way_drop,c1e45a2c06b4f4a0,1,1
3way_drop,c1fbd2eff0f90ca3,1,1
3way_drop,c23c2ac65e56fbf0,1,0
3way_drop,c270d7f13f63b3d4,1,0
3way_drop,c2bc6c7a28e174e7,1,0
3way_drop,c5a2d8b51b15b772,1,1
3way_drop,c6bd23864a9ec7b9,1,1
3way_drop,c7502b276d45ee49,1,2
3way_drop,c8021d001fa22622,1,1
3way_drop,c867d4086c306f95,1,1
3way_drop,c94e9deb410fde2d,1,1
3way_drop,ccab9ef00e3e7d8a,1,1
3way_drop,cd8d60c79d1f5df7,1,1
3way_drop,ced6421f56f26cc0,1,1
3way_drop,cee66838fade3acf,1,0
3way_drop,cefb99f35aa45dbb,1,1
3way_drop,cf099b206e7de5c9,1,0
3way_drop,cfa8783ac3df9c43,1,1
3way_drop,cfb8207cee7c7344,1,0
3way_drop,d1e4974544e0cca2,1,0
3way_drop,d376a2554b9d4573,1,0
3way_drop,d380343408941e48,1,1
3way_drop,d3d2f85e8d1a0ccf,1,0
3way_drop,d51fc9badb8f5449,1,0
3way_drop,d6c8f277547cbe41,1,1
3way_drop,d70fa9b0567927cd,1,2
3way_drop,d77bb8ed98b1dca2,1,1
3way_drop,d7a24fd9db664cdf,1,1
3way_drop,d8608e1cc499043d,1,0
3way_drop,d901fb23315078a7,1,0
3way_drop,da4f76ec21978653,1,1
3way_drop,de5b67fc2d6991c0,1,1
3way_drop,e042ff0ca9523b87,1,1
3way_drop,e0e1ace579942a0c,1,1
3way_drop,e11aa506fe60db61,1,0
3way_drop,e212c52cb2534798,1,0
3way_drop,e28359bed93c85c4,1,0
3way_drop,e28d42cca7fe61df,1,0
3way_drop,e290691343c827a3,1,1
3way_drop,e2a58a1e78e5005f,1,1
3way_drop,e2e97b0ed3a66e8a,1,0
3way_drop,e3e51f24a9156364,1,1
3way_drop,e4904cf8493fefc9,1,1
3way_drop,e56325ac27dfd560,1,1
3way_drop,e6f83ddccf072882,1,1
3way_drop,e7364316236d72f0,1,0
3way_drop,e7762ca1e44e3223,1,1
3way_drop,e7bbb33ac4a31d3d,1,1
3way_drop,e9cba45d70f2a176,1,0
3way_drop,e9f6ff68361c3e84,1,1
3way_drop,ea374c9d16977cb4,1,1
3way_drop,ea430d4bf63ca65b,1,0
3way_drop,ea6781aaa9c582dc,1,1
3way_drop,ea7f402f509b2f15,1,1
3way_drop,eab97910d614eadf,1,1
3way_drop,eaf6359ec61c2fbc,1,1
3way_drop,ebaecb973a1e6fd2,1,2
3way_drop,ebeb0d53b8b38e21,1,2
3way_drop,ec68faf7d50e1d47,1,1
3way_drop,ee5dad19a1af5a13,1,1
3way_drop,efd8440503857ea4,1,0
3way_drop,f0d3b0d07dc5c9a7,1,1
3way_drop,f10fde295add107e,1,1
3way_drop,f2aeae4cfd1932a8,1,1
3way_drop,f2fbeb94204f7917,1,1
3way_drop,f3ed15ac70b97464,1,2
3way_drop,f66d0bf000326f88,1,0
3way_drop,f78ef18db4fda2b7,1,1
3way_drop,f807b1177af65422,1,1
3way_drop,f8e0982396517640,1,2
3way_drop,f8e181fcf539da8f,1,1
3way_drop,f92d452b21061d08,1,1
3way_drop,f98faf768504c7b2,1,1
3way_drop,f9be2e83ee13e920,1,1
3way_drop,fb1f02093bcc7045,1,1
3way_drop,fb3c9a86081ac851,1,2
3way_drop,fbbbd35f6c40a82f,1,1
3way_drop,fe1a8232003d3549,1,2
3way_drop,ffd7a5c639dc48d3,1,1
3way_drop,00f0aa9b6d2a6d3e,2,2
3way_drop,03b7a90a938c3f9a,2,2
3way_drop,05a01ec31d18fa2e,2,0
3way_drop,05b4fb748abecf9e,2,2
3way_drop,07a2e47e2bf1ab04,2,2
3way_drop,09204fdd35d390eb,2,2
3way_drop,0989258979408ea4,2,1
3way_drop,0aabdc7aea9d315d,2,2
3way_drop,0c2c4f13b628a744,2,2
3way_drop,0f984a8fb571c305,2,2
3way_drop,105f094806d24f98,2,0
3way_drop,14b8fc029697d4e4,2,2
3way_drop,15506b514cc88b32,2,2
3way_drop,15856c14b2475f5f,2,0
3way_drop,179f916558fe0c94,2,2
3way_drop,19c833f897affda9,2,2
3way_drop,1a043d02164116ed,2,0
3way_drop,1a113fb02590614b,2,0
3way_drop,1b470fb6dc59d6c9,2,2
3way_drop,1beef5651029c680,2,0
3way_drop,1c3e137819849da6,2,0
3way_drop,1ec9d981cb57ce29,2,1
3way_drop,1f916d19e5e597fc,2,2
3way_drop,2018540d8ee365f5,2,1
3way_drop,21c0143ccade8d8a,2,2
3way_drop,2555eddfdaba2037,2,2
3way_drop,2858721c7d7d8db3,2,0
3way_drop,29215b54ac12cc77,2,2
3way_drop,294a0f200ea26248,2,0
3way_drop,2a6952a906d30fed,2,1
3way_drop,2acbfb058350a5c6,2,2
3way_drop,2c74b91666c28f31,2,2
3way_drop,30b021a889be2abd,2,2
3way_drop,31c1bd3b9e34d876,2,2
3way_drop,323d323ce81b5cb2,2,0
3way_drop,33d4b05ff269d9f0,2,2
3way_drop,34622435dfef6075,2,2
3way_drop,34a64d1702939b85,2,2
3way_drop,36ba40230b4472db,2,0
3way_drop,3a9402d62a2c4d7b,2,1
3way_drop,3a9a4ad41cc1aec2,2,2
3way_drop,3c8215f10e393fb0,2,2
3way_drop,3ca91ab0ed19eae0,2,1
3way_drop,3d03fc218491f385,2,2
3way_drop,3d2ff879b66f169a,2,2
3way_drop,3db987950fa552ed,2,2
3way_drop,3de799882892277b,2,2
3way_drop,3f6b10c8ebb1b290,2,2
3way_drop,42819ec5aaa376f1,2,2
3way_drop,428240c6af22c668,2,2
3way_drop,43b697fac0aca9e8,2,2
3way_drop,4453bc7143a662ff,2,2
3way_drop,44f4479f9d2470d5,2,1
3way_drop,470a84308affa261,2,2
3way_drop,479a7f2cd4cdae02,2,1
3way_drop,499481054924e320,2,0
3way_drop,4a91cc485e775ee5,2,2
3way_drop,4b1a96be2c655018,2,2
3way_drop,4bd5bf3e98cc1c3b,2,2
3way_drop,4db69642c826d98f,2,2
3way_drop,4fa9a9bde665528d,2,0
3way_drop,524098e0e969147d,2,0
3way_drop,52d5f93873c9b97a,2,2
3way_drop,53f59e089ad0745a,2,2
3way_drop,54e5e565ad4ebf19,2,2
3way_drop,5843d5c4ea844498,2,2
3way_drop,58c4c41300578503,2,0
3way_drop,59bc6104da9279c9,2,2
3way_drop,59c5638e10000f8a,2,2
3way_drop,5b68a4aba1ee2a4f,2,1
3way_drop,5c4161ada0ff743b,2,2
3way_drop,5c95d0f316b7446f,2,1
3way_drop,5e1319e7c965eddc,2,2
3way_drop,61017c68cbcfb852,2,2
3way_drop,614ae4c66ccc5ee8,2,1
3way_drop,626ad40f2694f0e8,2,2
3way_drop,6455be304038c11e,2,1
3way_drop,6461bb5599f2fa95,2,2
3way_drop,6551d035fd64add5,2,2
3way_drop,668d7dcbdab49dc7,2,1
3way_drop,67043d7fe6e30220,2,2
3way_drop,67768eaf55951c21,2,2
3way_drop,6b96a09082ecc9e9,2,2
3way_drop,6bb0b50176fd4bc2,2,0
3way_drop,6f39b610ddbf6266,2,0
3way_drop,6f72ba6be1ebacba,2,0
3way_drop,6fe886985619a32e,2,2
3way_drop,6ff083002c612640,2,2
3way_drop,7027aa6261260710,2,2
3way_drop,70588eba98c811a1,2,2
3way_drop,7102077b368d2fb7,2,2
3way_drop,71f6bf4c9a6274b3,2,2
3way_drop,7230c2a90d7b94af,2,2
3way_drop,72440420294f90b9,2,0
3way_drop,7653ba6cc421c94f,2,1
3way_drop,796b16ace597bfe4,2,2
3way_drop,7a623a92e1e522ea,2,1
3way_drop,7af129809f66fc41,2,2
3way_drop,7b447aeb81f6047a,2,2
3way_drop,7cdca704c95162fe,2,1
3way_drop,7f780a3061ba687e,2,1
3way_drop,7f80278a43670c58,2,2
3way_drop,82a9d6385720804b,2,1
3way_drop,8375a6e02cadb92f,2,0
3way_drop,85e7c765e0f46484,2,2
3way_drop,87bab67001e1e5bc,2,2
3way_drop,8996dc70df40c70e,2,2
3way_drop,8d492ede0b83d278,2,2
3way_drop,8d7cafe7e9a051b3,2,2
3way_drop,8f57ae1780b68061,2,2
3way_drop,90c8fa3f025bb039,2,0
3way_drop,942504cc14a5a7da,2,2
3way_drop,95152dee7e303a3e,2,2
3way_drop,978ce91a1023d129,2,2
3way_drop,98df92ad9634f604,2,2
3way_drop,9acdb0134340ad59,2,2
3way_drop,9b030cb6d96b5327,2,2
3way_drop,9e2852eb38ac23f5,2,2
3way_drop,a1519cb4d9a7c5c2,2,0
3way_drop,a2abada3fe1115e2,2,2
3way_drop,a3b876bb1aff5e09,2,2
3way_drop,a571b49e9a6576b4,2,1
3way_drop,a63d322d3f1dc739,2,0
3way_drop,a6963792968fe8af,2,2
3way_drop,a830ff1289e3e6f5,2,2
3way_drop,abb72cecc82f702c,2,0
3way_drop,ac2aa32388024942,2,0
3way_drop,ae4ceb3179940371,2,2
3way_drop,ae9478298ed01a79,2,2
3way_drop,b0ba1a66b91253f1,2,1
3way_drop,b132e47a907d85f4,2,0
3way_drop,b1b32f78bc73e981,2,2
3way_drop,b373e4798291a18a,2,2
3way_drop,bb6c87317cb6d233,2,2
3way_drop,bc7c22b6cd91d37f,2,1
3way_drop,bcfaa0b52bdeae01,2,1
3way_drop,bf2e72ec1b0416e8,2,0
3way_drop,c0a0df37ac8bea31,2,0
3way_drop,c0f598d0512d1615,2,0
3way_drop,c2bb518061136929,2,2
3way_drop,c2c5b4bfa28bc105,2,2
3way_drop,c6e0e482c7ffbf2a,2,1
3way_drop,c937a7fffe3e7056,2,2
3way_drop,c95ed93aa4b23de7,2,1
3way_drop,cd0023479e1ffda8,2,2
3way_drop,cedb9fb46324469a,2,2
3way_drop,d02d1b0450c6ab5f,2,2
3way_drop,d54596d2db9ed145,2,2
3way_drop,d7e5ae4af7985c69,2,0
3way_drop,da7415f487a35f50,2,2
3way_drop,e15e218c7078204b,2,2
3way_drop,e1666b189aeeb09f,2,2
3way_drop,e2368c050b9a2715,2,0
3way_drop,e24f4983223900d0,2,2
3way_drop,e43efb966e141e54,2,0
3way_drop,e609bbc252d74a2c,2,2
3way_drop,e7073bf06278f07e,2,1
3way_drop,e7844da9c4cc75ba,2,2
3way_drop,e7b1a1e85bae3b42,2,2
3way_drop,e9ebf2db63968144,2,2
3way_drop,ed89e991b608f09a,2,2
3way_drop,ee998f7250e05fd4,2,0
3way_drop,eef5aee97a962685,2,1
3way_drop,ef06e2d567f52bcc,2,2
3way_drop,efa48e1c6378d3e7,2,2
3way_drop,f138ab9ba524c818,2,2
3way_drop,f28aa03d76db3a26,2,2
3way_drop,f51892c9db8a26a1,2,0
3way_drop,f5f0670bbeb2ea19,2,1
3way_drop,f63ea1bd96d36e6d,2,0
3way_drop,f7257c84a3b574bd,2,2
3way_drop,fa688be908324264,2,0
3way_drop,fc4913ef036a270f,2,2
3way_drop,fce17132cdc2f61d,2,2
3way_drop,fe95413507356cc8,2,2
3way_drop,ffc047c5010cca91,2,2
3way_drop,003c7b81271b4aad,0,1
3way_drop,01de8dd5f943a22d,0,2
3way_drop,020ba678c5d12a5b,0,0
3way_drop,0239a0dd378451f5,0,2
3way_drop,03631f2f80903347,0,0
3way_drop,0452dca2b2ce58a0,0,0
3way_drop,047c209f639282d8,0,2
3way_drop,0536ba9e6027cadd,0,0
3way_drop,06a5e4fcdac85e98,0,0
3way_drop,06bd70b6f8e97bc4,0,0
3way_drop,078ba982f9582993,0,2
3way_drop,0863c6ae63d197dc,0,0
3way_drop,0a226657b47ab590,0,0
3way_drop,0bfcbd02097aff87,0,2
3way_drop,1163195890cd62bf,0,0
3way_drop,1312de3a0242b913,0,0
3way_drop,141bfaee5de5930a,0,0
3way_drop,156e4bc058aacb15,0,0
3way_drop,16ef5c4d8ad92b1d,0,1
3way_drop,18178862e23a3380,0,0
3way_drop,195c67d1a48e162e,0,0
3way_drop,1bd7414fb57bef76,0,0
3way_drop,1d64a5aa93dbda07,0,0
3way_drop,1dd1a6d1faae3bd2,0,1
3way_drop,1ebb3cb827507603,0,0
3way_drop,1ec813c69f0f49a1,0,2
3way_drop,1fbae71974fba6cf,0,1
3way_drop,244ace81cc1c05f3,0,0
3way_drop,246f7e7b055666f4,0,0
3way_drop,2532b1b6c25e0255,0,0
3way_drop,25deb9ec2f4ad130,0,0
3way_drop,25f48bb5ea3877d9,0,0
3way_drop,27193bff5e3b20f5,0,2
3way_drop,279db24e269a0990,0,0
3way_drop,28740042538a1063,0,2
3way_drop,2915b83c7f73d34d,0,0
3way_drop,295ec1fb4fa90946,0,0
3way_drop,2d8c772a5980baca,0,1
3way_drop,2e3080a3ad4ae456,0,2
3way_drop,2fe0cdd9d8f779c3,0,1
3way_drop,30c42e7cb8126568,0,2
3way_drop,316e64de0d47af23,0,0
3way_drop,31a8d8ce353a7953,0,2
3way_drop,331e9fe2638e5e8b,0,2
3way_drop,337ca7c0327ac85b,0,0
3way_drop,34befbfd39830b6e,0,0
3way_drop,3941ef2be8b922c8,0,0
3way_drop,3aecf82388752a8c,0,2
3way_drop,3bfe0600cd4ff83d,0,2
3way_drop,3ca51fd11f027425,0,0
3way_drop,3f5bba1435e4e7a7,0,0
3way_drop,4046e54a1be36c5f,0,0
3way_drop,40858be6f56f0040,0,0
3way_drop,441e5ab894ef91f0,0,0
3way_drop,45acd532ba123888,0,0
3way_drop,48f0d36aa027060b,0,2
3way_drop,494cfd6d83893475,0,0
3way_drop,495db9bc4953971f,0,1
3way_drop,49a0964010ddfe36,0,0
3way_drop,49d51e2b4f454c2b,0,0
3way_drop,4b5084d5a5741e9a,0,1
3way_drop,4c4fbf05c56cc046,0,0
3way_drop,4d0ca49d127e23f5,0,0
3way_drop,4d9ed4739ac4bb0c,0,0
3way_drop,519517e9d2b81f0d,0,2
3way_drop,523087e1d66ff472,0,2
3way_drop,53f5da31737f6fc3,0,2
3way_drop,5416fba07fe4b77b,0,0
3way_drop,546bf45caf2c6d36,0,2
3way_drop,566c03efc7627d0d,0,0
3way_drop,57cf766234ba9930,0,0
3way_drop,57d58b76cd1c208d,0,2
3way_drop,59e60fb160c46303,0,0
3way_drop,5a63945e81f355b5,0,1
3way_drop,5ac65391eea4fef9,0,0
3way_drop,5b1de351faab10e0,0,0
3way_drop,5e29524756c84733,0,0
3way_drop,5e608e466f1a0cf6,0,0
3way_drop,5edd376efecf4ee6,0,0
3way_drop,60b16f2f90513a98,0,2
3way_drop,61bc18d7917fd409,0,0
3way_drop,626b23d5e4e0b3a7,0,0
3way_drop,627a102f6f0e4eeb,0,0
3way_drop,635c459529aa8952,0,0
3way_drop,636545b0f33e5c1b,0,0
3way_drop,638c60891b0f2dcd,0,2
3way_drop,6423a7fbe3f271d9,0,0
3way_drop,667c9cd2325e7ee7,0,0
3way_drop,67546f827b05c48f,0,0
3way_drop,6776dde136a2c938,0,0
3way_drop,6943f727f320db60,0,2
3way_drop,6ce0d63ca6fab0a3,0,0
3way_drop,6dacfdec67b33961,0,0
3way_drop,6deae417b461dfbd,0,0
3way_drop,6e4a4891141c005a,0,2
3way_drop,6e76aac1fa2dc901,0,0
3way_drop,700703acac1e7442,0,0
3way_drop,726c8766d36dd86a,0,0
3way_drop,730d524e141368e4,0,0
3way_drop,73a522253a16d4a4,0,0
3way_drop,7599b710cc2ebe70,0,0
3way_drop,765a0d1fff2c4dd4,0,0
3way_drop,774a6dc0d6b16226,0,0
3way_drop,77936c40ffdaa5aa,0,0
3way_drop,77f25800f08675e3,0,0
3way_drop,794dadef8a281be6,0,0
3way_drop,7ba235e2924b1031,0,2
3way_drop,7e947d783499f403,0,2
3way_drop,7f2d1e26247d4311,0,0
3way_drop,7f4fdb30f5da98bb,0,0
3way_drop,7f7207b495e61294,0,0
3way_drop,81aa27b56786801e,0,0
3way_drop,833c03598540fc6f,0,2
3way_drop,846afd14ceb4d830,0,0
3way_drop,854eb040d3186de5,0,0
3way_drop,860ccd91933678c3,0,1
3way_drop,869200cdf574b961,0,0
3way_drop,874a7c22e70277fe,0,0
3way_drop,8830299bc6808c10,0,0
3way_drop,8841cf489a6b8557,0,0
3way_drop,8924a63feaae63d9,0,0
3way_drop,89d361fea16391a5,0,0
3way_drop,89d8d0a6e539232c,0,0
3way_drop,89f28ac40a430e34,0,1
3way_drop,8a34811bb776a481,0,0
3way_drop,8ca9c502bd4f559e,0,0
3way_drop,8cb892be72976760,0,0
3way_drop,8d79611bd8f47bcb,0,0
3way_drop,8fa3a39393519d95,0,0
3way_drop,8fec0daddd275869,0,0
3way_drop,930c38fbf4d92dd4,0,0
3way_drop,9453d88c28114a23,0,2
3way_drop,967eeab1d06b0710,0,0
3way_drop,96baee933e068cc2,0,0
3way_drop,9896b799184ab1ac,0,2
3way_drop,99ed2ed7120deed5,0,0
3way_drop,9a2fc70b8c130f4f,0,0
3way_drop,9c00fee96cacac18,0,0
3way_drop,9ea0dcd9868e1e6c,0,0
3way_drop,9f665279ec0a7a41,0,1
3way_drop,9f6e7e252a2b3389,0,0
3way_drop,a1866c3ad35dbf93,0,2
3way_drop,a1a7c5fa500c3ce9,0,2
3way_drop,a1b9d8e215f21bfd,0,2
3way_drop,a3cfeac1f66ff31b,0,0
3way_drop,a4b338d65d5557da,0,0
3way_drop,a4b6013988684e0d,0,0
3way_drop,ab942e2b7badfca5,0,2
3way_drop,abdc64d3e436b9e0,0,0
3way_drop,ac09391dfb834f2e,0,0
3way_drop,affce4a1dd287503,0,2
3way_drop,b26d9cee97873fa3,0,2
3way_drop,b6197a696c52a3a7,0,0
3way_drop,b6e3246d99b95460,0,2
3way_drop,b711318934aeb494,0,0
3way_drop,b76c8afaefe698ba,0,0
3way_drop,b8699faeec5cb057,0,2
3way_drop,b9627ea655315df2,0,0
3way_drop,b965bd9275ae5f0b,0,1
3way_drop,ba8cc563fcedd80b,0,0
3way_drop,ba9e204044728db3,0,0
3way_drop,bb16f65c7d7881c0,0,2
3way_drop,bb8d5fa303ef1be6,0,0
3way_drop,bc5d5de3787e6f3f,0,2
3way_drop,bd50450897da756a,0,1
3way_drop,bd543dec19b388af,0,0
3way_drop,bd71053febdf8c3e,0,1
3way_drop,bdc7ab1e941cd6cc,0,2
3way_drop,be66f6f8be6f956f,0,1
3way_drop,c02674b815b6037a,0,2
3way_drop,c120a1b04cc939ff,0,1
3way_drop,c2052e1f589253fa,0,0
3way_drop,c27589147aaa2ac8,0,1
3way_drop,c39e21e82ab929b6,0,1
3way_drop,c3e2003fb48b7719,0,0
3way_drop,c4c3e20dfc3a7b3e,0,0
3way_drop,c59a51bfebd8e3a1,0,2
3way_drop,caa3f8a7b8f188d7,0,1
3way_drop,cb2b4f9b529214d9,0,0
3way_drop,cba015b1b3345db9,0,0
3way_drop,ccb260dc3ec48ab3,0,0
3way_drop,cdbca0954bf77728,0,0
3way_drop,cdd82233b2b21c35,0,0
3way_drop,ce3d91725c963653,0,0
3way_drop,cf2235623793b23e,0,2
3way_drop,d04ae214a0efa91a,0,2
3way_drop,d3b97f912027cf09,0,1
3way_drop,d4befa006e2a228d,0,0
3way_drop,d59389827b1b11a5,0,0
3way_drop,d62a2c375e44d7b2,0,2
3way_drop,d7fe8c2f28e94358,0,0
3way_drop,d806bce04022b6bf,0,0
3way_drop,da4cda163e7be933,0,2
3way_drop,dc0c88c2f27a6151,0,2
3way_drop,dfca20c86f9fbd71,0,0
3way_drop,dfcc248dab94539e,0,2
3way_drop,e0222de997c76e32,0,0
3way_drop,e05ea88a925b38c1,0,0
3way_drop,e0e13d3d4e52b30e,0,0
3way_drop,e2786652e31f5f54,0,0
3way_drop,e2dfa59fa72c485b,0,0
3way_drop,e6b8aae3e6ee6ead,0,0
3way_drop,e784430bffbfa6a7,0,0
3way_drop,e78ae64b8b6b6e67,0,0
3way_drop,eac8ea9c9ce4b96e,0,2
3way_drop,f05d9ed4078018ad,0,0
3way_drop,f072a45c0e0e713c,0,2
3way_drop,f192d39570aa6ebc,0,0
3way_drop,f37e8eebc7677a33,0,0
3way_drop,f39df8b113a14dc2,0,0
3way_drop,f44d810370bdb9af,0,0
3way_drop,f70be3ae2ccb9a75,0,2
3way_drop,f9438e57ac402e71,0,0
3way_drop,fa7b9747620059d9,0,2
3way_drop,faad395704120550,0,0
3way_drop,fafbddc6b2231bfe,0,2
3way_drop,fd0d616ce036f9f1,0,0
3way_drop,fd96a933e9aee1c2,0,0
3way_drop,fdeecfb6f0caa756,0,0
3way_drop,feca0aec1deca86c,0,2
3way_drop,019acbaee68d414f,1,0
3way_drop,01e26565c7187aa2,1,1
3way_drop,08d96015e798c5d6,1,1
3way_drop,095ea1d4f11f173d,1,2
3way_drop,0a25f199313a2806,1,1
3way_drop,0bcdd6abc9066076,1,1
3way_drop,0e417b50e1aca545,1,1
3way_drop,0fbac5b1183aba56,1,1
3way_drop,10c24a3aef9ef646,1,1
3way_drop,11f27adefb5900e5,1,0
3way_drop,126e716a8ae1cc7a,1,1
3way_drop,14845ae92d5913e5,1,0
3way_drop,155e80eb4461c874,1,1
3way_drop,15f5267f5ec29a01,1,1
3way_drop,187d20d356e3ba9a,1,0
3way_drop,1cd37fc115a6808b,1,1
3way_drop,2031844470f0d7ef,1,0
3way_drop,22781d7a6231e964,1,1
3way_drop,2314d29dd3e1cb70,1,2
3way_drop,24b4a7d58b6a0107,1,2
3way_drop,27e47ee2727cd161,1,1
3way_drop,2805ea83c95c7149,1,2
3way_drop,28f9bdc51aa987a8,1,1
3way_drop,297a35d467bf108f,1,1
3way_drop,2a94cd4744cb1ad9,1,1
3way_drop,2c434291ce2703bf,1,1
3way_drop,2c81850740fc4efd,1,1
3way_drop,2d0d208b68caa437,1,1
3way_drop,2d3ab5c4ab5fa688,1,2
3way_drop,2dbfe6f431d76595,1,0
3way_drop,2e0925174761d827,1,1
3way_drop,2ea6ef26c1de3e2b,1,2
3way_drop,3056d55ff9f09dc0,1,0
3way_drop,337eabed7eb46076,1,1
3way_drop,3554ac6ffa5e8f34,1,1
3way_drop,39a0cf329cd9fadf,1,1
3way_drop,3b4635470795c633,1,1
3way_drop,3bcb868e9641d075,1,1
3way_drop,3c36755280dc7627,1,2
3way_drop,4075bc93bf4da70a,1,1
3way_drop,40cb55e9d87d69f4,1,1
3way_drop,41b81cf7adc29aa0,1,1
3way_drop,4578c2444940ed82,1,1
3way_drop,46c92bc1d6df0114,1,1
3way_drop,4b06f600a6def1eb,1,1
3way_drop,4cb455a4a5d80bdd,1,0
3way_drop,4ce00c7b5c92a728,1,1
3way_drop,4dcca134e133d7dc,1,1
3way_drop,4dd968854ff64932,1,1
3way_drop,51aa5962a8a57beb,1,2
3way_drop,52e2241b6d0b425c,1,0
3way_drop,5593cc456b191143,1,0
3way_drop,55ded46c2aa97972,1,1
3way_drop,572df85551976944,1,0
3way_drop,58d6dadde0535ec7,1,2
3way_drop,5bee1e129ea51333,1,1
3way_drop,5ead9dc3d7348d56,1,2
3way_drop,5faf064e0716494c,1,1
3way_drop,6a37b24bf41a42ac,1,1
3way_drop,6a542747d67a04bc,1,0
3way_drop,6db542d92193f2a9,1,1
3way_drop,6ee4bed0ed6ccf2b,1,1
3way_drop,6f4b0fdd4382ad42,1,1
3way_drop,6fd4aa10fc39346c,1,1
3way_drop,710436f26b3cb4c7,1,1
3way_drop,71f575db25e2724e,1,2
3way_drop,71f70a4d4fd74963,1,1
3way_drop,725eb23a19aeba05,1,2
3way_drop,7271b69427e78e81,1,0
3way_drop,734914ddfdf6ad2c,1,1
3way_drop,7469cb04479a6d96,1,2
3way_drop,74ea2e887b225be7,1,1
3way_drop,76aef7fe540c7511,1,1
3way_drop,76d62313eee7277b,1,0
3way_drop,7728c9c72dfaf1a9,1,1
3way_drop,77653c24e1814c78,1,1
3way_drop,792a4492b5c9c2eb,1,2
3way_drop,7a2119a71b86d0bc,1,1
3way_drop,7ba5c52b4f5a7f87,1,0
3way_drop,7d1fa65c334d94ed,1,1
3way_drop,7e887311c446dea3,1,0
3way_drop,7f30a77cf02ea9b0,1,1
3way_drop,80f5d39f8645ab67,1,1
3way_drop,8249b3de6c54df8a,1,0
3way_drop,82c934c6a413828b,1,1
3way_drop,84b9bf565574e7f2,1,2
3way_drop,85ec1674249ba737,1,1
3way_drop,86f01f1f1b545b19,1,0
3way_drop,884631900a9de876,1,0
3way_drop,89b96a92ade64a95,1,1
3way_drop,92014ea03fc98f78,1,2
3way_drop,9283eb52b0280bdb,1,2
3way_drop,929ff6d30831264f,1,1
3way_drop,93e21b884474aae9,1,0
3way_drop,9915529a1a577da4,1,2
3way_drop,9a247434991b5517,1,2
3way_drop,9d210aa8bf63ccb4,1,0
3way_drop,9e3a001caf6f7614,1,1
3way_drop,a209d261fd17c5d9,1,0
3way_drop,a4cd5152f7f059a5,1,1
3way_drop,a53be22a689c82dc,1,2
3way_drop,a5d71b14032d71c7,1,2
3way_drop,a7f6090c28484579,1,1
3way_drop,a84aa1c845e68f57,1,1
3way_drop,aa42935c572cd972,1,1
3way_drop,ad0712c253b18aaa,1,0
3way_drop,ae6e22d1d6cb49d1,1,1
3way_drop,b1c8bdc259c2e8c8,1,2
3way_drop,b611a220ad746315,1,1
3way_drop,b6d97103e014d63d,1,1
3way_drop,b6d9cbea3875f7ae,1,1
3way_drop,b7ce0995e3fb09d7,1,1
3way_drop,b8aaebe04cea4a34,1,2
3way_drop,b94453fe199755d3,1,1
3way_drop,b99e3cdaf2bdd50c,1,1
3way_drop,bb03abe2ca70600a,1,1
3way_drop,bb9d1ed36112296f,1,2
3way_drop,bccdcea71b6ab632,1,1
3way_drop,bdf09514d81704a6,1,2
3way_drop,c37570a33558371f,1,1
3way_drop,c4ff7820c4abe11d,1,1
3way_drop,c71cad28e72d374c,1,1
3way_drop,ca6420739316e19b,1,1
3way_drop,cb03e9d7ca81dd34,1,2
3way_drop,cbd4a1fc4a851e6b,1,2
3way_drop,ccb1cdd6ed3ed404,1,0
3way_drop,cd5a0b6f982ebd90,1,2
3way_drop,cf8d5f06bf0126c7,1,0
3way_drop,d1b81b2e2e3d2dfa,1,2
3way_drop,d2bafcc44a6fd642,1,1
3way_drop,d2f5d4abd5f86a1f,1,0
3way_drop,da03d5b382ef23eb,1,0
3way_drop,db506e3cc88fc670,1,2
3way_drop,de84142c139d6a2e,1,0
3way_drop,dfd8df6484958916,1,1
3way_drop,dfe091c981e4420f,1,1
3way_drop,e013306f5cc44eea,1,2
3way_drop,e132e5509f373ed5,1,1
3way_drop,e4dd5f377ce44368,1,2
3way_drop,e596091cfd591af5,1,1
3way_drop,ec99fafa879ef0c8,1,1
3way_drop,edec35360991b518,1,1
3way_drop,eeb23c2263b622ed,1,0
3way_drop,f26bc2bccf87057f,1,1
3way_drop,f2b836c9061cd97f,1,1
3way_drop,f36539cb491af03c,1,1
3way_drop,f473c84ebab7f4a0,1,0
3way_drop,f481691bfd0608ee,1,2
3way_drop,f5ea01627d065eb8,1,1
3way_drop,f8a5d2c047c31c13,1,1
3way_drop,f973659c200e37a5,1,0
3way_drop,fa4cc41f9bbc3ad8,1,1
3way_drop,faf21c3edb9306c3,1,0
3way_drop,fc90d140a1cbf204,1,1
3way_drop,fc9c61b179025a7f,1,1
3way_drop,fd6bed8bca366f86,1,2
3way_drop,fdc5fd5f5582951f,1,1
3way_drop,ff3fbbf490f68054,1,1
3way_drop,ff9572d30cdae877,1,2
3way_drop,ffbc5c7e8fc172da,1,2
3way_drop,fff918f7c15b95c2,1,0
3way_drop,00635a5582c83a79,2,2
3way_drop,00948806e8185633,2,2
3way_drop,01722e6aee569473,2,1
3way_drop,01ab8ff76f278561,2,2
3way_drop,027dfc5407a98265,2,0
3way_drop,03f9bc0002860404,2,2
3way_drop,0517e3d4f51ff998,2,2
3way_drop,059bedb8445b92b0,2,2
3way_drop,07931ce0a40350b2,2,2
3way_drop,090d0f2effadf3dd,2,0
3way_drop,0940d4e5752c1d6e,2,2
3way_drop,0cc0452932566ced,2,2
3way_drop,0dcf56a7ef99a8cf,2,0
3way_drop,11d7eb661275beb2,2,2
3way_drop,12a8789b4a196e92,2,2
3way_drop,131361869e8a75d3,2,2
3way_drop,13a98146f58f90cb,2,0
3way_drop,14a4f5b96931121c,2,2
3way_drop,165c78979498bf0e,2,1
3way_drop,170a1f4469d604f9,2,2
3way_drop,1731d2ba4f0bc559,2,2
3way_drop,178e5e492277cc44,2,2
3way_drop,180cbbf950479006,2,2
3way_drop,1c4fbae7c682ad5a,2,2
3way_drop,1cc88b1c0f316922,2,2
3way_drop,1d1b60a207c28d84,2,2
3way_drop,1e8071e4af722ce1,2,2
3way_drop,1ebb0835713e412c,2,2
3way_drop,22e37294e0088ae7,2,2
3way_drop,2895f6be42dea45a,2,2
3way_drop,29c92bac2f4ce552,2,2
3way_drop,2aa5c90c6d21e854,2,0
3way_drop,2d01fde874697310,2,0
3way_drop,2f9d85005acbb464,2,0
3way_drop,3108c3e56998d5c3,2,0
3way_drop,32b7b48c20d370c6,2,2
3way_drop,341f9e6e6ed79126,2,2
3way_drop,354a0c938083f971,2,2
3way_drop,36164551b1e59802,2,2
3way_drop,388b258fbcef56f5,2,1
3way_drop,39c499216c282b45,2,2
3way_drop,3aa262c5507790e3,2,2
3way_drop,3b46cbbc47660d39,2,0
3way_drop,3c089a670e2dcf4c,2,2
3way_drop,3d755789e75ac2de,2,2
3way_drop,3d91fdfa187ab1a7,2,1
3way_drop,3e50dc59b6aaa92e,2,2
3way_drop,3f19087871fa6359,2,2
3way_drop,3fa84cad9c060172,2,2
3way_drop,4009c732082c316b,2,2
3way_drop,46004a2128368555,2,2
3way_drop,46b783db9de35549,2,2
3way_drop,4787c81c1e41efd8,2,2
3way_drop,47914f71252b658d,2,2
3way_drop,4a93728751576494,2,2
3way_drop,4c27e5c51fcd9715,2,2
3way_drop,4c83074a8e11303a,2,2
3way_drop,4cee3501187e8e92,2,2
3way_drop,4dc5af0a9ce0251c,2,2
3way_drop,4e67b154b75d86b1,2,2
3way_drop,4e7433c5210435bd,2,2
3way_drop,4f6a6965e9d3801c,2,2
3way_drop,4fb190d904ae3ffd,2,2
3way_drop,51b5c7c111c03541,2,2
3way_drop,544381f50a1f1967,2,0
3way_drop,54cb8969d2459d60,2,0
3way_drop,54dac452c5f12629,2,0
3way_drop,55b6c2fb289a3576,2,0
3way_drop,56182e0a687f5f37,2,2
3way_drop,5a786adf9d030085,2,2
3way_drop,5c44db39ae7169bf,2,2
3way_drop,5c765af02a3421d3,2,2
3way_drop,5ccc9c13ec41b5e3,2,2
3way_drop,5ce8e089e6b846c4,2,0
3way_drop,5d2913896a651294,2,2
3way_drop,6011b2ced1236b18,2,2
3way_drop,6081735b34537de4,2,1
3way_drop,60f401ea47e22f23,2,2
3way_drop,613f0c1f67b6def1,2,2
3way_drop,613f40b1b14f4593,2,2
3way_drop,6147f02f789747b8,2,2
3way_drop,625798c55e3a6d59,2,2
3way_drop,62af7954f2b8d0ab,2,2
3way_drop,62c22d9e9e18148b,2,2
3way_drop,62d06a2a6e009e36,2,2
3way_drop,6405bb3cdae74eff,2,2
3way_drop,65e58d73fa7eccf4,2,2
3way_drop,66021e2efe0bb13d,2,2
3way_drop,68434cc741e2dcf0,2,2
3way_drop,688ff1c767556048,2,2
3way_drop,69c95c8346d2db04,2,0
3way_drop,6c2ebd3953d42a4b,2,2
3way_drop,70070ee1d48a8516,2,2
3way_drop,7179fa8a420a724a,2,1
3way_drop,720419e2e5a0050b,2,2
3way_drop,75db718780ffcb35,2,2
3way_drop,76fd21110e0ea761,2,2
3way_drop,787bc804ce0c8340,2,2
3way_drop,7914d9ca52e90a50,2,2
3way_drop,7b6333736fc980fa,2,2
3way_drop,7c21986c898abea0,2,0
3way_drop,7d5aded1a4b33b1a,2,2
3way_drop,7da636eece16ec02,2,0
3way_drop,7df74e68f53a3e19,2,2
3way_drop,7e93b58bce77188a,2,2
3way_drop,7ea74840ab8db12d,2,1
3way_drop,7eeea413cd38e26b,2,2
3way_drop,7f435bda65091f28,2,0
3way_drop,7f462275bfd6e5d1,2,2
3way_drop,7fb92e7e549e1729,2,2
3way_drop,813212f21533f1a8,2,0
3way_drop,81a1812b54779e62,2,2
3way_drop,826bfc161ab1c1e9,2,2
3way_drop,83362ccc220079bf,2,2
3way_drop,83998fd6af33da58,2,2
3way_drop,851312b94cc98e26,2,2
3way_drop,852fc9053eca7dcd,2,2
3way_drop,85793024367e6eb1,2,2
3way_drop,8bc85bfe8db5cf4c,2,2
3way_drop,8c3808b6a663e728,2,2
3way_drop,8c870aa8c8efdf83,2,2
3way_drop,8cb91f387c1727f5,2,2
3way_drop,8d6cd404d187ce0b,2,2
3way_drop,8dab4189ae755a50,2,2
3way_drop,8e0679e9cfd36339,2,2
3way_drop,8e1ec7c2450b2783,2,1
3way_drop,8f2a5cdc1b38fa5a,2,1
3way_drop,8f355d2166a4d3a3,2,0
3way_drop,8feae373e696a826,2,2
3way_drop,907cd69ade33e145,2,2
3way_drop,9088e0d628c55f17,2,2
3way_drop,909da40732b196e5,2,2
3way_drop,91099b346ffe4422,2,2
3way_drop,91b8ed5811f93616,2,2
3way_drop,974e030c2e102508,2,2
3way_drop,974fb0fda9f9ca00,2,2
3way_drop,98b897644d0dc8df,2,2
3way_drop,9a85e6ac73e098d5,2,0
3way_drop,9e773dc1ddb5c8aa,2,2
3way_drop,a19fa0fdc60bd4a3,2,0
3way_drop,a236ee6f70b5fc7f,2,2
3way_drop,a5cfdfd3686f15a3,2,2
3way_drop,a745cac5626c8a7b,2,2
3way_drop,aa940aa1077d9a7d,2,2
3way_drop,aaaa5324f2f7477c,2,2
3way_drop,aac2bdb6ea6cfbf4,2,2
3way_drop,ad80e30c5a377e58,2,2
3way_drop,aeb8d81692c29399,2,2
3way_drop,aebbf8442fa51f15,2,2
3way_drop,b00aefc94ed63252,2,2
3way_drop,b50e7a63d6ca9d0a,2,2
3way_drop,b54cec6866ec9c13,2,2
3way_drop,b62e928440dc2b66,2,2
3way_drop,b7567c766b83a5b0,2,2
3way_drop,ba4f4acfa5dbe0ca,2,2
3way_drop,ba62d1a6bf52f4b5,2,2
3way_drop,bb4c74c85f9c7385,2,2
3way_drop,be824d44c26fd83c,2,1
3way_drop,bf9ebb4301940881,2,0
3way_drop,c02e16f751675a65,2,0
3way_drop,c0502e03b5e7ac86,2,2
3way_drop,c2adc2021535886c,2,2
3way_drop,c30725b782702813,2,2
3way_drop,c373f90ef5da61ec,2,2
3way_drop,c3b9620bb10086eb,2,2
3way_drop,c483fbcfe51c25a2,2,2
3way_drop,c645b771e97af8ae,2,2
3way_drop,c953729d01bdac8a,2,2
3way_drop,ca19d84ef93ca1f7,2,0
3way_drop,cd5f02c096f68015,2,2
3way_drop,d61235c68804577c,2,2
3way_drop,d68a355caa0e2e0c,2,2
3way_drop,d728400552fe25cd,2,2
3way_drop,d8062f340c647689,2,2
3way_drop,d8253d74f62fc487,2,2
3way_drop,d84dc8866eb2c0fc,2,2
3way_drop,db2a7fbb10c51993,2,0
3way_drop,e0ec5cc2a68b0f96,2,2
3way_drop,e2247812baf246c8,2,0
3way_drop,e50930c1b4d9a688,2,2
3way_drop,e62220667f3ec46a,2,2
3way_drop,e6fe8fd0efc29b6e,2,2
3way_drop,e728044c45abd8c1,2,2
3way_drop,e733a9cf927ab3c4,2,2
3way_drop,e799a3b5311c91c4,2,2
3way_drop,e7ab1b6f1f350412,2,0
3way_drop,e919d7262ffa6ec3,2,2
3way_drop,e94f8d37e9338a3e,2,2
3way_drop,ea80952c02e967ef,2,2
3way_drop,eb763f55841a655e,2,2
3way_drop,ebd875e9dca93af3,2,2
3way_drop,ec56373e03e89c3e,2,2
3way_drop,ee31beed07bcd096,2,2
3way_drop,ee714a39552e5806,2,2
3way_drop,eeecdba19b62eb8e,2,2
3way_drop,f0a733adf51911b4,2,2
3way_drop,f255b39ee4391bfb,2,2
3way_drop,f2f2a790b4181699,2,2
3way_drop,f47f0ee43a834b60,2,2
3way_drop,f9732e47abd9240d,2,2
3way_drop,fa4fc11345181996,2,1
3way_drop,fbc92e76eec3b469,2,2
3way_drop,fbff9d0aeecec51b,2,2
3way_drop,fc00f8e060911876,2,2
3way_drop,fd46d5a3ec0dfcfd,2,0
3way_drop,fede15d185f5713e,2,2
3way_drop,ff32bb904de19971,2,2
3way_drop,ff998064e5d2d3c5,2,2
3way_drop,012b84e1c34329ea,0,1
3way_drop,045bfe39e89e0d8f,0,1
3way_drop,064b8c93283c2ecb,0,0
3way_drop,07fcbaf088f9298d,0,0
3way_drop,0cc84bc43af40c98,0,0
3way_drop,0d86106d597b3f07,0,1
3way_drop,0f0243cf2d6f62b1,0,1
3way_drop,0f72d67d1397a178,0,0
3way_drop,112588fc5ac6224c,0,0
3way_drop,113ffaaafead55d6,0,2
3way_drop,12796e4a361d3c2d,0,2
3way_drop,12b379c37347cba4,0,0
3way_drop,144847a4b86e40ac,0,0
3way_drop,14e5d143d3722894,0,0
3way_drop,178b99130ac6f67a,0,0
3way_drop,195b35e8f61ebc7f,0,0
3way_drop,195d07050b6bb692,0,1
3way_drop,1aad7e3a9eeb1dd8,0,0
3way_drop,1ca7958aeccc7055,0,0
3way_drop,1d37c1797fee0a91,0,1
3way_drop,1e847b39380d9c06,0,0
3way_drop,1e87529afbaa75e9,0,0
3way_drop,20cce75a7ca51ef9,0,0
3way_drop,216dfe835e4d7315,0,1
3way_drop,2244bd372c28d82f,0,2
3way_drop,23ea412be7e96546,0,0
3way_drop,25d5d4c6feff5f22,0,1
3way_drop,25e90f714944fdf3,0,0
3way_drop,26d1b8351e8c2652,0,0
3way_drop,27601e50ca8ee76a,0,1
3way_drop,294dd9dc6090bc35,0,2
3way_drop,2cadfe6ceceb116f,0,2
3way_drop,2f5b51f5bf03340f,0,1
3way_drop,31cc50eeb38a82af,0,0
3way_drop,3266c7efb39a5346,0,0
3way_drop,3284bbbfba6ca911,0,0
3way_drop,331bcbb0db2af3cb,0,0
3way_drop,346afae85abcd252,0,0
3way_drop,348721dc73e17f49,0,2
3way_drop,34f945d864c401f1,0,0
3way_drop,36b3295e1dca93aa,0,1
3way_drop,38fe96b87ef17f56,0,0
3way_drop,38ffc3827e5b05f4,0,1
3way_drop,391f5be23ee01fc0,0,1
3way_drop,39323400a92fb1fc,0,1
3way_drop,394639fe9ac0ebea,0,0
3way_drop,39cfe693ed98001c,0,0
3way_drop,3a4074c7560700e5,0,0
3way_drop,3a4cdcd115f766fd,0,2
3way_drop,3b44a350abd95430,0,2
3way_drop,3c13e1b50408ea5c,0,1
3way_drop,3d42ecea95f6c06e,0,1
3way_drop,3e47f4c150a45fc9,0,0
3way_drop,3f6ac28f8ba4789b,0,2
3way_drop,3f9e229072d89882,0,2
3way_drop,3faa4fa19d4094ec,0,0
3way_drop,40538deda22caef6,0,1
3way_drop,4232406da4df02cc,0,1
3way_drop,437db3cf130d6c83,0,2
3way_drop,4420afc01bbd8a3e,0,0
3way_drop,442a255e5c58c4a6,0,0
3way_drop,46da6ab5ab685aa7,0,1
3way_drop,46dd1d8aa077c9be,0,2
3way_drop,4768f2b1852a631a,0,0
3way_drop,484439eda3ce5b8f,0,0
3way_drop,499c9d2d03b22800,0,0
3way_drop,4a20dfd63b1dfa55,0,0
3way_drop,4e1132fcda35a923,0,0
3way_drop,4ea8081547063224,0,0
3way_drop,4ec581ef51a259d1,0,0
3way_drop,50dd93f0299cc531,0,1
3way_drop,52ec562068df80f7,0,0
3way_drop,531679a5198f4f77,0,2
3way_drop,53513b7e766e57df,0,1
3way_drop,571f04063c72f172,0,1
3way_drop,578e9138092c9c97,0,0
3way_drop,57cddfb1d7601c5f,0,0
3way_drop,5813d58755502e66,0,0
3way_drop,58e0dbfbbbbb909a,0,2
3way_drop,59949b4368e2e22f,0,0
3way_drop,59e20886ece1552d,0,1
3way_drop,5a01ac6e16837edd,0,0
3way_drop,5a2714173912bb8c,0,0
3way_drop,5b17bfa9fd510149,0,1
3way_drop,5b33997225043627,0,2
3way_drop,5b84b3d401fe9f63,0,2
3way_drop,5bee984f2bd289fb,0,2
3way_drop,5c2e00b7ea5a9411,0,0
3way_drop,5dd96103f20b5773,0,1
3way_drop,5e0af7061fc346fc,0,0
3way_drop,5e505ca9e71caf12,0,2
3way_drop,5e67a29a632dba25,0,1
3way_drop,5ebb43ab37e63229,0,0
3way_drop,61e4558c199cd05c,0,1
3way_drop,63592583b562296b,0,1
3way_drop,647fd4e0de4cf2cf,0,1
3way_drop,665302e9fca198ca,0,1
3way_drop,66cae806de41f9ba,0,0
3way_drop,6750f409781df445,0,0
3way_drop,68a763ae62ff3fe9,0,0
3way_drop,692a401a0e349af1,0,1
3way_drop,6a3f27e77ac2e0a7,0,1
3way_drop,6b9a476214f9384c,0,2
3way_drop,6bfae5a48ec1b94a,0,0
3way_drop,6c7bc3fd6f21f8da,0,2
3way_drop,6ccb17557f02f566,0,0
3way_drop,6ce44d32b0f80e56,0,2
3way_drop,6d9e8543ccf0fb58,0,1
3way_drop,6f5f37940b67242c,0,0
3way_drop,724fcb09513b8c58,0,2
3way_drop,74b399c92e3c37b0,0,1
3way_drop,74fa52c036dcdd53,0,2
3way_drop,76a3824b70a8ac50,0,0
3way_drop,797a90c9c36093a6,0,1
3way_drop,79d67825899e968d,0,1
3way_drop,7b838a60f00bfdcc,0,0
3way_drop,7e5c62c658fde238,0,0
3way_drop,83c12571dfcdc3da,0,0
3way_drop,8563f05cf4223102,0,1
3way_drop,863a0db425c14d64,0,0
3way_drop,8780415b20c035ec,0,1
3way_drop,878ecaf6beefd4ef,0,0
3way_drop,8825ab7484661c7a,0,0
3way_drop,885a86aa2a9c13db,0,0
3way_drop,8adeb7d5d4183de0,0,2
3way_drop,8ae8dafae8e4f31c,0,0
3way_drop,8d78767e77c70380,0,0
3way_drop,8eb62a9d6de4b291,0,0
3way_drop,92229b402ad647c2,0,1
3way_drop,927fd39c2b40e69a,0,0
3way_drop,92aed63479e7f402,0,0
3way_drop,932c66b50f51ff11,0,1
3way_drop,938d1a5bfa5a4120,0,2
3way_drop,94205edfe29fe931,0,0
3way_drop,95f30d41fe867874,0,0
3way_drop,981e994548ddc796,0,1
3way_drop,99305ee7150a56e6,0,0
3way_drop,996684adcf1a3961,0,1
3way_drop,9a663b7580292728,0,0
3way_drop,9bc2dc3185f93554,0,1
3way_drop,9c6ea951bfed3ee1,0,0
3way_drop,9d5bd6ecf4f6341e,0,1
3way_drop,9da7fcb1e66a05c8,0,0
3way_drop,9e3591d1d47bb3c0,0,0
3way_drop,9f20ff9ae94e4ce0,0,0
3way_drop,9fda3a2da3ad15a8,0,0
3way_drop,a01658522745ff1c,0,1
3way_drop,a1ef19901d1e3764,0,1
3way_drop,a23b994e9d4f1372,0,0
3way_drop,a2d7caf133a65c5e,0,0
3way_drop,a369c062b5c9cf8b,0,0
3way_drop,a5e7c00d93c4e740,0,1
3way_drop,a64a714308112b47,0,1
3way_drop,a7e2d427852b8c91,0,1
3way_drop,a81f2d2d9f751d73,0,2
3way_drop,a9d1071b78c15826,0,1
3way_drop,ab6cf585fc875898,0,1
3way_drop,abff61a1fe0fc136,0,0
3way_drop,ae762b2c901a3ec7,0,2
3way_drop,af2048717dd60ec6,0,1
3way_drop,af5df3c7aa4f9178,0,0
3way_drop,b0632666445a02f2,0,1
3way_drop,b2d1b11ea8ac384a,0,2
3way_drop,b2e5fa290b826239,0,0
3way_drop,b3f96a319fdec0e0,0,1
3way_drop,b5e67c9d8cd56ac6,0,0
3way_drop,b6c4fea93b8f0dbb,0,1
3way_drop,b7441a29754730c0,0,0
3way_drop,ba0481e43594f756,0,0
3way_drop,bad0ddcaadaf0653,0,0
3way_drop,bba5de36030025ad,0,2
3way_drop,bdac21ea3a56a53e,0,2
3way_drop,bdbaf3e9f0261225,0,1
3way_drop,be47c619885625c3,0,1
3way_drop,bf310747d86670e5,0,0
3way_drop,bfed31f2fbcc0227,0,0
3way_drop,c04e10f727afd149,0,0
3way_drop,c18d1631128dbcb7,0,0
3way_drop,c1bbfdfe0eae52ca,0,2
3way_drop,c360bf760bbc1e10,0,1
3way_drop,c47ddb67b2219ee9,0,0
3way_drop,c55f1f773a010761,0,1
3way_drop,c6314c9ddd66f680,0,0
3way_drop,c80bcd851a396be3,0,2
3way_drop,cb59660758d990ed,0,1
3way_drop,cbe6b2da445d32b0,0,2
3way_drop,cc4261e63734c441,0,1
3way_drop,cded06c9b1f78460,0,0
3way_drop,cf3aca3397a12b42,0,0
3way_drop,cfcd0e0bc89fabb9,0,0
3way_drop,d4617d9814a2dad2,0,0
3way_drop,d51a6f4865406ae2,0,0
3way_drop,d5c75d2fb1b865df,0,2
3way_drop,d5f94d9bb038e41a,0,0
3way_drop,d6a681798c9330cf,0,0
3way_drop,d7c5b8848aacd97b,0,1
3way_drop,d81141eef7c6a787,0,1
3way_drop,d82d8d96c572690c,0,2
3way_drop,d86ea1bbc49e9935,0,2
3way_drop,d9fde51ecb848113,0,1
3way_drop,df3f08ac700ee382,0,0
3way_drop,dfdcb282b1471eed,0,0
3way_drop,e22d6a539498f41f,0,1
3way_drop,e2854b3e1708dc51,0,0
3way_drop,e2cf7face5937054,0,0
3way_drop,e35fe4485167aecf,0,0
3way_drop,e42d0c988bbf9365,0,2
3way_drop,e4794962c55e1974,0,0
3way_drop,e5d4696bdb557442,0,0
3way_drop,e6448073db63e05b,0,0
3way_drop,e689ef89441d7ef8,0,0
3way_drop,e7844ecab7039138,0,0
3way_drop,e82bde158afe3346,0,0
3way_drop,e9f1c44f04663600,0,2
3way_drop,ea23a11506b0a666,0,0
3way_drop,ea61f9cb6713132c,0,0
3way_drop,ebc9f5ca22ad7f27,0,1
3way_drop,eec0cbb7e6b7202e,0,0
3way_drop,f00aebea2071b6a3,0,0
3way_drop,f2548a33302a888c,0,1
3way_drop,f2dbe491710da1a1,0,0
3way_drop,f314376aa6e4cf79,0,1
3way_drop,f3596ee3797c9a92,0,1
3way_drop,f37cd4a1f8e123cd,0,2
3way_drop,f437f957d868f078,0,0
3way_drop,f55250db0688ea66,0,0
3way_drop,fd2ed403384f24e9,0,0
3way_drop,fd9413469e0973fa,0,0
3way_drop,fedc90ede50f288a,0,0
3way_drop,ff6ed42e07e13df2,0,2
3way_drop,ff9836dfdaf074e8,0,1
3way_drop,01c757744626fb06,1,1
3way_drop,01d96210ecd30317,1,1
3way_drop,02606d981ad30e41,1,1
3way_drop,033cad532024ecb2,1,0
3way_drop,038baa147e8a8bca,1,1
3way_drop,0592c141063c1312,1,1
3way_drop,07585f39f33701c9,1,1
3way_drop,075aea58527fd80a,1,2
3way_drop,0b0a561ce9be792d,1,1
3way_drop,139090af70425656,1,1
3way_drop,149d880694c124e3,1,1
3way_drop,174ae4acb8baf5a3,1,1
3way_drop,19612355483579f6,1,0
3way_drop,1c9be52ce5582ac6,1,1
3way_drop,1cb858dfcef40e48,1,2
3way_drop,1ccd9357571d3055,1,1
3way_drop,1db1479045e097bb,1,0
3way_drop,1f7dd6bb7cd0dd05,1,1
3way_drop,1fbe100f5839a2fd,1,0
3way_drop,208473097485c74d,1,1
3way_drop,25af410563495d70,1,2
3way_drop,2606ae25d10d9f95,1,1
3way_drop,27e15ff74a5d581a,1,1
3way_drop,287ac6620658ef61,1,1
3way_drop,28ebcb499a5cb1ee,1,1
3way_drop,2a776548497de64a,1,1
3way_drop,2aa007457f7d6e3e,1,0
3way_drop,2bb7f22b394a9477,1,1
3way_drop,2d3ddbb905dcfc9e,1,1
3way_drop,2fe9cbee393ff1d1,1,1
3way_drop,30febca809ab7edb,1,1
3way_drop,33372ebc19037dae,1,1
3way_drop,338f60ae948d2fc4,1,1
3way_drop,35d6d7136c0013df,1,1
3way_drop,36d2baa77cfa3218,1,1
3way_drop,3799941b14798802,1,1
3way_drop,38272b2a80bf6c8b,1,2
3way_drop,3849b4ab203cb39a,1,1
3way_drop,3cf6bddc47d59a5e,1,1
3way_drop,3eb5b1553707a268,1,1
3way_drop,3f7b6528c12ed3bf,1,1
3way_drop,3fc6f467fca20ee5,1,0
3way_drop,42482134cffc2415,1,1
3way_drop,432961cb024d0fbd,1,1
3way_drop,43f6668994fa8a5a,1,1
3way_drop,44f9eecd8586f4b6,1,2
3way_drop,45925ab722671e0f,1,1
3way_drop,48aa596e143708be,1,1
3way_drop,4c9ed3f91aa1b093,1,1
3way_drop,4f3b0ffe8a63e88f,1,1
3way_drop,4fbda5fa7ac2f3c2,1,1
3way_drop,4fbddace4c11a21c,1,1
3way_drop,50401bd96f40d1a8,1,0
3way_drop,505907cab2341b96,1,1
3way_drop,51374779396d1341,1,1
3way_drop,516bf926f666d2a8,1,1
3way_drop,55daca170a270793,1,1
3way_drop,55f9cc9c76cffa17,1,2
3way_drop,57f6e1521d9c11c1,1,1
3way_drop,59c66dd83aa0fa29,1,1
3way_drop,5abb72cb98e2154e,1,0
3way_drop,5b6c9e1cfe2902af,1,1
3way_drop,5e0b8741c0320555,1,1
3way_drop,5f453e75a11227c9,1,1
3way_drop,6471ccebd3522f1d,1,1
3way_drop,658c3adef9387699,1,1
3way_drop,65e5f7b82eea0401,1,1
3way_drop,68577e6ca8934919,1,1
3way_drop,6a278b0346208574,1,1
3way_drop,6b30eeecd5a7df43,1,1
3way_drop,6b87a7279be6fa7e,1,1
3way_drop,6e1f39812ebacc10,1,1
3way_drop,6ea6d055cbbfb81d,1,1
3way_drop,71801a3be7e79bcf,1,1
3way_drop,75bc9436109d26cb,1,1
3way_drop,765b7bece2fdb03c,1,1
3way_drop,7668fe8b2a8300cc,1,1
3way_drop,77abdc99986d06b6,1,1
3way_drop,78950374da966789,1,2
3way_drop,78ff4a37bad7bab0,1,1
3way_drop,797a64e538f71c64,1,2
3way_drop,7a1d61d725aceedf,1,1
3way_drop,7a249239dff49381,1,1
3way_drop,7b6552cbe03cfb93,1,0
3way_drop,7c031043905cf468,1,1
3way_drop,7e65cad80f3140aa,1,1
3way_drop,7eb25281409ef1ec,1,1
3way_drop,7eb36d16b97b0703,1,1
3way_drop,7f8a8cea5fdf4054,1,1
3way_drop,813d8b34f3962ff3,1,1
3way_drop,81b0540b8ec9d267,1,1
3way_drop,839aa13748f1b20d,1,1
3way_drop,84a1cc0fdd90afa2,1,1
3way_drop,86025b90e55d984e,1,1
3way_drop,86bc02e76540adca,1,1
3way_drop,86c4454951357a19,1,1
3way_drop,8c236965221898a0,1,2
3way_drop,8ce15022daa1fff6,1,1
3way_drop,8d6ce626f494bf56,1,1
3way_drop,8f7b34b15bbc970e,1,2
3way_drop,90263613b4759b31,1,1
3way_drop,92a89ce2666c281f,1,1
3way_drop,987c5c366097f4ae,1,2
3way_drop,991db705bff1cd56,1,1
3way_drop,9a52423366c2a9b3,1,1
3way_drop,9a5c90a4b99e2871,1,1
3way_drop,9a931a292d0c52c4,1,1
3way_drop,9ac7a3bc49fd37b7,1,1
3way_drop,9b597c6e2a73e733,1,1
3way_drop,9c3c5ba3083ff313,1,1
3way_drop,9e203db9014e0905,1,0
3way_drop,9f744f5742e8c679,1,2
3way_drop,a0bc25bbaefecd23,1,2
3way_drop,a230afd968369dc5,1,1
3way_drop,a47dfad617f83835,1,1
3way_drop,a4a9e780e6aa23e6,1,1
3way_drop,a8c8796e7f0c6063,1,1
3way_drop,a9d7950e086bfe77,1,1
3way_drop,aa3cbe39461d2e30,1,0
3way_drop,ab4fb81321e7a222,1,1
3way_drop,ac1ea184b9a67af2,1,1
3way_drop,ad51de8b540d4ede,1,1
3way_drop,b0696b88e362ca0e,1,1
3way_drop,b23fa1c17455f5ea,1,2
3way_drop,b24c90223cab7b03,1,1
3way_drop,b50a7ecc08a999f9,1,1
3way_drop,b520eb3bc75536c9,1,1
3way_drop,b568f89990b68029,1,1
3way_drop,b795af5fa53591c9,1,2
3way_drop,b7b540fad6951745,1,1
3way_drop,b945dd3ae045f323,1,1
3way_drop,bad7dd3c4349b990,1,1
3way_drop,bdf83c6bef66768f,1,1
3way_drop,c25c8e6515ebf1d6,1,1
3way_drop,c5a1debbc02ef5b5,1,1
3way_drop,c78bc85e6e779982,1,2
3way_drop,c7e289d576a6d056,1,1
3way_drop,c7f9019f4a483e31,1,0
3way_drop,c834a07cb0ad7162,1,1
3way_drop,c88c5be2638a10c3,1,0
3way_drop,c934cf88909ac4e4,1,1
3way_drop,ccf92d5a915f79e7,1,1
3way_drop,cd70a215ab138efc,1,0
3way_drop,cfb7a4a7be7a23d9,1,1
3way_drop,d125cc39f70cf49c,1,1
3way_drop,d2853b403e3f3fad,1,2
3way_drop,d38cf969d4fac641,1,0
3way_drop,d7527157548c0f86,1,1
3way_drop,da883fd125800ae2,1,2
3way_drop,dba4c5a2f0567cb3,1,1
3way_drop,de6bf9a7a6515b7b,1,1
3way_drop,e0e770011f4dc52e,1,1
3way_drop,e2e5c465bc06d1cf,1,1
3way_drop,e36b2d16bd0b125a,1,2
3way_drop,e458fdc1b96f2bcf,1,1
3way_drop,e5198b0527368399,1,1
3way_drop,e757efdea8a81fec,1,2
3way_drop,e842f27600e11f8a,1,1
3way_drop,e988b7f5c2c2aec6,1,0
3way_drop,ea3c3a871c046979,1,2
3way_drop,ea6efd275f6076f0,1,1
3way_drop,eada494ff352c1a9,1,0
3way_drop,ef2ddadc0383345d,1,1
3way_drop,f15e9c6b43f0a9c0,1,1
3way_drop,f23053755acd2fa7,1,0
3way_drop,f35a2131efeed08e,1,2
3way_drop,f769ce623532432b,1,1
3way_drop,f7d0f2273a0493bb,1,1
3way_drop,f8c2eb3b8a833387,1,1
3way_drop,fa96c5673d28dcb2,1,2
3way_drop,faa3b3fe4972449b,1,0
3way_drop,faebb5e8dd67ea9b,1,1
3way_drop,fcd21f7f0533b5cf,1,1
3way_drop,ffd7e85b3a5e725f,1,1
3way_drop,00e3a2e34ed84da5,2,2
3way_drop,02af15a4d7f3ea66,2,1
3way_drop,036e86d228d494c2,2,2
3way_drop,0a0c8ebc965ed820,2,2
3way_drop,0b73ac51d4afd1b0,2,1
3way_drop,0bd37052551936bd,2,0
3way_drop,0bf1e1cf0c057b0f,2,2
3way_drop,0ed2b48dea446b12,2,2
3way_drop,0f0af68efb00e108,2,2
3way_drop,0f48dd279c51d467,2,1
3way_drop,0fa666a0f8f3b628,2,0
3way_drop,106ab3b0aaf43785,2,0
3way_drop,1260be8828233e87,2,2
3way_drop,13579f600648ccfc,2,2
3way_drop,14350e18fb5f1e1b,2,1
3way_drop,14a1b3fd3f189dd2,2,1
3way_drop,14aa530e786b94a6,2,1
3way_drop,14eafde5a5690ff8,2,2
3way_drop,151b89a0db351b74,2,1
3way_drop,1594d1ac7ab6e1e2,2,0
3way_drop,19e7e5e06f308ea6,2,2
3way_drop,19f376e3665bfa32,2,1
3way_drop,1dd1554346312b79,2,2
3way_drop,207721aa579b2fae,2,1
3way_drop,207c2a0467a1db5b,2,2
3way_drop,20f6d8cf06cbea77,2,2
3way_drop,2159ba0d050c1b69,2,0
3way_drop,22ba5fdc17db5f06,2,2
3way_drop,22e56a9676791912,2,2
3way_drop,24aea0d5b1d19517,2,1
3way_drop,24af7be26d95893f,2,2
3way_drop,256cd334ea7b72f8,2,2
3way_drop,26de555cc506faac,2,2
3way_drop,292fc1f4b5a180b4,2,1
3way_drop,29b0624c51630a68,2,2
3way_drop,2af083878c4419d2,2,0
3way_drop,2afe38c5a3be958a,2,2
3way_drop,2b33762b2b5bbc19,2,2
3way_drop,3048bc4d905709fd,2,2
3way_drop,35070d9d04d1029c,2,2
3way_drop,35465cc0d8748b81,2,2
3way_drop,36111b9f51d80b14,2,2
3way_drop,36c2e839a4510a86,2,2
3way_drop,37c31305718cb209,2,0
3way_drop,39a15b49934b8f4a,2,2
3way_drop,3a00cf8e7186ca5d,2,1
3way_drop,3b07e7a43f014c9f,2,2
3way_drop,3b43735e98f05584,2,0
3way_drop,3ced89d1d532035e,2,2
3way_drop,3e55e53886478db7,2,2
3way_drop,3f8c9312573bf7ba,2,2
3way_drop,4011fb8c871a0a42,2,2
3way_drop,4226201b6ed4f95c,2,2
3way_drop,430f0b1d6b3e5893,2,2
3way_drop,44daf23a857bef5f,2,2
3way_drop,451a3c89742869a6,2,2
3way_drop,45cf8833f84811ec,2,1
3way_drop,488f0baa27070784,2,0
3way_drop,4afbf4c0f3ccebc9,2,1
3way_drop,4b72a0a845dc1e17,2,2
3way_drop,4b8fd7ccd8bc27d0,2,1
3way_drop,4bbe5b4e20bb17ac,2,0
3way_drop,4bd4f74d230b56e6,2,0
3way_drop,4e37789923218ae4,2,1
3way_drop,4ed8b78fdccee5f0,2,2
3way_drop,4f156c87afa52206,2,2
3way_drop,4ff652ccce212e7f,2,0
3way_drop,517bada37038293a,2,2
3way_drop,5347d98189beddab,2,2
3way_drop,54bb5983ba64dcc4,2,2
3way_drop,54da4c20ffdcb2dc,2,2
3way_drop,5586410c3afc14b4,2,2
3way_drop,56b26dafea0d3205,2,2
3way_drop,5745d6814c97d017,2,2
3way_drop,5825393b9acc3dfc,2,2
3way_drop,5866e98dece44946,2,2
3way_drop,58c84de50e46b463,2,2
3way_drop,58d81226fba36353,2,2
3way_drop,5aa18b7e91b530c8,2,0
3way_drop,5abd8e81e490200f,2,2
3way_drop,5c88d43435df76bd,2,1
3way_drop,5d0cc93ec06ec1af,2,1
3way_drop,5d42191883b70051,2,1
3way_drop,5ec30d184f2752d8,2,2
3way_drop,5f5594fa526c5f22,2,2
3way_drop,5f9527a32486997a,2,2
3way_drop,5fbafbf3a1190dbf,2,2
3way_drop,6081940079aab05f,2,2
3way_drop,61bc5e13a86659a8,2,2
3way_drop,6351a2e1c06d617a,2,2
3way_drop,6382e6029e56939e,2,2
3way_drop,6679b138569de5cb,2,2
3way_drop,691dba1337ebc68c,2,1
3way_drop,695b81e7efaf1887,2,2
3way_drop,6a51261cb06d3925,2,2
3way_drop,6bde1b5dee37d15b,2,2
3way_drop,6c3f5c07a385b961,2,1
3way_drop,6e90f9740add593f,2,2
3way_drop,6fb7a7ee07577aff,2,0
3way_drop,71beba8f6ceea866,2,2
3way_drop,7242b3910c20380c,2,2
3way_drop,725f7fc010341755,2,2
3way_drop,7313f3d081fd4b03,2,1
3way_drop,73bd35d2eb02505c,2,2
3way_drop,73cffc9f991b0dd1,2,2
3way_drop,73f659d691395fd9,2,2
3way_drop,75a8f957a7b262b7,2,2
3way_drop,75b08d5f434907f4,2,2
3way_drop,75f474b530566a8e,2,2
3way_drop,76133d8b8cacdd7d,2,0
3way_drop,7654571ebec5b5f5,2,1
3way_drop,76632eee2fa9d2e9,2,2
3way_drop,76ca5ec86da6da79,2,0
3way_drop,76ce774cdf50f214,2,0
3way_drop,7b29f6c8a811162e,2,0
3way_drop,7c1aa4bb1dafe9ae,2,2
3way_drop,7d108903f7ccc83c,2,0
3way_drop,7dab22a99c2d30bb,2,2
3way_drop,7e9aab86dbc85592,2,2
3way_drop,7fcdc85ad762cbcf,2,2
3way_drop,8081d67974940ba3,2,2
3way_drop,80f20a6121d588d0,2,1
3way_drop,814d827d8b53485a,2,2
3way_drop,85860fd10ebea8b3,2,2
3way_drop,85e416d4bb4f758f,2,1
3way_drop,86d09861b908f68d,2,2
3way_drop,87a845a6d5c62205,2,2
3way_drop,87ceda9e5f9dc6ad,2,2
3way_drop,8907e783bae41d04,2,2
3way_drop,8956f2b60349bb05,2,2
3way_drop,8ac64231e797d885,2,0
3way_drop,8dec56180dfbe9eb,2,2
3way_drop,8fe6b3c4e1d9143e,2,2
3way_drop,9083d5d4e582bd99,2,2
3way_drop,91b64cc9c863cdf7,2,0
3way_drop,929a830965f07bd2,2,0
3way_drop,929ea358c71cefd5,2,2
3way_drop,92e32f60f6d2d6ff,2,1
3way_drop,938ed306b77d68fc,2,1
3way_drop,93d079b9481d791d,2,1
3way_drop,9439a749493af63b,2,0
3way_drop,96195a96bf2e6e49,2,2
3way_drop,966424abfeb8ab48,2,1
3way_drop,96c6cfdbb03f2e5b,2,2
3way_drop,97b4a2d283e51312,2,2
3way_drop,9a3f7c88c3c149da,2,0
3way_drop,9a8e93e96f84360d,2,2
3way_drop,9ad1d9f4a67fd5af,2,2
3way_drop,9ae285531b23b38d,2,2
3way_drop,9bbf4d9f5689f10e,2,2
3way_drop,a07ab90df4fb8952,2,2
3way_drop,a3108e460a14bee3,2,2
3way_drop,a5f3202c15668650,2,2
3way_drop,a6131c883c43cd56,2,2
3way_drop,a78d9d8ab540f1e6,2,1
3way_drop,a8a8ffad6a6612e1,2,0
3way_drop,a8cc2779ff482a7c,2,2
3way_drop,a8f94b175dadd584,2,2
3way_drop,abbf4125696aa096,2,2
3way_drop,acff632c9447b138,2,2
3way_drop,ad4c3a28dd3b13f5,2,2
3way_drop,ada50885c91fc32e,2,2
3way_drop,ae135751c7a95d52,2,2
3way_drop,af4fff9b5c227106,2,2
3way_drop,af9396318a47fd91,2,2
3way_drop,af93f7044fc6f837,2,2
3way_drop,b1255c8381027c6a,2,2
3way_drop,b26f1735338947f2,2,2
3way_drop,b375d57eff2b32ab,2,0
3way_drop,b53213e581cf98c8,2,0
3way_drop,b570206399864b44,2,2
3way_drop,b668157cbaf3cb5f,2,1
3way_drop,b8b917d3fb2b2767,2,2
3way_drop,b8ed0fb3cfc53310,2,0
3way_drop,bb71321a6052788c,2,0
3way_drop,bd826c26c7e809aa,2,2
3way_drop,c06ae0a3f392ec1d,2,2
3way_drop,c27a34eb21b65ca5,2,2
3way_drop,c3e6e1772eedc4a1,2,2
3way_drop,c47213c62d84ba12,2,1
3way_drop,c48034e2c9f1b30d,2,1
3way_drop,c5fdd2d3a250bcf0,2,2
3way_drop,c8b213fbb8963a6b,2,2
3way_drop,c93446acf8879dae,2,0
3way_drop,ca0343517c0279ce,2,2
3way_drop,caacdbade4f38052,2,2
3way_drop,cbeb8c3def6edb40,2,2
3way_drop,ce29f60440d8ce07,2,1
3way_drop,ce2a3ee6f5d6cb94,2,2
3way_drop,d06671e3c906c1cf,2,0
3way_drop,d0b3cd07f913b8ee,2,2
3way_drop,d173fbfc49c778c2,2,2
3way_drop,d6e42f922cfa58e6,2,0
3way_drop,d801c2f1a27b469b,2,2
3way_drop,d9811fab32024bd7,2,2
3way_drop,d9f2d319b73573ce,2,2
3way_drop,da542518513f4c5a,2,2
3way_drop,dbb3a9fddbab62bc,2,0
3way_drop,dbff33c98724fe19,2,2
3way_drop,dca56d28cf4254e7,2,0
3way_drop,dcddfeb74257a532,2,1
3way_drop,dfc1d5b679ee2ca3,2,2
3way_drop,e05a1494f8787a21,2,2
3way_drop,e12beecee0a03b82,2,2
3way_drop,e18a6a21a67bb794,2,0
3way_drop,e29422ed9501da47,2,2
3way_drop,e53b89c6b13c1274,2,2
3way_drop,e63c57fe8b19a67e,2,2
3way_drop,e8fe654aefe6c78f,2,2
3way_drop,e9a17b13340746e5,2,0
3way_drop,e9b8b9b625040927,2,2
3way_drop,eadf33240be0c39c,2,2
3way_drop,ebb1929808b0973c,2,2
3way_drop,ebb7b9aa16ea253f,2,2
3way_drop,ed9ce5c6a244ab66,2,2
3way_drop,edb77b9c80306969,2,2
3way_drop,ee89022ed06c5a40,2,1
3way_drop,f28c8af8ec9788ad,2,2
3way_drop,f31895ff2bf07ee5,2,2
3way_drop,f515edb46ae86146,2,2
3way_drop,f76c0659b164c7a8,2,2
3way_drop,f835c766cbbb587e,2,1
3way_drop,f959fd1b627c6146,2,2
3way_drop,fa731eafc2a3f51b,2,2
3way_drop,fadb616362754ee0,2,2
3way_drop,fbc9cfe7c621afbd,2,2
3way_drop,fbd7998debe8bbe6,2,2
3way_drop,fbdf064773c4ca66,2,0
3way_drop,00fd65fc29bb5400,0,1
3way_drop,020db60a97b61703,0,1
3way_drop,03448869fcfe274c,0,0
3way_drop,050f05be984a91fd,0,0
3way_drop,079145618c97ca2b,0,0
3way_drop,07c9dd6980eb1f07,0,0
3way_drop,09045307a82529a4,0,1
3way_drop,0914cdc3360a1617,0,0
3way_drop,0a191e6ff24f8e35,0,1
3way_drop,0b1869c246d9f7fb,0,2
3way_drop,0d112a35ae5d68a3,0,0
3way_drop,0eb091816dbc94ae,0,0
3way_drop,10747c37dbae4c23,0,0
3way_drop,1254bc65814111f3,0,0
3way_drop,1407a9a96a81eb4d,0,1
3way_drop,143b31ce713b001f,0,0
3way_drop,167d927580ea4e71,0,0
3way_drop,16a5c1532a1b4263,0,0
3way_drop,18457e88d33130e5,0,1
3way_drop,1bf0d5e27ead6153,0,0
3way_drop,1db01c017862a3a2,0,1
3way_drop,1e49f5846ce183ec,0,1
3way_drop,218ba896e09137dc,0,0
3way_drop,2246e3d3db403b6d,0,0
3way_drop,2266da1db3ff9fdb,0,0
3way_drop,2287dee2d53281b2,0,0
3way_drop,229da56dcc3b2cbe,0,1
3way_drop,258f5efac657d8c8,0,0
3way_drop,26d70af41ff563b6,0,0
3way_drop,285a322f40797dd5,0,0
3way_drop,2b2ee00be98cd4ad,0,0
3way_drop,2b4e60bc47a686c9,0,1
3way_drop,2beb06e44bfabc85,0,1
3way_drop,2c0ad5e003b0cbaa,0,0
3way_drop,2d5eefb64a58329b,0,0
3way_drop,2fcf898298667fed,0,2
3way_drop,3068b3518216a350,0,1
3way_drop,30fbe939c3a6047b,0,0
3way_drop,35dd80d4e10079b6,0,1
3way_drop,35ec7125d48c1ac1,0,2
3way_drop,365b3a7a53f57599,0,0
3way_drop,3b796ef3a1b70fa8,0,0
3way_drop,3efd944c99b12461,0,0
3way_drop,42b857fb71db6ae4,0,1
3way_drop,42fc0af6b3cbcad3,0,0
3way_drop,441dc7c5e4a42621,0,0
3way_drop,46b537fc055d8e75,0,2
3way_drop,475fe77fbc3e0179,0,1
3way_drop,477216ec57fb08f4,0,0
3way_drop,47cda89991d24f52,0,0
3way_drop,489cd6d4b7e98076,0,0
3way_drop,4a0362f160267029,0,2
3way_drop,4e7528b1b3e905c3,0,0
3way_drop,4e7e71027d3ac059,0,0
3way_drop,4f1ec64ba4b59d2a,0,2
3way_drop,524b20360fffbfc5,0,0
3way_drop,5278fd30076ca528,0,0
3way_drop,528161039d936b12,0,0
3way_drop,5402f0cbb4bd4f14,0,1
3way_drop,5680b3b38eff9559,0,0
3way_drop,570a49ed38762a74,0,2
3way_drop,582dba9edfbd76e1,0,2
3way_drop,590e6f16e845cc5e,0,0
3way_drop,5950d4fbedee59ce,0,1
3way_drop,5b60f8fabd3592f1,0,2
3way_drop,5b6e39963eaaa579,0,0
3way_drop,60080ad25fe5f5f1,0,1
3way_drop,61842cda529d94fd,0,0
3way_drop,629386c9840f0f62,0,2
3way_drop,6422dca57f2b0d63,0,1
3way_drop,675fcb3f64960621,0,0
3way_drop,6c1dc45ea4e832a4,0,0
3way_drop,6c48f45e43edff2f,0,1
3way_drop,6c8e4b8cd99acb8f,0,0
3way_drop,6d4035688436e92c,0,0
3way_drop,6fd11d161263d09e,0,0
3way_drop,72d2bd5da5b166c1,0,0
3way_drop,72f22339ea8a0e03,0,0
3way_drop,75d3bbdfe54bdb7c,0,2
3way_drop,76fb47414373dcee,0,0
3way_drop,78fa5fc30f1d1283,0,1
3way_drop,7bf808f9630da198,0,1
3way_drop,7dc35f4ef21c2111,0,0
3way_drop,7e301fe81e5efe49,0,0
3way_drop,80d4b8486db5c2b8,0,0
3way_drop,8201e5e8f573da24,0,1
3way_drop,82b6b665a50ae87b,0,0
3way_drop,83576a82d1c31932,0,1
3way_drop,8394a3be7a3494b6,0,2
3way_drop,844ac417ba8c41d7,0,0
3way_drop,8518825e562f318f,0,0
3way_drop,86e479d257656f6f,0,1
3way_drop,873bced091e282d2,0,0
3way_drop,873f88611693401d,0,2
3way_drop,8902f0209cb97f71,0,2
3way_drop,8986d6fb36c19a49,0,0
3way_drop,8a4bfbd1c2456623,0,0
3way_drop,8b3b57c8cfe540ac,0,2
3way_drop,8c20a88becc17513,0,0
3way_drop,8c58b50feadce784,0,0
3way_drop,8c6efd62612a3bdc,0,2
3way_drop,8d851d72a60086d8,0,0
3way_drop,8f73b5b29c68fa3d,0,2
3way_drop,8faad11d67955907,0,0
3way_drop,90f29c500b703e7f,0,2
3way_drop,92cd4a9c9ea49c9d,0,0
3way_drop,94a9428255dee55c,0,0
3way_drop,961e32541132076e,0,0
3way_drop,988ebe4522f491b3,0,2
3way_drop,9a1ca53b0d49fe94,0,1
3way_drop,9bbfdd34652d6ad5,0,0
3way_drop,9d0084396c56b8ff,0,0
3way_drop,9ea604221104fbb9,0,0
3way_drop,9f69447a46985cea,0,0
3way_drop,9ff7bc78bfc32d51,0,2
3way_drop,a04b8c987813e25f,0,2
3way_drop,a06b5d9d28de8ce0,0,0
3way_drop,a08859542c7add80,0,0
3way_drop,a267088f2235cc1e,0,0
3way_drop,a2bab7cb4a0153b2,0,0
3way_drop,a4b73dfd11b2a5fc,0,1
3way_drop,a8d8ac96d97982ef,0,2
3way_drop,a9c77eb211f19a0b,0,0
3way_drop,aabff560377d64b7,0,2
3way_drop,aae8f6334c7cfb0e,0,0
3way_drop,af94c0c538bc0c2a,0,0
3way_drop,b1cb94aba509f430,0,2
3way_drop,b3a47f6da0dc3860,0,0
3way_drop,b5eac254a792dd1b,0,0
3way_drop,b86a6813a02e7218,0,0
3way_drop,b96b8bce012e77ac,0,2
3way_drop,baf7c1dfedc7e34d,0,1
3way_drop,bda5f49b517ab825,0,0
3way_drop,c012b17389c65225,0,2
3way_drop,c2c3582641b317f7,0,1
3way_drop,c2ea272d393f5f08,0,0
3way_drop,c2fce0496893b87a,0,1
3way_drop,c334739326678bfc,0,0
3way_drop,c33fa55e8fbf8e72,0,0
3way_drop,c410273f01cff762,0,1
3way_drop,c4cc14ac50874ac4,0,0
3way_drop,c5f408f21c7b4ef4,0,2
3way_drop,c8801a87a6376dc3,0,2
3way_drop,c903bf65887d7ff2,0,1
3way_drop,c9d6e6572f4f126b,0,0
3way_drop,cabe5e8cb67e93d4,0,1
3way_drop,cc66808754793631,0,1
3way_drop,ccdff50440157d4d,0,0
3way_drop,ce64b35c91f92123,0,0
3way_drop,d2666079738b90fc,0,1
3way_drop,d33e60f3c0ec6edd,0,1
3way_drop,d5c678f3206d24b1,0,2
3way_drop,d72be8a7a4bffc24,0,0
3way_drop,d845227e2d45869d,0,0
3way_drop,d8715e9822cc4701,0,2
3way_drop,db012ae246350b01,0,0
3way_drop,dc18592d83d6bf42,0,0
3way_drop,dcc1b3a0e4bf2b1f,0,0
3way_drop,df202ac924efecec,0,0
3way_drop,e0362445b91569ef,0,0
3way_drop,e0a5997efa78fcd0,0,0
3way_drop,e30f852dca6ac008,0,2
3way_drop,e62a17f7407d5a6e,0,0
3way_drop,e68f80504e69ab4d,0,0
3way_drop,e6febec048829720,0,0
3way_drop,e87ca7b445ff52f9,0,0
3way_drop,e9969b621c0797d2,0,0
3way_drop,ea2032b3f9f9d98d,0,1
3way_drop,eb9233a61fcce409,0,1
3way_drop,ec47446154881d01,0,0
3way_drop,edcf6ad2348e5db3,0,0
3way_drop,f25fdecd90377ab8,0,2
3way_drop,f35c430af896f708,0,1
3way_drop,f3ae9c222c5d0e81,0,2
3way_drop,f3b67e1e4882ea8b,0,0
3way_drop,f88371bdcaad6016,0,2
3way_drop,fb1abc288de4648b,0,0
3way_drop,fd194e6ff8a50604,0,1
3way_drop,fe3e2366f842b7a5,0,1
3way_drop,fea0e24188e9367a,0,0
3way_drop,ff099b13c6b5c0ae,0,0
3way_drop,ff226f8b371a625f,0,1
3way_drop,00129cdb79324421,1,1
3way_drop,0080e2991c76e017,1,1
3way_drop,0195bc86ef7a8f23,1,1
3way_drop,01f10b7cdb79ec21,1,1
3way_drop,03a7839335627a22,1,2
3way_drop,04e7718bf4efcf37,1,1
3way_drop,0642f3034448ecb8,1,1
3way_drop,064e50f0e3742af6,1,2
3way_drop,06d3ec65f60ea38a,1,1
3way_drop,07399a3c964b0367,1,1
3way_drop,0744aa6a178a9ee2,1,1
3way_drop,085f3d27ca2ccf5a,1,1
3way_drop,08e23674ffeda8d9,1,1
3way_drop,0a050ce708228fb4,1,1
3way_drop,0a8a3cfbb9bf9dc7,1,2
3way_drop,0af35de873646263,1,0
3way_drop,0b33cf8bec95c2b3,1,0
3way_drop,0bbf3f99075420e8,1,1
3way_drop,0c073bd67f074667,1,1
3way_drop,0dd24eb1c027b689,1,1
3way_drop,0e4f85b1ad6d8403,1,2
3way_drop,1109186dcaf40b3e,1,1
3way_drop,1347e986470c87b0,1,2
3way_drop,1394594fcce6b455,1,1
3way_drop,13d7cc14807ecb83,1,1
3way_drop,165f3e4310ba1b3f,1,1
3way_drop,1bb18df96b3cbe2a,1,2
3way_drop,1be5f5d6cef014c7,1,2
3way_drop,1e0af57e270cfa5f,1,1
3way_drop,1e14087e1d94c9bb,1,1
3way_drop,1f1ffc0818310549,1,1
3way_drop,1f66ea2b22ec8915,1,2
3way_drop,22817447fc279016,1,2
3way_drop,249da8a444f1e634,1,0
3way_drop,25740d0d4db5ebde,1,1
3way_drop,28973b2ace19c7d9,1,1
3way_drop,2a109bf8446ec27d,1,1
3way_drop,2ab817c450bd902d,1,1
3way_drop,2afc3410cc30a0fb,1,1
3way_drop,2c89f0bb634e3741,1,2
3way_drop,2cc1f6b93b5fb319,1,1
3way_drop,2d7363b778990631,1,1
3way_drop,30dbb3abe80d98a2,1,1
3way_drop,322fe93021c02996,1,1
3way_drop,340fcdc34040fbd1,1,1
3way_drop,3530d613510eea26,1,0
3way_drop,3637ccc20e714ae1,1,1
3way_drop,36e4caf1480567c8,1,1
3way_drop,37ef6b43966c46a8,1,1
3way_drop,39873524a6a9deb5,1,1
3way_drop,39a4f404cea74d8f,1,1
3way_drop,39c8ce4528a16a08,1,2
3way_drop,3abc38439807fafe,1,1
3way_drop,3b3756e06d36df51,1,2
3way_drop,3cf50aa3f47a8d9d,1,1
3way_drop,3d0a57e2e385c7d9,1,1
3way_drop,3e259fb79e8a8e75,1,1
3way_drop,3ed3d1478bd45a76,1,1
3way_drop,40e701704df13a19,1,1
3way_drop,434978525cdd91d4,1,1
3way_drop,4349dba398412ed7,1,1
3way_drop,45174b27cdbfbf00,1,1
3way_drop,4606833618c3f5ca,1,0
3way_drop,478e8e91078bce3d,1,1
3way_drop,48264d0afbfffaa5,1,1
3way_drop,48cc505ac1770772,1,1
3way_drop,4a3a8ad63665e57e,1,1
3way_drop,4a9a41a2bab8c3ea,1,0
3way_drop,4bbd0ae3a4d3de8e,1,1
3way_drop,4d7a8b7ff17cff82,1,2
3way_drop,4db852fab6378d03,1,1
3way_drop,4e1a2f23ee15aa98,1,0
3way_drop,508244cda3003eab,1,1
3way_drop,52237e9705afcc50,1,2
3way_drop,535ba9135c5df89f,1,1
3way_drop,5373d1bb684c4738,1,1
3way_drop,552b294a2551a8be,1,1
3way_drop,56f0557a301207e6,1,1
3way_drop,57dd66d6e815f4d9,1,2
3way_drop,59e55cfdc1556234,1,1
3way_drop,5a44c7773dcf6fd8,1,0
3way_drop,5c0265910bb97ebd,1,2
3way_drop,5c4cc4aed19d3ae3,1,1
3way_drop,5e3d03728a996224,1,1
3way_drop,5eae90ed0087408e,1,1
3way_drop,5fa96ced6c5ac15b,1,1
3way_drop,5ff5d8def91dd219,1,0
3way_drop,60692849cf6ff4f5,1,1
3way_drop,608b855cdd971dc7,1,0
3way_drop,60a55905b936c496,1,1
3way_drop,60e32511e6408616,1,0
3way_drop,6188c5b0f04231f8,1,0
3way_drop,65ec2f9d5cac5a5f,1,1
3way_drop,669cbadf4e98c432,1,1
3way_drop,6758ba7589b2a883,1,1
3way_drop,6a81044ee2b5d6bd,1,2
3way_drop,6d6d1f5ff68cff98,1,1
3way_drop,6fe31640ed67aa71,1,1
3way_drop,7092d849367e5fc3,1,1
3way_drop,7154722368390cb0,1,1
3way_drop,72439808a189d58d,1,2
3way_drop,7297ab9df572f365,1,1
3way_drop,76a3bae2765c38f0,1,1
3way_drop,76ac1a6f467587a7,1,1
3way_drop,79134d1149dd1d78,1,1
3way_drop,7c936ce5b7ea5ee0,1,1
3way_drop,7d971189235a07f7,1,0
3way_drop,7e5783f091bebc76,1,1
3way_drop,8084f2fdc37085a1,1,1
3way_drop,81f1c2a788bcfa94,1,1
3way_drop,83584870a30728b7,1,1
3way_drop,836be969d8138a82,1,1
3way_drop,83b6066c7ffd5868,1,2
3way_drop,8421633c9afb866c,1,1
3way_drop,8451db56e865a6be,1,1
3way_drop,855f8d9b666db3eb,1,0
3way_drop,86907956d70908aa,1,1
3way_drop,8b175af1cb1b00e4,1,2
3way_drop,8b3600a658a2d066,1,0
3way_drop,8da49d2264c8dd18,1,1
3way_drop,8e276fbd31ab35e9,1,1
3way_drop,8f0cba3b09ced0cd,1,1
3way_drop,903e799b45a1eea1,1,1
3way_drop,9212f613a826dbbc,1,1
3way_drop,9265a57f498517cd,1,1
3way_drop,92a58792c4394a21,1,1
3way_drop,9387b00b032dc097,1,1
3way_drop,964535e7fcf568e5,1,1
3way_drop,967887be0c19a2ce,1,2
3way_drop,99cdc1c7673aaf30,1,1
3way_drop,9abe1659de334882,1,2
3way_drop,9b68ec2478530dcf,1,2
3way_drop,9b7ce0f9f3dba90e,1,1
3way_drop,9c541b292f203c7c,1,1
3way_drop,9ccf3f40815a8b3c,1,2
3way_drop,9cf8d67ca8fa8a1f,1,1
3way_drop,9d7e1e7493fcd8da,1,0
3way_drop,9de191b3a11f90a0,1,1
3way_drop,9e0af7fa12caba0e,1,1
3way_drop,9e380058cab71794,1,2
3way_drop,a1399502a4e31705,1,2
3way_drop,a1b8e79c857ab9b6,1,1
3way_drop,a1b921e568f6b119,1,1
3way_drop,a2538cf9ed7374ba,1,1
3way_drop,a2c4d15b15608835,1,1
3way_drop,a3396da3d00fd61f,1,2
3way_drop,a4805f1a4abde7e4,1,1
3way_drop,a94e2e9028848932,1,1
3way_drop,aac1f4ad60d6a696,1,1
3way_drop,aae0cdb82cef41dc,1,1
3way_drop,abb8433adb703bbc,1,1
3way_drop,ae3aeebde2c7addf,1,1
3way_drop,b135ab13ec358212,1,1
3way_drop,b213de71f97a6edd,1,0
3way_drop,b2add01d569226c3,1,1
3way_drop,b488992a55684ad4,1,1
3way_drop,b8f3c19278859e44,1,1
3way_drop,b9330643bcd43688,1,0
3way_drop,b9e521b2ea1de85b,1,1
3way_drop,bb0a8e7f423d8023,1,1
3way_drop,bc8d33a64625b4ee,1,0
3way_drop,bdbab061756d2669,1,1
3way_drop,bdc959b8e5bf6572,1,1
3way_drop,bde5fbd7c3abd0f0,1,2
3way_drop,bf7e25139a9a7eda,1,1
3way_drop,c3f9002068514b9e,1,1
3way_drop,c47819e332cad1ee,1,1
3way_drop,c7fd663d219620ab,1,1
3way_drop,cb4e7a5acb481865,1,1
3way_drop,cd01bbe6cd20b691,1,1
3way_drop,cd7bf4aaf869351c,1,0
3way_drop,ce2b601690f5c834,1,1
3way_drop,ce9aeaa58ec595d6,1,1
3way_drop,d1e2917cc63286a9,1,1
3way_drop,d22199f222955071,1,1
3way_drop,d2d2fd2d562f06d0,1,1
3way_drop,d2e05ed5010b1d06,1,1
3way_drop,d419e0c6655ab39b,1,1
3way_drop,d52f2b61e00d4714,1,2
3way_drop,d5e919e630c4ed9c,1,1
3way_drop,d76c4e2cfb0fce9d,1,2
3way_drop,dd2cf772fe38c6d8,1,1
3way_drop,de247741b283c347,1,1
3way_drop,de57b84beb080baf,1,1
3way_drop,dea4172bd3abe8fc,1,1
3way_drop,e0e019cb0b4d784b,1,1
3way_drop,e10d3f4bdab39971,1,2
3way_drop,e202706fc2d6737b,1,1
3way_drop,e20de1a08764978d,1,0
3way_drop,e26ea5775aca7768,1,1
3way_drop,e2cab1b3786f71ac,1,2
3way_drop,e579c3dcc8f27ff9,1,1
3way_drop,e5b3a356aaa11a10,1,2
3way_drop,e88eac84ec8963d4,1,1
3way_drop,e955b8ba5ea771eb,1,0
3way_drop,ea003660fd6c0725,1,1
3way_drop,ea1f5b53f3bada90,1,1
3way_drop,eab74ad1fe64af1e,1,1
3way_drop,ee29357a465c313f,1,2
3way_drop,eee44d2b899c2ae8,1,1
3way_drop,ef6198e82df707d5,1,1
3way_drop,effa07467cdc3aed,1,1
3way_drop,f0bb59a6665c73fc,1,2
3way_drop,f27e6e88fce802e4,1,1
3way_drop,f3ad1eeda77c3d91,1,1
3way_drop,f45872fa46858f8e,1,1
3way_drop,f574f70c01f20fac,1,1
3way_drop,f636f6620067f9a6,1,2
3way_drop,f65688ef0844b7bf,1,1
3way_drop,f7459113b7888577,1,2
3way_drop,f8db752b40eaa13c,1,1
3way_drop,fe53c73942a9a89c,1,1
3way_drop,fe8f135c4e12def2,1,1
3way_drop,ffe029ecb3159962,1,1
3way_drop,001e9446eb45759c,2,2
3way_drop,0225c6631dc5c903,2,1
3way_drop,03e21a882ce7f180,2,1
3way_drop,04388a14e8f3d7ea,2,2
3way_drop,052bcca686b9f8c8,2,2
3way_drop,057b05c222de717d,2,2
3way_drop,08b7b99e842020d9,2,2
3way_drop,0938e951b7a7094c,2,2
3way_drop,0a0ab5ec9e8f2034,2,1
3way_drop,0aba114e04e7e5ef,2,2
3way_drop,0d7523f939bd9d6d,2,2
3way_drop,1007fe3626ef200d,2,2
3way_drop,11fa6a61f7ca4487,2,2
3way_drop,123fe06f65807919,2,2
3way_drop,12cd5238c61c056f,2,1
3way_drop,13ebbdae6497c00c,2,2
3way_drop,1779f8678faad7e9,2,2
3way_drop,18a22eb07bfc4469,2,2
3way_drop,191dfeafcec95b20,2,2
3way_drop,1a272291bb0826fd,2,2
3way_drop,1b5ff821d0046d1f,2,2
3way_drop,1bfba2d3b8b76128,2,2
3way_drop,1de2d731eec5c62c,2,2
3way_drop,1f1b8a94754022e0,2,2
3way_drop,230a44ae1a761634,2,2
3way_drop,256db272798185de,2,1
3way_drop,269869f77051b551,2,0
3way_drop,27eb6e0d42f5288f,2,2
3way_drop,2c460fecfd29ab7f,2,2
3way_drop,2e8dbf5f4ecff606,2,2
3way_drop,325ff20d243612f1,2,2
3way_drop,3321c839c500133b,2,0
3way_drop,33da08ed716d6510,2,2
3way_drop,344d8662e82e06b1,2,2
3way_drop,36ef1cec5fe695cd,2,2
3way_drop,370c4630199d411d,2,2
3way_drop,37ff303ef696dd4c,2,2
3way_drop,39cefb5b02b98828,2,0
3way_drop,3ae88d555f31ff23,2,2
3way_drop,3af97bdf0f5886d9,2,2
3way_drop,3da4a3b32bd1d2d7,2,2
3way_drop,402e458afed5e44d,2,2
3way_drop,41b0f25e6c306cd9,2,2
3way_drop,43eddd2984179b7a,2,0
3way_drop,4552192ffe8c90ee,2,1
3way_drop,45912b07802f1291,2,2
3way_drop,45c5eeda3e6eb7b6,2,2
3way_drop,4928f33bfda1add7,2,2
3way_drop,4967401360cdfbdd,2,2
3way_drop,4c20fbd00b99c9db,2,2
3way_drop,4c6b1a10782e1242,2,2
3way_drop,509de21df32c6f93,2,0
3way_drop,5124d8efdee3e848,2,2
3way_drop,5296e2efa7f8015c,2,2
3way_drop,5554f5185ed7e967,2,0
3way_drop,572928a84e8a9205,2,2
3way_drop,58157e98ecd3c088,2,2
3way_drop,5932e1c3e1ff8539,2,2
3way_drop,599f6fbaa28a9aca,2,2
3way_drop,5d88e82c5cb322ff,2,2
3way_drop,604eed999d8a09cc,2,2
3way_drop,62afcbd5603daefb,2,2
3way_drop,64c033923a87800f,2,2
3way_drop,66784796406fd207,2,0
3way_drop,6715f00c7e13badf,2,2
3way_drop,68479a4aff491b6f,2,2
3way_drop,685edc709f4f14eb,2,0
3way_drop,6de74cd7e935f78b,2,1
3way_drop,6f0cd29f150f5c8b,2,0
3way_drop,6f3d90bb47327835,2,1
3way_drop,6fd9a593fb8df719,2,2
3way_drop,6fe5084a8b59b7b6,2,2
3way_drop,741c155b1f4b0435,2,2
3way_drop,753cab9809b61da3,2,2
3way_drop,75c7c4d076cd2b4a,2,2
3way_drop,75ce3ae7a800c817,2,2
3way_drop,760d4be80ded2314,2,2
3way_drop,762e25c8f14aa758,2,2
3way_drop,76361d7bce279dee,2,2
3way_drop,76b3d36296466f5e,2,0
3way_drop,7777368d73e3c271,2,2
3way_drop,798c34c1fbfd2924,2,0
3way_drop,7bfb36a4d5a3ce9b,2,2
3way_drop,7c139d29efef869b,2,2
3way_drop,7c1ee8b69f049561,2,0
3way_drop,7d705f3d7ce7e546,2,2
3way_drop,7d9dd4f9b06d146a,2,2
3way_drop,7da615424e6727b3,2,2
3way_drop,7f8a06a4d066545d,2,2
3way_drop,8005650e40b28faf,2,2
3way_drop,8207e2612e39760b,2,0
3way_drop,84a143b37d24bf75,2,2
3way_drop,85b6efa5d2d5c2de,2,2
3way_drop,862d0ee1ff108ddb,2,2
3way_drop,883fbd6a2f0956f3,2,2
3way_drop,889922ecf96bd071,2,2
3way_drop,8b5735b1370c459f,2,2
3way_drop,8bd9705e919467df,2,0
3way_drop,8c561be78b31a0f5,2,2
3way_drop,8fcb470023552b12,2,2
3way_drop,90c6e6d7a897310f,2,2
3way_drop,918761fd6e271a8c,2,2
3way_drop,91b74eb660247a42,2,2
3way_drop,936d0674ac17bda3,2,2
3way_drop,956703168543726c,2,2
3way_drop,995c95c452b21ac4,2,0
3way_drop,9989a973b3ca06df,2,2
3way_drop,9ac9c806407de864,2,2
3way_drop,9acdc786a9ee6d80,2,2
3way_drop,9c06dbcff4913eba,2,1
3way_drop,9f16fab9fa1df1ca,2,2
3way_drop,a0093777ba913869,2,2
3way_drop,a28aa27fd3522cb1,2,2
3way_drop,a557acd504187971,2,2
3way_drop,a71195ddd61bd0a9,2,0
3way_drop,a812cd853aaa5ea9,2,2
3way_drop,a9e9195d663f0231,2,1
3way_drop,ab131761514484cb,2,2
3way_drop,afd459573c6e51ba,2,2
3way_drop,b1d71e858fbc8129,2,0
3way_drop,b248382297d6caf4,2,2
3way_drop,b6f4ad085bda8ead,2,2
3way_drop,b8b7e35ba8716210,2,2
3way_drop,b942133ee78f4dfe,2,0
3way_drop,bdccff94dec1732b,2,2
3way_drop,befc8ffec683bfe2,2,2
3way_drop,bfc4b6dfce2650dc,2,2
3way_drop,c01cb555e8188341,2,2
3way_drop,c15affd9e7daa7ff,2,0
3way_drop,c1fa764f65bee145,2,2
3way_drop,c4870de50d957391,2,2
3way_drop,c6d419dda8ec14e3,2,2
3way_drop,c7941379d1864be0,2,2
3way_drop,c80fbe7aee58a7ff,2,2
3way_drop,c8e3e430b8fb9515,2,2
3way_drop,cb49c06e6dd969ac,2,0
3way_drop,d018c3311a72d07b,2,2
3way_drop,d0d91ebcf9d4e7ea,2,2
3way_drop,d230be7a11535196,2,1
3way_drop,d28accf84680f8a7,2,2
3way_drop,d3b8591e8fdf1356,2,1
3way_drop,d4a3579c53ad9d2e,2,2
3way_drop,d67848be27063954,2,0
3way_drop,d77e97776c8ac767,2,2
3way_drop,d8c6782393ba4d36,2,2
3way_drop,da1a3d6e9fbb85e8,2,2
3way_drop,dcaf3e5f0791eac5,2,2
3way_drop,dcd21a9a31843c3f,2,2
3way_drop,dfa9a797d4d906c5,2,2
3way_drop,e015a56509127dfc,2,0
3way_drop,e0a6ca249ecb10df,2,0
3way_drop,e2b1df2773d9f952,2,0
3way_drop,e3035f3396bd1146,2,2
3way_drop,e69c968dbb9f5df7,2,2
3way_drop,e700583d01f26e16,2,2
3way_drop,e79c3032747d07ad,2,1
3way_drop,e7d3c612bde69239,2,2
3way_drop,e8287046d6f2b953,2,2
3way_drop,e8362e21d1566355,2,2
3way_drop,e9b3f0a010b98156,2,0
3way_drop,eb073489b879774b,2,1
3way_drop,ecf0e9e31bdbeaf2,2,2
3way_drop,ed76e87f0d26ee27,2,1
3way_drop,edc3e8faea96d625,2,2
3way_drop,eec71b33ea0021b4,2,0
3way_drop,f147a73f29c46f4d,2,0
3way_drop,f2538505616ee062,2,2
3way_drop,f28936dcf43e4972,2,2
3way_drop,f3ae9bcb98f90226,2,2
3way_drop,f3bdee006d85e62b,2,2
3way_drop,f43c7cbc9eafced4,2,2
3way_drop,f5cbc64e46adc3fa,2,0
3way_drop,fcef802268ce5860,2,2
3way_drop,fea30c4a0c963a51,2,2
3way_drop,feb5ae1e3f35b424,2,2
3way_drop,feba3714a6523699,2,2
3way_drop,feee5648c74567cc,2,2
3way_drop,003b97a5bcba2ed5,0,1
3way_drop,0043aab9844e9571,0,2
3way_drop,006554184c48ad58,0,2
3way_drop,00bbfa754e29e39d,0,1
3way_drop,0330ce5f545226c1,0,1
3way_drop,063e19eb7448be15,0,0
3way_drop,072192788a5dbd3c,0,0
3way_drop,0a6f2d68f28fe9b6,0,0
3way_drop,0abe6517b7234664,0,0
3way_drop,0d68bcf86b8950d6,0,1
3way_drop,0f234d8b9c02eddf,0,1
3way_drop,1239eaee0ecc159a,0,2
3way_drop,12d9e5320dc52af2,0,0
3way_drop,13cc10c31415779a,0,1
3way_drop,13eea033599b10fb,0,1
3way_drop,16429a2cc506f25b,0,1
3way_drop,16770dffaf3f7387,0,0
3way_drop,172709d2fa03da6e,0,1
3way_drop,19d60befe780bd9b,0,0
3way_drop,1a0feb5f164e4e5a,0,0
3way_drop,1b01b61b7cf27185,0,1
3way_drop,1bc996624cc98e24,0,0
3way_drop,1cc42be05b743d7a,0,1
3way_drop,1d9d35023e00fb60,0,0
3way_drop,1ea24c55bbb9da11,0,0
3way_drop,1f8276aaf9665926,0,0
3way_drop,2130013309cbd976,0,0
3way_drop,219932bcb5259bbb,0,2
3way_drop,21e54d93e0f3f412,0,0
3way_drop,2205989a61caf2b1,0,1
3way_drop,22aff46dffc1aca9,0,0
3way_drop,23b03ef4eea8a83c,0,2
3way_drop,248102be39608cc4,0,1
3way_drop,24f63e769d80b44c,0,2
3way_drop,25ebcce2016b2bd6,0,1
3way_drop,2659af9181615a8d,0,0
3way_drop,28757ea14fbf6344,0,1
3way_drop,2a7d7cc3fdce1bb1,0,2
3way_drop,2ba43b6cfc8f08b4,0,1
3way_drop,2d25f4370e2395ab,0,1
3way_drop,2e0e3be9bcb0c262,0,1
3way_drop,2ec1dec52c753be7,0,1
3way_drop,2ec55073018326dd,0,0
3way_drop,31bb72468fa46bec,0,0
3way_drop,322bccbe212f139e,0,0
3way_drop,32f8ad84f385c1e6,0,0
3way_drop,333b95fcd26265fa,0,0
3way_drop,367a13e6bd12b9ea,0,0
3way_drop,36e545bc6e433e30,0,0
3way_drop,36fdd2a9885f0165,0,1
3way_drop,37af77a0230592fe,0,1
3way_drop,37d280c6c209b4a7,0,0
3way_drop,3a76b897979619d0,0,0
3way_drop,3aea50ee69fc67bc,0,0
3way_drop,3eff26a0e980a827,0,1
3way_drop,404befaf8073d0d2,0,1
3way_drop,4125b9386481455d,0,1
3way_drop,4153344967e9f20f,0,1
3way_drop,44b0597a928a2808,0,1
3way_drop,45a7236f2a146149,0,2
3way_drop,4686086ac1952e9f,0,2
3way_drop,4828642f8f03e05d,0,0
3way_drop,494633a77e5ba64c,0,0
3way_drop,4a18ce2d2d568b50,0,1
3way_drop,4ba6b953129d8a47,0,0
3way_drop,4f2c66adddf8e34b,0,2
3way_drop,4f8ae54c4d5fc827,0,0
3way_drop,51a509c0823b5b76,0,0
3way_drop,51a82e57bc38b589,0,0
3way_drop,55be66c4dc304c83,0,0
3way_drop,5873066e01e030c2,0,0
3way_drop,5c54b527321c9162,0,1
3way_drop,5cb29e7a17ddc6b8,0,0
3way_drop,5d064fe99ded6f5c,0,2
3way_drop,5e522c710d17a231,0,0
3way_drop,5eb348a4e31fa677,0,0
3way_drop,5ffd1662c0231b09,0,1
3way_drop,6313ecef840f9c8f,0,0
3way_drop,63ba23e183034549,0,0
3way_drop,658e5a7c37d3713e,0,1
3way_drop,665691439cca28df,0,1
3way_drop,67196bee5d08863a,0,0
3way_drop,67dc8e395a363c3b,0,0
3way_drop,6896b60d8b0155e1,0,2
3way_drop,693e72e4ad0f85bf,0,1
3way_drop,69c73d7ac5658485,0,2
3way_drop,69d25011b0294cda,0,2
3way_drop,6abf8f4033a38194,0,2
3way_drop,6be0d6d5dc0477e9,0,2
3way_drop,6d94161ba9b389d3,0,0
3way_drop,706c89899fba7504,0,0
3way_drop,71ce76904299c00e,0,2
3way_drop,733508d1a8d18cc2,0,2
3way_drop,73bfc11e073c9795,0,0
3way_drop,73d7675e51ebe544,0,1
3way_drop,74a773c194910416,0,1
3way_drop,769c155b8260bf37,0,1
3way_drop,77b9412b53cbe977,0,0
3way_drop,77bdd6305d8fb4c0,0,1
3way_drop,77eced14290a34c1,0,0
3way_drop,79a00839e2404007,0,0
3way_drop,7af803acdf382caa,0,1
3way_drop,7e2adbc51cc6843c,0,0
3way_drop,7e422230b5c6924c,0,0
3way_drop,812f4b66c9b11e58,0,2
3way_drop,81d4f73655cda97c,0,0
3way_drop,846d097c810f27e1,0,0
3way_drop,866607f470d4075e,0,2
3way_drop,869d2ab4ca105e4a,0,0
3way_drop,8a0786bf4c42a8d8,0,2
3way_drop,8cdab7c2f62e7e34,0,0
3way_drop,8cdacb3f9e3c2394,0,0
3way_drop,8d2ee910c8085a5f,0,0
3way_drop,8da4e4fa61b9f47c,0,2
3way_drop,8ff0987ae36d6ad8,0,1
3way_drop,90be4f1313f88004,0,0
3way_drop,92fa0f37f31d36ad,0,1
3way_drop,93089b1be62922c2,0,1
3way_drop,932f5d019a68f1b4,0,0
3way_drop,93fa979f525de18a,0,1
3way_drop,96de618f8a63c7dd,0,0
3way_drop,97e449a9b4f931b1,0,2
3way_drop,9917fab7a1ad2ced,0,0
3way_drop,99dcd0515a14c160,0,0
3way_drop,9a8f6b1f62296f8f,0,1
3way_drop,9bd831f78d72c659,0,1
3way_drop,9bfe41857218f555,0,0
3way_drop,9c128ff53c6a073b,0,0
3way_drop,9d36bc41e15633e1,0,1
3way_drop,a044bd1123273136,0,1
3way_drop,a111b6ec0778886b,0,2
3way_drop,a224c1b76dfa1105,0,0
3way_drop,a23908f519abe14e,0,1
3way_drop,a58971b2a289518b,0,0
3way_drop,a62edc37e96613c5,0,2
3way_drop,a97ca6529759b83f,0,0
3way_drop,aa324f93028a9b05,0,0
3way_drop,aaccdd132ece8d78,0,0
3way_drop,ab171e00636cd9ce,0,1
3way_drop,ab90e453043d0fa0,0,0
3way_drop,aba86d11937ecd1d,0,0
3way_drop,ae59d3b81daf669a,0,0
3way_drop,b00756bcaca4c480,0,0
3way_drop,b249109298f22984,0,0
3way_drop,b6e829def3854f1b,0,0
3way_drop,b7e2d7c03f91c7c9,0,2
3way_drop,b7e9470ad35f2b20,0,2
3way_drop,b86f1848fa40ea34,0,2
3way_drop,ba739ac003562cb3,0,1
3way_drop,ba933be0473c5de3,0,2
3way_drop,bae5164971303921,0,1
3way_drop,bb8491b7cfaf9748,0,2
3way_drop,bbba55eab9753ebd,0,0
3way_drop,bc3858633522a72d,0,2
3way_drop,bee448606b8b9dfc,0,1
3way_drop,bf16de043238a294,0,2
3way_drop,c0d350dd81e3e93a,0,0
3way_drop,c0eb23e64a6a6320,0,0
3way_drop,c1855c3c91c4c2a7,0,0
3way_drop,c36eaeb33a5ecbab,0,0
3way_drop,c3aa9f477e18e08d,0,0
3way_drop,c56d2048439b0f40,0,0
3way_drop,c592b0246f4cccbf,0,2
3way_drop,c5f085e3ea557489,0,2
3way_drop,c7b8d04e45ed7b42,0,0
3way_drop,c8d01373145b7afb,0,0
3way_drop,c8dd57dc934de68e,0,0
3way_drop,cc274d667bad79ab,0,0
3way_drop,cc94eda8641b8f04,0,1
3way_drop,cd7ee52697910fd3,0,0
3way_drop,cdcf528a5adcb735,0,1
3way_drop,ce417728b69f9d0d,0,2
3way_drop,d1f2a93f09c89e68,0,0
3way_drop,d25b569dae8c933d,0,0
3way_drop,d2f8a8d7d355720a,0,0
3way_drop,d3e9d97efdf5cc5d,0,1
3way_drop,d65d9555c8020a8f,0,0
3way_drop,d6ce9b5bcef62117,0,0
3way_drop,d72b742cba80085e,0,1
3way_drop,d823d6b8b3106e2a,0,1
3way_drop,d84e00f36468cc46,0,1
3way_drop,da4d8b43cef2d362,0,2
3way_drop,dcbd3138e2b393cd,0,0
3way_drop,dd735549418b9f00,0,0
3way_drop,def9cbeeef881321,0,0
3way_drop,df8498f76dd4bffe,0,0
3way_drop,e179bd6f9916ca87,0,2
3way_drop,e1a89d68dddea630,0,0
3way_drop,e240b526d656f12a,0,1
3way_drop,e2cdd3d5b1949361,0,1
3way_drop,e302f47d7e00803d,0,0
3way_drop,e416a86adcee288a,0,2
3way_drop,e43859e3d3b6fd4c,0,0
3way_drop,e653af3cb57ad222,0,2
3way_drop,e955a37d0e17457d,0,0
3way_drop,eac7976af8a1554e,0,2
3way_drop,eaeb1a5775f0736c,0,2
3way_drop,eb378fcd9ac53a81,0,1
3way_drop,ec646af6f03928d8,0,0
3way_drop,ecb0f259a5a2a965,0,2
3way_drop,ed42026e226552f7,0,2
3way_drop,eecc2457eb99ded3,0,0
3way_drop,f00c6c3af186f66b,0,0
3way_drop,f0bd0caf3b3fa308,0,1
3way_drop,f2838af2ecf8de22,0,0
3way_drop,f2c0d3529001c46e,0,2
3way_drop,f3035a1801e97c6e,0,2
3way_drop,f59fe25e474812bb,0,0
3way_drop,f66b9ebd9d8ea5fc,0,2
3way_drop,f68f162e1bf8dd44,0,0
3way_drop,f6c99d491b8078d8,0,1
3way_drop,f742008d86eced3f,0,1
3way_drop,f808b31ec94d70a5,0,1
3way_drop,f853fc1f59e6bacc,0,0
3way_drop,f93fbc985a5317b6,0,1
3way_drop,fe6ca7fbb2320590,0,1
3way_drop,0259cf2236cbbd57,1,1
3way_drop,0474ee21bc140ce9,1,1
3way_drop,0558df5e85c8b532,1,1
3way_drop,06db5c75bf52f42f,1,1
3way_drop,06ff09e5302df8c8,1,1
3way_drop,0aac227737fdc1f7,1,2
3way_drop,0b0aa9fb44f126d0,1,0
3way_drop,0c45394fb40a423a,1,1
3way_drop,0d154271950d01a4,1,1
3way_drop,0ec3504629046b56,1,1
3way_drop,0fe6953212df0e27,1,1
3way_drop,1082cdd5f916af73,1,2
3way_drop,109703fb63db7163,1,0
3way_drop,1099427a607d9d1b,1,2
3way_drop,1128e6b64b3e6cb2,1,1
3way_drop,1138315a515a6463,1,1
3way_drop,1299a196415f4458,1,1
3way_drop,1420ccbb88945842,1,1
3way_drop,142a078e84f7ce7f,1,1
3way_drop,14c3525ea837fabb,1,1
3way_drop,15d01d1e2e1ebdec,1,1
3way_drop,1685d127ba0173f7,1,1
3way_drop,18413ff6d046df4c,1,1
3way_drop,18a3885400a132de,1,1
3way_drop,19557660918e7bc6,1,2
3way_drop,1b19257b63133978,1,1
3way_drop,1ca1af7de992e2ef,1,2
3way_drop,1d26789cddb5de32,1,1
3way_drop,1d68fe74cfe1de4d,1,1
3way_drop,1e2a5dcff60437d9,1,1
3way_drop,1ef6a48011cced04,1,2
3way_drop,1f67bb4361d6da34,1,1
3way_drop,23cc3cfcf2790cdb,1,1
3way_drop,248bd6fe945fe28c,1,1
3way_drop,2804f0948f164956,1,2
3way_drop,2950d0fae0fc97b5,1,1
3way_drop,2a80e077933d4a9f,1,1
3way_drop,2d8dab620b5b7b2e,1,1
3way_drop,2e4bbc99ef7a6225,1,2
3way_drop,2e86f92b1251f894,1,1
3way_drop,2f72da8f3c592b7e,1,1
3way_drop,2fd5b92e44454e32,1,1
3way_drop,32032410dcface82,1,1
3way_drop,353a356914469c20,1,1
3way_drop,35455edb5be2c357,1,0
3way_drop,3606282cbb60071a,1,1
3way_drop,36cb586b2c68ad3b,1,1
3way_drop,36ed8e1a6d36ae5c,1,1
3way_drop,38fc70070ac243d8,1,1
3way_drop,3b0c8bfac44d20e8,1,1
3way_drop,3b6414d03d1c90fc,1,1
3way_drop,3c551222fba74696,1,0
3way_drop,3ca099117c405de1,1,0
3way_drop,3fbf8bf5db92092c,1,1
3way_drop,4062870244610710,1,1
3way_drop,40826671f6c34c53,1,1
3way_drop,4103320702d77516,1,1
3way_drop,411418f528d378fe,1,1
3way_drop,42382a0a3f4478b7,1,0
3way_drop,42800ca164333314,1,0
3way_drop,42c7d8459645c28b,1,1
3way_drop,430ce2df3d9ec68e,1,1
3way_drop,437f7397e378d481,1,0
3way_drop,45fa16ada818e838,1,2
3way_drop,467a814c783ae4e4,1,1
3way_drop,47ab4def12019f2f,1,1
3way_drop,4d9e2830aad9e0f9,1,1
3way_drop,4eded65fd70b7e98,1,1
3way_drop,4fe9a63ce8607535,1,1
3way_drop,50326b004e6ffbdc,1,0
3way_drop,5069fb0459ed48c1,1,1
3way_drop,539d69a488102dec,1,1
3way_drop,53dddc0571ac6a79,1,1
3way_drop,54ae9d5bb1ce2a58,1,2
3way_drop,55142dc2b48abca5,1,1
3way_drop,55158b76e9d6a041,1,1
3way_drop,5523f0f8669e788c,1,1
3way_drop,564b82215fde5b7b,1,1
3way_drop,5933c39783c17545,1,1
3way_drop,5c0acace5017781a,1,1
3way_drop,5c23911ab08b5127,1,1
3way_drop,5d56532c2d49f904,1,2
3way_drop,5e5fbe696f49ed3b,1,1
3way_drop,5f6117131d8d1018,1,1
3way_drop,60493266c8d0dca6,1,1
3way_drop,6451133ad2a98933,1,1
3way_drop,64afc683e1251a24,1,1
3way_drop,6527f8375ffb720f,1,1
3way_drop,67b27ae9fd87d5d1,1,1
3way_drop,6be48a5065f68a62,1,1
3way_drop,6e4fc600d7ceee1c,1,1
3way_drop,6e788836ca4709f4,1,1
3way_drop,6eee2a6e2a17ffaf,1,1
3way_drop,74841aa33402d9e1,1,1
3way_drop,794c187b18450515,1,1
3way_drop,7a1f4219cfd2bb31,1,2
3way_drop,7a97a8f0ce988f05,1,1
3way_drop,7aaf1461c835e24f,1,1
3way_drop,7de360ade22c67f4,1,1
3way_drop,7e57e47941ae4572,1,2
3way_drop,7f4958d57b05d833,1,1
3way_drop,81d0cbb938ba6ae1,1,2
3way_drop,8384c3cfd6beb7bc,1,1
3way_drop,84b8056f541e00eb,1,1
3way_drop,84b83c5eaa97044f,1,1
3way_drop,86096207e1a8c363,1,1
3way_drop,865664b7a8bdda4f,1,1
3way_drop,8762c376d1cd9386,1,1
3way_drop,87fac76a4330822f,1,1
3way_drop,8864d7dc0b23aeb3,1,2
3way_drop,89904d7b55985fde,1,1
3way_drop,89b417cd39bacd9c,1,1
3way_drop,8b525b58bea74635,1,1
3way_drop,8e39fcff1002b08e,1,1
3way_drop,8eb9fc3c40a15627,1,1
3way_drop,8fe9fc8012b262ef,1,2
3way_drop,91644ade01e44988,1,2
3way_drop,9165c160cbe94f20,1,1
3way_drop,92f7978faca6c0ca,1,2
3way_drop,94f0c60491346180,1,1
3way_drop,97c2e621f9ce30c0,1,1
3way_drop,99959e5c6f4945cf,1,1
3way_drop,9a18232dc33a8ca6,1,1
3way_drop,9a86c28efadfcad3,1,2
3way_drop,9b1c733fc41efbf0,1,0
3way_drop,9dc2527e88f4019c,1,1
3way_drop,9e6dd7a11bd7b611,1,2
3way_drop,a0188e63603ac825,1,1
3way_drop,a042de265bb1bf4e,1,1
3way_drop,a0f136838b308fd3,1,1
3way_drop,a2e633a4b2a6e87e,1,1
3way_drop,a54b13bbd412212a,1,2
3way_drop,a54b2dbf120c21c2,1,1
3way_drop,a829c737b0c77ae3,1,1
3way_drop,a8e70911cb0dcd6d,1,1
3way_drop,aa9478af1581b332,1,2
3way_drop,aad286b569e34a40,1,1
3way_drop,acae4366c392f0a5,1,1
3way_drop,ad52a4ec3659e6e5,1,1
3way_drop,af6aae7c401f9bc9,1,1
3way_drop,b01dd5181c6b881d,1,1
3way_drop,b03176cd988b83e3,1,1
3way_drop,b16c283595d2ee4a,1,1
3way_drop,b42f8fe7fbeee6df,1,1
3way_drop,b4806c2910ee3ee5,1,1
3way_drop,b7b916ab906322b6,1,1
3way_drop,b80d003d9961f470,1,1
3way_drop,b907b6398cff0a59,1,1
3way_drop,bc24f1b225dd4b20,1,1
3way_drop,bc9fbdbd0a79a56e,1,1
3way_drop,bd726daf66de5d9f,1,1
3way_drop,be8bf99ef8779370,1,1
3way_drop,bf08668773ce81d4,1,0
3way_drop,c109134fe2725d0a,1,1
3way_drop,c2e28b22d595b8d6,1,1
3way_drop,c36e456c185295c6,1,2
3way_drop,c41dc57ac02fa227,1,1
3way_drop,c5ce33b00f068ca3,1,0
3way_drop,c5d5bf9249d253bd,1,1
3way_drop,c6749a64155ca963,1,1
3way_drop,c702d817ddefd685,1,1
3way_drop,c8ccf4f97a4fa2a7,1,0
3way_drop,c9047848d105f8b1,1,1
3way_drop,cabca9a79b3a04af,1,1
3way_drop,cf2fe4dc7db7f01f,1,1
3way_drop,d1ca0c1a2d3e5c4d,1,1
3way_drop,d32b92cefa0da0d1,1,1
3way_drop,d43f66b56f742b4c,1,0
3way_drop,d4c9ebc7189b4c3d,1,2
3way_drop,d6b7fa17a310766d,1,1
3way_drop,daecb247c7904ead,1,2
3way_drop,db64af8e7eee0051,1,1
3way_drop,dbe2ccb6de79fb91,1,1
3way_drop,dd0773e24ac1e8bc,1,1
3way_drop,dfe882504bb61a64,1,1
3way_drop,e1aea0abecb9b8d8,1,1
3way_drop,e3426815843155e0,1,1
3way_drop,e44874472d68e7e6,1,1
3way_drop,e5ca61c4705e4891,1,1
3way_drop,e6cb11e156e25a4f,1,1
3way_drop,e72fc605b53e3ef9,1,2
3way_drop,e774c6cb740d9ef9,1,1
3way_drop,e8f9c45417be28bc,1,0
3way_drop,e92f21d1b1042b9b,1,1
3way_drop,eb5d7c336a4fdeac,1,2
3way_drop,ec80fe5cc0ce08af,1,1
3way_drop,ecc69114e4361f23,1,1
3way_drop,ecec61ea6943bc94,1,1
3way_drop,ed948784f28242cb,1,0
3way_drop,ee89918688c50444,1,0
3way_drop,ef365e99f6c64110,1,2
3way_drop,f0dace063e88760d,1,1
3way_drop,f44f98e2b8728bb5,1,2
3way_drop,f64e9393545ea963,1,1
3way_drop,f875e64bbd959b09,1,2
3way_drop,f8f9cbdc1e998663,1,2
3way_drop,fa7ab0bb43710dd0,1,1
3way_drop,fab9b9a18f75fd32,1,1
3way_drop,fcc8e8c464cb55d4,1,1
3way_drop,fda32f11bf07d05e,1,1
3way_drop,fe5b68b634238ab6,1,2
3way_drop,fee1085fbc2ebe81,1,1
3way_drop,01308c75a52c2484,2,2
3way_drop,01472b88c5bca3a3,2,2
3way_drop,03bd9e8911d45f38,2,0
3way_drop,060ca1e43b22f024,2,2
3way_drop,06133f6700a0bf43,2,2
3way_drop,0660e1b2013943d4,2,2
3way_drop,085c54cbcb178da7,2,1
3way_drop,090cd53379d73637,2,2
3way_drop,098736b4abeb3eff,2,2
3way_drop,09a6b3a2be57c9e7,2,2
3way_drop,0b5e1d0b0c076b2b,2,0
3way_drop,0c1c67001f4909bf,2,1
3way_drop,0c2d5f96c0ee7c81,2,2
3way_drop,0dd85966f8959e76,2,2
3way_drop,1170632db2619f8a,2,2
3way_drop,12775861f75b2d21,2,0
3way_drop,13cbc528d655a12c,2,1
3way_drop,1504829689efb294,2,2
3way_drop,152cf43bc8a644db,2,2
3way_drop,16887ba14deb21c3,2,1
3way_drop,17e78748a23abaff,2,2
3way_drop,182e0044ef10eb54,2,1
3way_drop,195ed64b690e6406,2,2
3way_drop,1a6f1c3abf8c2970,2,1
3way_drop,1c8e5d9225b6f91e,2,2
3way_drop,1efee025afc1e5b6,2,2
3way_drop,2458c04701831ae1,2,2
3way_drop,256912e757aaed42,2,0
3way_drop,26691866b094f362,2,2
3way_drop,27686eaf764786c1,2,2
3way_drop,282d66902419d13f,2,2
3way_drop,282f5ffeb7c03c36,2,1
3way_drop,28f4458e46286e8d,2,2
3way_drop,2a47e19e3d369669,2,2
3way_drop,2b75282edd353204,2,2
3way_drop,2bd97aff90ed5018,2,1
3way_drop,2d216a2478633821,2,2
3way_drop,2dd7442beeca1d4b,2,2
3way_drop,32503f523b5db6dd,2,2
3way_drop,32b3d16bae9af758,2,2
3way_drop,32b49096a1a3acb4,2,2
3way_drop,33afc6c67ce9534d,2,2
3way_drop,345444be4f68688e,2,2
3way_drop,36d8d7c6243029c0,2,2
3way_drop,37cd0c18a64b6873,2,1
3way_drop,3923d637cc29dbc2,2,2
3way_drop,3ad852ac3dcb5c0b,2,2
3way_drop,3af2a9ea93d7636b,2,2
3way_drop,3c19f11f23eebb42,2,2
3way_drop,3c51369aacc31843,2,1
3way_drop,3dd11d827e701c51,2,2
3way_drop,405018c9d01d4f9a,2,2
3way_drop,4152dc0809fb32db,2,2
3way_drop,42a0adb1fb3011f2,2,2
3way_drop,42a607de67bab275,2,2
3way_drop,42f795599bee0f24,2,0
3way_drop,450e02902e200ecb,2,2
3way_drop,4599c3971464fc23,2,1
3way_drop,4637fec218182ed0,2,1
3way_drop,467bc9beda5da6ed,2,2
3way_drop,46fa7eedcd2599d7,2,2
3way_drop,486d4d735390617c,2,1
3way_drop,4922397da8fdfcd7,2,2
3way_drop,4a58e2d21bf24e0a,2,1
3way_drop,4a8b7a6ec50ec461,2,0
3way_drop,4c3e9819f46b7305,2,2
3way_drop,4fb346efd03cb6f0,2,2
3way_drop,504d6da8cf26bbc3,2,2
3way_drop,530452b8ee6d6240,2,2
3way_drop,53d8dd58e052f5ef,2,2
3way_drop,54130943c01ca1bc,2,2
3way_drop,541657ab51d7ade6,2,2
3way_drop,55ca96031c958a6a,2,2
3way_drop,55da0bb1fa4fc56c,2,2
3way_drop,5642e08db1ef8cd0,2,2
3way_drop,5891d923348f6662,2,2
3way_drop,58b0572bef266912,2,1
3way_drop,5b8f2e7918fca707,2,2
3way_drop,5bfde6baae19b07d,2,2
3way_drop,5dbd91fe754c04b9,2,0
3way_drop,5e69cce58064cad2,2,2
3way_drop,5f720f04b1bc3960,2,0
3way_drop,5f921d8493b0c839,2,1
3way_drop,62311bbe6136ba63,2,0
3way_drop,6481b5d19d0d9811,2,2
3way_drop,653afd2f57c4645f,2,2
3way_drop,6743fb877e1d9f2f,2,2
3way_drop,68eb52c76b02cd50,2,2
3way_drop,69640da4700846ba,2,2
3way_drop,6cc9b5aea2c8efa6,2,1
3way_drop,6d4e0ca07ba8e70f,2,1
3way_drop,6e83b781c56affd9,2,2
3way_drop,6f389edd73f6d148,2,2
3way_drop,6fd9621c038a3590,2,2
3way_drop,6ff4a04edbddceb0,2,1
3way_drop,7080489d94bfab11,2,1
3way_drop,708fde0e490f62a3,2,1
3way_drop,73c09bf8eb069df8,2,2
3way_drop,73ce17f889312e12,2,0
3way_drop,74ee5ebf468e6163,2,2
3way_drop,75a73679dc8e8df6,2,2
3way_drop,7691ffc5e58a366d,2,2
3way_drop,7780aee687790cd0,2,1
3way_drop,793d3dca62c5b2d8,2,0
3way_drop,7972dba97c472d36,2,2
3way_drop,79f967edbf029d1c,2,2
3way_drop,7e2eb7f227e6302d,2,2
3way_drop,7eb653d48859064e,2,2
3way_drop,80cf86ff3e7c0a81,2,2
3way_drop,82f7622cd4575b3c,2,2
3way_drop,86e684c413c2a12d,2,2
3way_drop,87d72f9243f29f8d,2,2
3way_drop,885c97617ae5c7f9,2,2
3way_drop,8a0d9ec926fcada4,2,1
3way_drop,8dff9c0aab2c61aa,2,2
3way_drop,8e69283cd9450cf2,2,2
3way_drop,8ef4897276d81164,2,1
3way_drop,8f51deb59808a96f,2,2
3way_drop,90db129589c185f2,2,2
3way_drop,92ee8862a0d08ed6,2,1
3way_drop,9351318265d1637d,2,2
3way_drop,936d8b759bdc6841,2,0
3way_drop,938066d6ddf4bf4c,2,2
3way_drop,96e33ef3fb16362a,2,2
3way_drop,989fe35707dcb976,2,2
3way_drop,99164fceaeff1e77,2,1
3way_drop,99efeb431324cc79,2,0
3way_drop,9a410e352e6fe021,2,1
3way_drop,9b5d87d8ca9607a3,2,2
3way_drop,9b739523854ad0d3,2,2
3way_drop,9bfd86a2abb804d1,2,0
3way_drop,9c8fc5a3a32b2de3,2,2
3way_drop,9d46d445d0fbaacc,2,1
3way_drop,9d73232fe26250eb,2,1
3way_drop,9dded47ee28628c7,2,2
3way_drop,9f45b740b688da72,2,2
3way_drop,a192a74c2a8b63c5,2,2
3way_drop,a25721fd5e280b0b,2,2
3way_drop,a3724f1901204e1f,2,2
3way_drop,a450eca263c76aa0,2,2
3way_drop,a4803f5ae23c7bf7,2,2
3way_drop,a5b20556ccd30668,2,1
3way_drop,a5d50d86cb568fbe,2,2
3way_drop,a70c6d27e3e506ea,2,0
3way_drop,a70d1098291018a5,2,0
3way_drop,a80cdbda5d5b4aa8,2,1
3way_drop,a8b251291810873d,2,2
3way_drop,a9a891a013298d8a,2,1
3way_drop,a9d2630526b5a37c,2,2
3way_drop,aaca1dc359f991f1,2,2
3way_drop,aaf534acf32f8b35,2,0
3way_drop,ab43ec6c6e20082c,2,2
3way_drop,acad27fe24c35d36,2,2
3way_drop,ad715ca5252e31ec,2,2
3way_drop,ad7cec049dce60ea,2,2
3way_drop,add73547ba36bb5d,2,2
3way_drop,adfb2b0e05d883df,2,2
3way_drop,aeb8d471b077a146,2,0
3way_drop,af9c5e09260bde20,2,1
3way_drop,afd1c7236b0f3527,2,0
3way_drop,b30ea2a1e16b1b89,2,1
3way_drop,b37f15a12cb643e9,2,0
3way_drop,b6622825a0616293,2,2
3way_drop,b6cec2aa2d943536,2,0
3way_drop,b795443593f20aee,2,0
3way_drop,b9bad2a59e1de58e,2,2
3way_drop,bb36a4ddaa97561c,2,2
3way_drop,bba659536d143c29,2,2
3way_drop,bc7c6b62a033ecb4,2,2
3way_drop,bcfde07d1039312a,2,2
3way_drop,bd18a129911b1841,2,2
3way_drop,c1300c14a637bd8e,2,2
3way_drop,c2225a9ce854862c,2,2
3way_drop,c3c32a3fa3a3ad50,2,2
3way_drop,c3fdf38719ab6c29,2,2
3way_drop,c516d475a766bdd2,2,2
3way_drop,c56cc0866c7c1751,2,2
3way_drop,c5fc1e067dbf1baa,2,2
3way_drop,c7257118fc92b7b2,2,2
3way_drop,c7eada9b52a67c7d,2,1
3way_drop,c8334c83cb62ecdb,2,2
3way_drop,c8a8d3a233d39993,2,2
3way_drop,c97dc3f4a5ba8774,2,2
3way_drop,c99848e80206e4e8,2,1
3way_drop,ca3688c92c978b28,2,2
3way_drop,ca5efc50a6992cd4,2,1
3way_drop,cb14ce88889e4cb6,2,2
3way_drop,cbcd7a0c216c4017,2,2
3way_drop,cc8b5a768131a105,2,2
3way_drop,cd5cbe1486ef5c90,2,2
3way_drop,cdb26b4dd5da810c,2,2
3way_drop,cf304a3dcb5c8ba8,2,2
3way_drop,cf3131eb40d06099,2,0
3way_drop,d038705056cdce51,2,2
3way_drop,d06cc813dd4cdcf4,2,2
3way_drop,d1caac970ebcef84,2,2
3way_drop,d365d2f48d75c10a,2,2
3way_drop,d390fc6cf5183344,2,0
3way_drop,d3af97db31ae125b,2,0
3way_drop,d3b0d593c9f2c7b9,2,0
3way_drop,d45df989b77b3f76,2,2
3way_drop,d480dcc51f150ff7,2,2
3way_drop,d5b38e7fd673ba0b,2,1
3way_drop,d700d62dd07628b7,2,2
3way_drop,d717fd52c52359c0,2,2
3way_drop,da2ae13fac27f4a3,2,1
3way_drop,dd17e51950634b74,2,2
3way_drop,ddd7307c5c7bca70,2,1
3way_drop,deb975aed69c5a30,2,2
3way_drop,df347bee4c69752c,2,2
3way_drop,e22a32ad0bb9787c,2,2
3way_drop,e334d08decaa116d,2,0
3way_drop,e44d00bb938aead4,2,2
3way_drop,e4a40a7d5e528197,2,2
3way_drop,e4a5d01bbe9546a0,2,1
3way_drop,e503322f0e7020a8,2,2
3way_drop,e7afccc32ab1d97f,2,1
3way_drop,e9724c5975f663cf,2,1
3way_drop,ea8173eacac8b254,2,2
3way_drop,ea94177b99fe66bc,2,2
3way_drop,eb16709fe4f36094,2,2
3way_drop,eba9364b5a5a58c0,2,2
3way_drop,ed0709b8c988f830,2,2
3way_drop,f064a457103b5c87,2,0
3way_drop,f135f35a147308dd,2,2
3way_drop,f1443e2519f8e94d,2,2
3way_drop,f1d59ee991c7a5d2,2,2
3way_drop,f2932aab01875cbc,2,2
3way_drop,f471cba06dace14b,2,2
3way_drop,f515fe9bfa5e1f2c,2,0
3way_drop,f5353f8e1c8b69df,2,1
3way_drop,f57076257b011d75,2,2
3way_drop,fa5baf22cee2ebdf,2,2
3way_drop,fa5dde943fc63098,2,1
3way_drop,fa72dc9c66705f67,2,2
3way_drop,fbc7d6d9c24e577f,2,2
3way_drop,fc29d327edc87154,2,0
3way_drop,fc9f752fc36ec3df,2,1
4way,0043aab9844e9571,0,3
4way,00fd65fc29bb5400,0,2
4way,017d99e22086e91c,0,0
4way,0330ce5f545226c1,0,1
4way,079145618c97ca2b,0,0
4way,0a6f2d68f28fe9b6,0,0
4way,0c5c8a93a6eff6aa,0,0
4way,0f72d67d1397a178,0,0
4way,1150b84fc8dfdfdc,0,3
4way,1239eaee0ecc159a,0,1
4way,12796e4a361d3c2d,0,3
4way,141bfaee5de5930a,0,0
4way,163044d8592be784,0,2
4way,16429a2cc506f25b,0,2
4way,1a83f9af4fb56156,0,0
4way,1d64a5aa93dbda07,0,0
4way,1e87529afbaa75e9,0,2
4way,1ec813c69f0f49a1,0,3
4way,1f8276aaf9665926,0,0
4way,1fab5bfbfc12ecc6,0,1
4way,218ba896e09137dc,0,0
4way,2244bd372c28d82f,0,1
4way,22aff46dffc1aca9,0,1
4way,259aaf18415021c5,0,2
4way,25d5d4c6feff5f22,0,1
4way,25ebcce2016b2bd6,0,2
4way,285a322f40797dd5,0,0
4way,2a7d7cc3fdce1bb1,0,3
4way,2d25f4370e2395ab,0,0
4way,2f5b51f5bf03340f,0,1
4way,31cc50eeb38a82af,0,3
4way,331bcbb0db2af3cb,0,0
4way,333b95fcd26265fa,0,1
4way,337ca7c0327ac85b,0,0
4way,348721dc73e17f49,0,3
4way,34f945d864c401f1,0,0
4way,367a13e6bd12b9ea,0,0
4way,36b3295e1dca93aa,0,3
4way,3a4074c7560700e5,0,0
4way,3b44a350abd95430,0,0
4way,3efd944c99b12461,0,0
4way,3f5bba1435e4e7a7,0,1
4way,3f9e229072d89882,0,0
4way,40538deda22caef6,0,2
4way,42fc0af6b3cbcad3,0,0
4way,441dc7c5e4a42621,0,3
4way,4420afc01bbd8a3e,0,1
4way,442c55bf2136a352,0,3
4way,45acd532ba123888,0,0
4way,45b19da57773d6b4,0,0
4way,4686086ac1952e9f,0,0
4way,46da6ab5ab685aa7,0,1
4way,4768f2b1852a631a,0,0
4way,47cda89991d24f52,0,0
4way,48acf658260cf068,0,2
4way,495db9bc4953971f,0,2
4way,49d51e2b4f454c2b,0,1
4way,4ec581ef51a259d1,0,2
4way,4f1ec64ba4b59d2a,0,3
4way,4f2c66adddf8e34b,0,0
4way,51a82e57bc38b589,0,0
4way,5278fd30076ca528,0,0
4way,531679a5198f4f77,0,3
4way,5402f0cbb4bd4f14,0,0
4way,55be66c4dc304c83,0,0
4way,566c03efc7627d0d,0,0
4way,578e9138092c9c97,0,0
4way,57cddfb1d7601c5f,0,0
4way,590e6f16e845cc5e,0,0
4way,59e60fb160c46303,0,0
4way,5a01ac6e16837edd,0,0
4way,5ac65391eea4fef9,0,0
4way,5b33997225043627,0,3
4way,5b84b3d401fe9f63,0,3
4way,5bee984f2bd289fb,0,0
4way,5c2e00b7ea5a9411,0,0
4way,5c54b527321c9162,0,1
4way,5d064fe99ded6f5c,0,3
4way,5e75a6a695e08790,0,0
4way,61bc18d7917fd409,0,0
4way,61e4558c199cd05c,0,0
4way,6255c0f51ca361ce,0,0
4way,6313ecef840f9c8f,0,0
4way,643fb8ab07814746,0,0
4way,647fd4e0de4cf2cf,0,2
4way,65a4004e17870613,0,1
4way,675fcb3f64960621,0,0
4way,68a763ae62ff3fe9,0,0
4way,692a401a0e349af1,0,3
4way,6ccb17557f02f566,0,2
4way,6d94161ba9b389d3,0,0
4way,6e5051e4db179025,0,2
4way,71ce76904299c00e,0,1
4way,73a522253a16d4a4,0,0
4way,77b9412b53cbe977,0,0
4way,786ce4e879b62717,0,1
4way,79a00839e2404007,0,0
4way,7b838a60f00bfdcc,0,1
4way,7bf808f9630da198,0,2
4way,7c923ac3d9baadfd,0,0
4way,7f4fdb30f5da98bb,0,0
4way,8495bc9bd704a665,0,0
4way,860ccd91933678c3,0,2
4way,8825ab7484661c7a,0,0
4way,8830299bc6808c10,0,0
4way,8986d6fb36c19a49,0,1
4way,89d361fea16391a5,0,0
4way,89f28ac40a430e34,0,1
4way,8a34811bb776a481,0,0
4way,8a4bfbd1c2456623,0,0
4way,8c58b50feadce784,0,0
4way,8c6efd62612a3bdc,0,3
4way,8ca9c502bd4f559e,0,0
4way,8d78767e77c70380,0,0
4way,90f29c500b703e7f,0,2
4way,91f222494349e83a,0,1
4way,92229b402ad647c2,0,3
4way,94205edfe29fe931,0,0
4way,96d63917b54b57aa,0,1
4way,988ebe4522f491b3,0,3
4way,9896b799184ab1ac,0,3
4way,99dcd0515a14c160,0,0
4way,9c00fee96cacac18,0,0
4way,9c128ff53c6a073b,0,0
4way,9f6e7e252a2b3389,0,0
4way,a044bd1123273136,0,0
4way,a04b8c987813e25f,0,3
4way,a1ea7a6d0f6e5d7b,0,0
4way,a23b994e9d4f1372,0,0
4way,a2bab7cb4a0153b2,0,1
4way,a5f08dc7904dac93,0,0
4way,a64a714308112b47,0,0
4way,a8d8ac96d97982ef,0,0
4way,a96fe59faffda22f,0,3
4way,aa324f93028a9b05,0,0
4way,aabff560377d64b7,0,0
4way,ac09391dfb834f2e,0,3
4way,af2048717dd60ec6,0,1
4way,af5df3c7aa4f9178,0,0
4way,b228588e44b55f1e,0,3
4way,b3a47f6da0dc3860,0,0
4way,b94a2dbeb901d310,0,2
4way,ba933be0473c5de3,0,0
4way,ba9e204044728db3,0,0
4way,baf7c1dfedc7e34d,0,2
4way,bb8491b7cfaf9748,0,3
4way,bcc1e804e5609d8d,0,1
4way,bdac21ea3a56a53e,0,3
4way,bf16de043238a294,0,3
4way,c2c3582641b317f7,0,0
4way,c3aa9f477e18e08d,0,0
4way,c47ddb67b2219ee9,0,1
4way,c56d2048439b0f40,0,0
4way,c5f408f21c7b4ef4,0,1
4way,c6e56ad9a6d2ca86,0,1
4way,c826a11406672037,0,2
4way,c8dd57dc934de68e,0,0
4way,cc94eda8641b8f04,0,2
4way,cded06c9b1f78460,0,2
4way,cf6b39666e83d1ea,0,2
4way,cfcd0e0bc89fabb9,0,0
4way,d04ae214a0efa91a,0,1
4way,d25b569dae8c933d,0,3
4way,d2e702089eddb7d3,0,0
4way,d65d9555c8020a8f,0,0
4way,d757940ea094eebd,0,0
4way,d7c5b8848aacd97b,0,2
4way,da4d8b43cef2d362,0,1
4way,def9cbeeef881321,0,3
4way,df8498f76dd4bffe,0,0
4way,dfdcb282b1471eed,0,0
4way,e05ea88a925b38c1,0,0
4way,e1a89d68dddea630,0,1
4way,e2786652e31f5f54,0,0
4way,e2854b3e1708dc51,0,3
4way,e2cf7face5937054,0,0
4way,e2dfa59fa72c485b,0,3
4way,e302f47d7e00803d,0,0
4way,e30f852dca6ac008,0,3
4way,e42d0c988bbf9365,0,1
4way,e6b8aae3e6ee6ead,0,0
4way,e6febec048829720,0,0
4way,e7844ecab7039138,0,3
4way,e82bde158afe3346,0,0
4way,e955a37d0e17457d,0,0
4way,e9f1c44f04663600,0,3
4way,ea61f9cb6713132c,0,0
4way,eaeb1a5775f0736c,0,3
4way,ebc9f5ca22ad7f27,0,0
4way,ecb0f259a5a2a965,0,3
4way,ed42026e226552f7,0,3
4way,eec0cbb7e6b7202e,0,0
4way,f2548a33302a888c,0,0
4way,f25fdecd90377ab8,0,3
4way,f2c0d3529001c46e,0,3
4way,f3596ee3797c9a92,0,1
4way,f3b67e1e4882ea8b,0,0
4way,f44d810370bdb9af,0,0
4way,f6271ec3c2c2f565,0,0
4way,f6d36f6e4df2cbc6,0,0
4way,f70be3ae2ccb9a75,0,0
4way,f88371bdcaad6016,0,3
4way,f9438e57ac402e71,0,0
4way,fd194e6ff8a50604,0,2
4way,fd96a933e9aee1c2,0,2
4way,fdeecfb6f0caa756,0,0
4way,fea0e24188e9367a,0,1
4way,ff6ed42e07e13df2,0,0
4way,0001e89983452cd6,1,3
4way,0040dba5f42b34ae,1,3
4way,01e7c0046f686736,1,0
4way,028ace13bed3b8eb,1,2
4way,06279abd5154006e,1,1
4way,06a27207c41abf46,1,1
4way,06e2cbd6fd40518f,1,2
4way,07581316af45cea2,1,3
4way,0bba971c562ee469,1,1
4way,0ff0b1a5d4335084,1,2
4way,110d2de253fb923b,1,0
4way,11637735c76cc510,1,1
4way,117f1e6df9455e5c,1,1
4way,147367d9f31439bb,1,0
4way,15f19b215a776a96,1,1
4way,17af0b14746e6e05,1,3
4way,188195296bcce875,1,2
4way,18880250845e0c2c,1,0
4way,1d50ebabd6471115,1,1
4way,23d10bffae6713d1,1,1
4way,24eb1612ec90eea6,1,0
4way,24f4a38328f3a553,1,3
4way,25a67b11355a875d,1,0
4way,261b10e1238afd1f,1,1
4way,26bb5ccba0a96427,1,1
4way,29ced515003feb69,1,0
4way,2b0aa295286d5670,1,1
4way,2be10d8955b76030,1,1
4way,2c562265802a5b8e,1,3
4way,2ce257b76cf99e0c,1,0
4way,2d2108ca4e7bd2df,1,2
4way,2ec1cff7ade55f45,1,0
4way,3095e60ee9f8ccd7,1,1
4way,356c1aedbcf8c58b,1,0
4way,3663d08a8b185aa3,1,1
4way,36ff005ab5af0a5b,1,1
4way,39436932a4dce953,1,3
4way,395fcce77090d148,1,1
4way,3c379f51c2435838,1,1
4way,3dcae4479139860c,1,1
4way,4044cc91aabd0e4b,1,3
4way,4121c96b01b9a893,1,3
4way,429b92a0169dd7ba,1,3
4way,43cedf0cf1f25b24,1,1
4way,469ee851a3a5203f,1,2
4way,4737792f98ba59cf,1,0
4way,48e70def408aadac,1,3
4way,49088642ec15ba1b,1,2
4way,49ea07b712c8c031,1,1
4way,4c2e29a7a4b10f2b,1,1
4way,4dcced4d5fb4daf9,1,1
4way,4e2253381d4cba55,1,1
4way,5099a9eebec5bc6a,1,2
4way,50adb87cf7a6365b,1,1
4way,532c5d9a1a12c8da,1,1
4way,593b04eae6b67d29,1,1
4way,5946e85ff01a1670,1,1
4way,5a45ed426d3fd65f,1,2
4way,5c021646f228d1fc,1,1
4way,5ca8e6383511dabf,1,0
4way,5d3095db273610bc,1,0
4way,5e9a6f08a2c9d1ef,1,1
4way,5ec76eadb6fccf2e,1,1
4way,5fa4c5b2ce78bdf7,1,1
4way,610b8888b5d62e3a,1,3
4way,61e1a658361d96b3,1,2
4way,63d4416158f899e0,1,2
4way,64b215111e6e8310,1,1
4way,6612b8629c3fba65,1,0
4way,68d60519ccc6328d,1,1
4way,68d85d7bebee4b2f,1,2
4way,6c998b6b3c64d314,1,1
4way,6caf684493f4f239,1,1
4way,6d0fabd36c68d146,1,1
4way,6d2c194696473932,1,0
4way,710a62575a41950a,1,0
4way,719ea4436c341abe,1,1
4way,72167228a6e5b787,1,1
4way,72a71a62ce0cf0e3,1,1
4way,72a72db485599c50,1,0
4way,76de29821321bd8d,1,3
4way,76e045796c0cc553,1,1
4way,7706edc387c6e303,1,1
4way,79e6b3911b2e88aa,1,2
4way,7b32796d45f40877,1,2
4way,7d3c9715ae422c4f,1,1
4way,7dac030737739937,1,1
4way,7df2cc372efd1f37,1,3
4way,8198ecd938115a71,1,2
4way,849732c7d18604d6,1,3
4way,86db6d755233e402,1,2
4way,87750e41718f6ef7,1,0
4way,889450e0ce4eb369,1,1
4way,8a11b2f377108af0,1,1
4way,8a3245164d9ada3a,1,1
4way,8cae18cbf67e87cd,1,1
4way,8cbfc9986b04432d,1,2
4way,9059857d80cfdb4b,1,1
4way,90957bc702d42f58,1,1
4way,917e7933bbaf19c4,1,1
4way,935bd132f7b158c4,1,0
4way,945ad9d6b846fe95,1,1
4way,9569f91555f6e8f1,1,3
4way,9645f25f3fc4bfb0,1,0
4way,972905f1ec910c14,1,1
4way,9757540a28b4d5c1,1,2
4way,9808e5b172b113ba,1,1
4way,98c078b716990ef7,1,3
4way,9b0aeaaadb0581f3,1,1
4way,9bb5910fc4b7d5b7,1,0
4way,9c689541a087c71c,1,2
4way,9d2344430294e194,1,0
4way,9dbfeeac33c159a5,1,2
4way,9e3f7a351cc54826,1,3
4way,9e477af0002801b1,1,1
4way,9e7bc5016449a36c,1,2
4way,a0bbc320de735b44,1,1
4way,a267190729cfa4d9,1,1
4way,a292708b9e9511d9,1,2
4way,a2cb17647a8adaa6,1,1
4way,a2e3bad3f8f00c37,1,1
4way,a3993b6ac877813b,1,0
4way,a600ab46a05ccc07,1,1
4way,a9a19953f8b10015,1,1
4way,a9ba10c854879307,1,0
4way,a9c6824dcf3740cf,1,0
4way,aa8f7e27996dfdc9,1,0
4way,ab781cf9a6e41a17,1,2
4way,af74c0adf57108b5,1,1
4way,b13523f3bd76a93a,1,3
4way,b4dd032e15a6e2e7,1,3
4way,b92a0af5f0c0b376,1,1
4way,ba926beca0e4f390,1,1
4way,be26940f6da895b1,1,3
4way,bea30951a66bd3c0,1,1
4way,c333b9c5f6f5c55f,1,3
4way,c3c4bf8535b5a7e3,1,0
4way,c4ab6f3edeaab733,1,3
4way,c5a7334417d563db,1,1
4way,c62e78476f193225,1,1
4way,c71f5c5ddcf1f2f1,1,1
4way,c75a6a3bf5928991,1,1
4way,c761b983feeb899c,1,2
4way,c887658351746f4d,1,1
4way,c8d18a97ac1af2d0,1,1
4way,c918a21a3549d67c,1,2
4way,ca6b946ff4c305dc,1,3
4way,cada661776b7b439,1,1
4way,cb04801615378525,1,1
4way,cbab1d9bfe2f1cc4,1,1
4way,cc5498dc4daa2bcf,1,1
4way,cdb7ad131eb17a7e,1,1
4way,ce4a6d3a0913af66,1,1
4way,d0061b60160fe3ed,1,1
4way,d0f48c23292816b5,1,1
4way,d1897377371d3c04,1,2
4way,d1951d7b069735f0,1,1
4way,d4687d57c5abe262,1,1
4way,d501f16df56b3ddb,1,1
4way,d6b7a03627f9ad48,1,2
4way,d6d9cbb0ee32c2a3,1,1
4way,d706d3349438861b,1,1
4way,d84a31af9519edbf,1,1
4way,da8b81ee3bdb9374,1,1
4way,db43c8f53145b205,1,2
4way,db5f569349d4c4e6,1,1
4way,dbf09fe91fa385e8,1,3
4way,df0233d7d90f7553,1,1
4way,df25f8d56c99c8f3,1,1
4way,dfb29ff22db78d53,1,1
4way,e1bb2942ec8cbb55,1,1
4way,e2986eb4d30d2531,1,1
4way,e2c838e9fb5ee857,1,1
4way,e6b96ad3b8885856,1,3
4way,e8f47de7950ada5f,1,3
4way,e9182bc6f092a40a,1,2
4way,e950d4a80917e1f9,1,2
4way,ea1651313a4f3077,1,1
4way,eb573edce7270a0c,1,3
4way,ee9c01764b918698,1,1
4way,efab308e1629ff38,1,3
4way,eff0229c1e24484b,1,1
4way,f068478aa44904df,1,1
4way,f0d2e459e26f256e,1,1
4way,f19beb6ee1276dd1,1,1
4way,f3dbcbc937c25519,1,1
4way,f3e8520053069659,1,1
4way,f66583eadc6ad5f2,1,3
4way,f6a86c41308f7b4e,1,1
4way,f9cfa2b81cc06cf0,1,3
4way,fe3b3d318800743f,1,2
4way,feb2da94f9283474,1,1
4way,fece1cf73071b161,1,1
4way,ff73765bd2cc1bb9,1,1
4way,ffbc79459d58e032,1,0
4way,00129cdb79324421,2,2
4way,0080e2991c76e017,2,2
4way,0195bc86ef7a8f23,2,1
4way,019acbaee68d414f,2,0
4way,05ce54a30d0b0376,2,1
4way,060e3326f34ea582,2,2
4way,07399a3c964b0367,2,2
4way,07cb5b8178ee16f9,2,2
4way,087de3c8a1232908,2,3
4way,093b5a947ca6b5d5,2,2
4way,095ea1d4f11f173d,2,0
4way,09f9113f4fe0f138,2,1
4way,0a050ce708228fb4,2,1
4way,0a28bcdd154fb0a0,2,2
4way,0b33cf8bec95c2b3,2,0
4way,0bbf3f99075420e8,2,2
4way,0bcdd6abc9066076,2,1
4way,0f7c1a4ee71c6990,2,2
4way,0f961bef789b067c,2,1
4way,0fbac5b1183aba56,2,2
4way,10f07784da9ec936,2,1
4way,1128e6b64b3e6cb2,2,2
4way,11598f1ff0b4796b,2,1
4way,1187d1243b093ac8,2,0
4way,11adedd2f7f35c07,2,2
4way,126fee1c22513369,2,2
4way,1360ec6afd400cc6,2,1
4way,136e67955230bc8e,2,1
4way,13cf745a8ff1fc0e,2,1
4way,13d7cc14807ecb83,2,2
4way,142724ef92ff65c3,2,2
4way,15b78d00deb8e6e5,2,1
4way,17e9220014bdc509,2,3
4way,1a8e8c10fff24065,2,1
4way,1bb18df96b3cbe2a,2,3
4way,1cf794d9608bd106,2,1
4way,1d907f5a70c4f465,2,3
4way,1dbe6b732d773baa,2,1
4way,1e57ddcd2b63a4e4,2,1
4way,1e5bbbbb59da1302,2,0
4way,1f67bb4361d6da34,2,0
4way,1f9ea91054d407ee,2,1
4way,2070fdee3a47b62a,2,1
4way,20f26397ba75f70d,2,2
4way,22c4b13bdbfa5c62,2,1
4way,23b638b0e21bb727,2,3
4way,23d21856c923758f,2,2
4way,26c8275fe9d566b0,2,1
4way,27315436e48e01e6,2,2
4way,2777c7c2590ea260,2,2
4way,27e6b6407fb9195c,2,2
4way,290870d5cdb9f809,2,3
4way,29087fe43aa8057a,2,3
4way,2afc3410cc30a0fb,2,2
4way,2b987d0bc42ae8fb,2,2
4way,2c517d8899f51f3b,2,3
4way,2c6af7a56835f406,2,2
4way,2cacb06a9c7af5c5,2,1
4way,2d3276e210c346a3,2,1
4way,2d3ab5c4ab5fa688,2,3
4way,2d3ddbb905dcfc9e,2,1
4way,2e924ec5b7487e58,2,0
4way,2eda797697999b58,2,2
4way,2f4ff98c93e83087,2,2
4way,2f5a1c9d43c525a7,2,3
4way,33c1d8d5f1b3c498,2,1
4way,36e4caf1480567c8,2,2
4way,36f92825178f0e27,2,2
4way,3799941b14798802,2,2
4way,37ef6b43966c46a8,2,1
4way,3abc38439807fafe,2,2
4way,3b3756e06d36df51,2,3
4way,3b6414d03d1c90fc,2,2
4way,3be75e60645a6b1e,2,1
4way,3cc06cf4968051ff,2,1
4way,3fc6f467fca20ee5,2,0
4way,3ff28428b6307913,2,1
4way,40d46f89f7b12b8c,2,1
4way,40e701704df13a19,2,2
4way,417959f440b328df,2,2
4way,41a0def05c162169,2,2
4way,41b81cf7adc29aa0,2,2
4way,42382a0a3f4478b7,2,0
4way,42800ca164333314,2,0
4way,42c33e021bc758a3,2,1
4way,446d6d8f9c9983fb,2,1
4way,488547a66033fe2a,2,2
4way,48cc505ac1770772,2,2
4way,48fea2a19ea2ecc7,2,3
4way,4a04256bc4df5c8d,2,2
4way,4a6537984a00983f,2,2
4way,4ae92cb61c87b3d7,2,1
4way,4bbd0ae3a4d3de8e,2,1
4way,4c4555923cdf0aab,2,2
4way,4cb455a4a5d80bdd,2,2
4way,4d01a3d3ee2b8b45,2,1
4way,4d7a8b7ff17cff82,2,3
4way,4e67a693aa7b65a6,2,2
4way,4ea8d7c116bc1f61,2,2
4way,508244cda3003eab,2,2
4way,51df37d7d93fd86a,2,2
4way,552b294a2551a8be,2,3
4way,5552a6b8f081219c,2,1
4way,5611acbbb755d200,2,2
4way,56a4772ba7450591,2,2
4way,57cb47d2e4a529a1,2,2
4way,5a96f2f6f68fc926,2,3
4way,5b0acc84be5a92a6,2,2
4way,5c0265910bb97ebd,2,3
4way,5c4cc4aed19d3ae3,2,1
4way,5dd0d2c9565f8373,2,1
4way,5e4f489d886b6d59,2,2
4way,5ead9dc3d7348d56,2,3
4way,5ec8eb102ff2cbe1,2,1
4way,5f6117131d8d1018,2,2
4way,5fa96ced6c5ac15b,2,2
4way,60d246c633691076,2,2
4way,611b812109f1eba9,2,3
4way,669cbadf4e98c432,2,2
4way,692e2ecd662551b0,2,3
4way,69f682b5be01dad2,2,2
4way,6a37b24bf41a42ac,2,1
4way,6a4975d30dde6775,2,2
4way,6a542747d67a04bc,2,2
4way,6a744773164ec6a7,2,2
4way,6d6d1f5ff68cff98,2,2
4way,6eee2a6e2a17ffaf,2,2
4way,7021e47eba0e36ce,2,0
4way,702ca96160f0407d,2,2
4way,70d718fc6ea27d0e,2,1
4way,71d1bee41d2f0bac,2,2
4way,727e98e115a34d80,2,2
4way,7297ab9df572f365,2,2
4way,72b6656c8943c5b3,2,2
4way,75a90ad0a4df91ee,2,1
4way,75bc9436109d26cb,2,1
4way,764ef0534fc98660,2,0
4way,76fc8c094c0bb995,2,2
4way,77dc6ae06a37dd5d,2,2
4way,7819b1614e70f193,2,3
4way,7862fa293e24e6b6,2,1
4way,787028d63bbef07e,2,0
4way,79134d1149dd1d78,2,1
4way,7b457a356ac061d1,2,1
4way,7bffd062f7c19659,2,3
4way,7c1e1971e35483b5,2,1
4way,7c936ce5b7ea5ee0,2,2
4way,7d1d9a6455d62880,2,2
4way,7ea4de90896b272d,2,2
4way,7eca7633b95d27f1,2,2
4way,7f7c7e11c3c37a4f,2,3
4way,81f1c2a788bcfa94,2,1
4way,822389c0920f4ec7,2,3
4way,823374a206745c21,2,2
4way,82ca0045f4a2e0db,2,3
4way,836be969d8138a82,2,2
4way,843cfa56463f2a3f,2,2
4way,84b8056f541e00eb,2,2
4way,84b9bf565574e7f2,2,3
4way,86404e4c95920a66,2,1
4way,865664b7a8bdda4f,2,2
4way,87fac76a4330822f,2,2
4way,884631900a9de876,2,3
4way,8859b19da19cb217,2,2
4way,88cb8dad2abee125,2,1
4way,89b417cd39bacd9c,2,2
4way,8b0481903173fc18,2,2
4way,8f8e78dc8acb6826,2,2
4way,8fe9fc8012b262ef,2,3
4way,903ad9bbaece7f59,2,3
4way,9265a57f498517cd,2,2
4way,92f7978faca6c0ca,2,0
4way,936f410afe746252,2,1
4way,93d2e4053e3406bd,2,1
4way,965e21dfa954326c,2,1
4way,98a4ff806df1bc69,2,3
4way,9b1c733fc41efbf0,2,0
4way,9b7ce0f9f3dba90e,2,2
4way,9c541b292f203c7c,2,2
4way,9cf8d67ca8fa8a1f,2,1
4way,9cfc710087e522f3,2,2
4way,9dc202ddc99436c4,2,2
4way,9e0af7fa12caba0e,2,1
4way,9e7440df1a62d675,2,3
4way,9ec5c960542b2e67,2,1
4way,a0b6ed22b36ca5d7,2,3
4way,a209d261fd17c5d9,2,2
4way,a2538cf9ed7374ba,2,2
4way,a2c4d15b15608835,2,2
4way,a355111b98a1a60a,2,0
4way,a4b2cb71b6434dad,2,0
4way,a8e70911cb0dcd6d,2,2
4way,a8f93b4131098c84,2,2
4way,a9a7c54dd50518bb,2,2
4way,abb8433adb703bbc,2,2
4way,ac5ea1db74969fdc,2,1
4way,ae223ccafd286ddb,2,3
4way,b03176cd988b83e3,2,2
4way,b03ae0d6b83f5928,2,2
4way,b1f6ed2941cb8f90,2,1
4way,b213de71f97a6edd,2,3
4way,b29a8be8228409f0,2,2
4way,b2fe11a3c9069c4a,2,1
4way,b3045cdd46f6aba1,2,1
4way,b3b119e95d24cdcd,2,2
4way,b3d23219757503ce,2,1
4way,b3ea15ffd469ff61,2,2
4way,b4c277aa42ca3b8d,2,2
4way,b5a03d941cd64495,2,2
4way,b6d97103e014d63d,2,1
4way,b942919867db52a4,2,0
4way,bad7dd3c4349b990,2,1
4way,bb03abe2ca70600a,2,1
4way,bb9d1ed36112296f,2,3
4way,bdbab061756d2669,2,2
4way,bdf09514d81704a6,2,2
4way,be8bf99ef8779370,2,2
4way,c23c2ac65e56fbf0,2,1
4way,c31be5b05009870b,2,2
4way,c563713f657fc7c3,2,2
4way,c5aaeaed174e513d,2,2
4way,c62a9c9d49b9761d,2,1
4way,c7e291f6e5f0c390,2,2
4way,c80e60d94dc16557,2,1
4way,c905d366dece7d56,2,2
4way,c94e9deb410fde2d,2,1
4way,c9996b9e8bc473d3,2,2
4way,ca0573beaf04678d,2,2
4way,ca2adc4549406802,2,2
4way,ca9a7e4c73db5146,2,2
4way,cb78593922e2654a,2,1
4way,cee66838fade3acf,2,1
4way,cfa8783ac3df9c43,2,1
4way,d264f4f5a600518a,2,3
4way,d2bafcc44a6fd642,2,2
4way,d2d2fd2d562f06d0,2,2
4way,d2d7b8f206c1a7a9,2,1
4way,d32b92cefa0da0d1,2,3
4way,d3521704651bc187,2,2
4way,d621e0d09428d436,2,0
4way,d65e86b15a250393,2,2
4way,d66dd7db035b613c,2,1
4way,d6c8f277547cbe41,2,2
4way,d76356baa01aaeab,2,1
4way,d901fb23315078a7,2,0
4way,daecb247c7904ead,2,3
4way,dbea51f5acb015d1,2,1
4way,df8b69b42f588a8d,2,1
4way,e10d3f4bdab39971,2,3
4way,e3e51f24a9156364,2,2
4way,e56325ac27dfd560,2,2
4way,e7479c5077dfb96d,2,2
4way,e7669850da9cf92f,2,1
4way,e7762ca1e44e3223,2,3
4way,e89f397a1cdd6b75,2,2
4way,e955b8ba5ea771eb,2,0
4way,e9f7f59b59251658,2,2
4way,ec68faf7d50e1d47,2,0
4way,ee5dad19a1af5a13,2,2
4way,ef6198e82df707d5,2,1
4way,f0bb59a6665c73fc,2,0
4way,f2aeae4cfd1932a8,2,1
4way,f378441dd124c468,2,0
4way,f636f6620067f9a6,2,2
4way,f875e64bbd959b09,2,3
4way,f92d452b21061d08,2,3
4way,f9fa1f20e31bb971,2,2
4way,fa4cc41f9bbc3ad8,2,2
4way,fb1f02093bcc7045,2,1
4way,fb3c9a86081ac851,2,3
4way,fb4b8d6b6e0b51a7,2,2
4way,fbe78a306f651346,2,1
4way,fcc8e8c464cb55d4,2,3
4way,fd6bed8bca366f86,2,3
4way,fe53c73942a9a89c,2,1
4way,fff918f7c15b95c2,2,1
4way,01d514386b0f3ed5,3,3
4way,033fabdc52f8cdb8,3,0
4way,04d78f54eb9d649c,3,3
4way,05a01ec31d18fa2e,3,3
4way,05cae41aa75540f4,3,3
4way,05fa1ee63b4a5c96,3,3
4way,0a32fc48affdaa3e,3,2
4way,0dd85966f8959e76,3,3
4way,0f984a8fb571c305,3,3
4way,106ab3b0aaf43785,3,0
4way,10f8bfd9cd1940cb,3,3
4way,11fa6a61f7ca4487,3,3
4way,14eafde5a5690ff8,3,3
4way,1594d1ac7ab6e1e2,3,0
4way,16b96c3884dcd0e4,3,2
4way,1779f8678faad7e9,3,3
4way,18a22eb07bfc4469,3,3
4way,1986643737ddb42d,3,3
4way,19f376e3665bfa32,3,1
4way,1a1aa5f7dc1120b9,3,3
4way,1b7f251ccc3c94db,3,3
4way,1e08751b34a07418,3,3
4way,1e67a37241fc93e6,3,3
4way,2278cba97d3ae55c,3,2
4way,258ae6f58556a2b8,3,0
4way,2593ff42a149b6f0,3,2
4way,2a68b1b6ba1d3e43,3,1
4way,2b03a52c7cfcc131,3,3
4way,32e7e7f6c3ce4540,3,2
4way,33750a3b9f5425f8,3,3
4way,33bcdda1924b6504,3,3
4way,3443de21ce6d170a,3,3
4way,34622435dfef6075,3,3
4way,36499cbfe5eb3a69,3,3
4way,36d8d7c6243029c0,3,3
4way,36d8e7c4437725e5,3,3
4way,3956db8b1247f7d0,3,3
4way,3b1f840afdf3face,3,3
4way,43b469a24670decb,3,3
4way,43c5db672ecfffea,3,3
4way,4453bc7143a662ff,3,3
4way,45c5eeda3e6eb7b6,3,3
4way,47ea23251b084ece,3,1
4way,4a4a1b6e931a47e6,3,1
4way,4bd5bf3e98cc1c3b,3,3
4way,4c6b1a10782e1242,3,3
4way,4e6ba9409e2441a1,3,2
4way,4f42631823f5c7cd,3,3
4way,4ff652ccce212e7f,3,0
4way,5124d8efdee3e848,3,3
4way,547a1db3e554beb1,3,3
4way,54dafea32b672c82,3,3
4way,5642e08db1ef8cd0,3,0
4way,5812d92686fe651f,3,3
4way,5825393b9acc3dfc,3,3
4way,5843662612cf78a3,3,3
4way,5895e0809776f2c7,3,3
4way,5baa21262e6d1c72,3,3
4way,5d2913896a651294,3,3
4way,5e236b607bc3b597,3,3
4way,5f7c8fbd568be255,3,0
4way,625798c55e3a6d59,3,3
4way,632a20b21183b48c,3,0
4way,6405bb3cdae74eff,3,3
4way,64c033923a87800f,3,3
4way,680469d5d0af8c70,3,3
4way,68eb52c76b02cd50,3,3
4way,69640da4700846ba,3,3
4way,69b75b9be7b64d29,3,3
4way,6a80bc17926ef5ad,3,3
4way,6b3cfdd11e4b806d,3,3
4way,6bb0b50176fd4bc2,3,3
4way,6cfcb2a43ce00a03,3,3
4way,6db8d26692d33de5,3,3
4way,6f0bbafda02cf9a7,3,3
4way,6f72ba6be1ebacba,3,3
4way,6ff083002c612640,3,3
4way,7102077b368d2fb7,3,0
4way,7195a565ced6721a,3,3
4way,73443209af499527,3,3
4way,76361d7bce279dee,3,3
4way,7654571ebec5b5f5,3,2
4way,76ce774cdf50f214,3,0
4way,77e6071d6b223db1,3,3
4way,782d04a07b1b4862,3,3
4way,788a97c0fe61426c,3,3
4way,796b16ace597bfe4,3,3
4way,7d9dd4f9b06d146a,3,3
4way,7ea74840ab8db12d,3,1
4way,80fd726518200e96,3,3
4way,81ab7166e8111099,3,2
4way,81b2d4f0a2cda7df,3,3
4way,824353abd3d0e468,3,2
4way,833b670f655c0d36,3,3
4way,839faa2baa01b661,3,3
4way,868a2a69596786da,3,3
4way,88459a5ab12cc130,3,3
4way,8a60832c708e515b,3,3
4way,8dbed98b3349187c,3,3
4way,8ddaa6fee39c33f1,3,3
4way,949f875f8d482664,3,3
4way,971ff6a82b4c119a,3,3
4way,97d73032961ec919,3,2
4way,990e62e74d6211b5,3,1
4way,9a380fb9f51bc6ef,3,3
4way,9a410e352e6fe021,3,2
4way,9ac1ce35337a8409,3,1
4way,9ae29f809d81e534,3,0
4way,9ec0833182204df5,3,3
4way,9ed35179e5817fdf,3,3
4way,a145f34335551cd7,3,3
4way,a1519cb4d9a7c5c2,3,3
4way,a78d9d8ab540f1e6,3,3
4way,a8f94b175dadd584,3,3
4way,aa0cf6379af984e0,3,3
4way,ab5d377541ee6378,3,0
4way,ac312404c8d0baed,3,3
4way,ace82ebd557e4327,3,0
4way,ad52283964b22eeb,3,2
4way,adce524caf7dc0ad,3,3
4way,b0e1aa0fc5521219,3,0
4way,b1b32f78bc73e981,3,3
4way,b570206399864b44,3,3
4way,b794607a45926fbc,3,3
4way,ba4a553287b68707,3,3
4way,bcfaa0b52bdeae01,3,2
4way,bd13531a94dc8cf6,3,3
4way,be8355e71b951b3f,3,3
4way,c3a85e22cca0f96a,3,0
4way,c48034e2c9f1b30d,3,3
4way,c587f7df78ba96a1,3,0
4way,c7703eb746d257b4,3,3
4way,c7eada9b52a67c7d,3,2
4way,c80fbe7aee58a7ff,3,1
4way,c850c280f1fa70e2,3,0
4way,c98006ce13027b90,3,3
4way,cbe2541860f441a9,3,3
4way,cbeb8c3def6edb40,3,3
4way,cd5f02c096f68015,3,3
4way,cf80fef128cd2570,3,3
4way,d0d67487da235378,3,3
4way,d3b8591e8fdf1356,3,3
4way,d4b6e7eb29bfa66b,3,3
4way,d8707946c837cd29,3,2
4way,dbff33c98724fe19,3,3
4way,dcaf3e5f0791eac5,3,3
4way,dcd2053e21974aec,3,0
4way,e2247812baf246c8,3,0
4way,e2368c050b9a2715,3,3
4way,e25daf3db2a1d2d4,3,3
4way,e674091f81f4796d,3,3
4way,e6762ab0952d17f8,3,3
4way,e7afccc32ab1d97f,3,2
4way,e7d3c612bde69239,3,3
4way,e834baa31c0b5cc4,3,3
4way,e98b8c10ce21fc06,3,3
4way,e9b3f0a010b98156,3,1
4way,ea85a85b49d2d583,3,3
4way,eba4adc390732e81,3,3
4way,ed698505dd9221be,3,2
4way,ef06e2d567f52bcc,3,3
4way,f0cdfee047b6f99b,3,3
4way,f138ab9ba524c818,3,3
4way,f2cb5290ef74b898,3,1
4way,f300d68b783c1a13,3,3
4way,f3bdee006d85e62b,3,3
4way,f5017984c9c54d23,3,3
4way,f6822ad9be0d2d8a,3,2
4way,f90605937e9a066f,3,2
4way,fad20cac5e1ba828,3,3
4way,fae50e30142ffea9,3,3
4way,0006bff7bee18fa6,0,0
4way,00bbfa754e29e39d,0,0
4way,01de8dd5f943a22d,0,3
4way,06432aa71b181891,0,3
4way,064b8c93283c2ecb,0,0
4way,06a5e4fcdac85e98,0,0
4way,06bd70b6f8e97bc4,0,0
4way,078ba982f9582993,0,3
4way,0914cdc3360a1617,0,0
4way,0abe6517b7234664,0,0
4way,0bfcbd02097aff87,0,3
4way,0d112a35ae5d68a3,0,3
4way,1254bc65814111f3,0,0
4way,12d9e5320dc52af2,0,1
4way,12e8b16302d64f09,0,0
4way,13a9cc8c118253b2,0,1
4way,1407a9a96a81eb4d,0,1
4way,143b31ce713b001f,0,0
4way,144847a4b86e40ac,0,0
4way,156e4bc058aacb15,0,0
4way,16770dffaf3f7387,0,3
4way,167d927580ea4e71,0,0
4way,16a5c1532a1b4263,0,1
4way,19143bece2fee705,0,1
4way,1a91eb4c29bd5c1a,0,3
4way,1bd7414fb57bef76,0,0
4way,1db01c017862a3a2,0,0
4way,1e847b39380d9c06,0,0
4way,229da56dcc3b2cbe,0,3
4way,23ea412be7e96546,0,0
4way,246f7e7b055666f4,0,0
4way,2572ac77352044e3,0,1
4way,25e90f714944fdf3,0,0
4way,25f48bb5ea3877d9,0,0
4way,26d70af41ff563b6,0,1
4way,28757ea14fbf6344,0,3
4way,2915b83c7f73d34d,0,0
4way,295ec1fb4fa90946,0,0
4way,2beb06e44bfabc85,0,1
4way,2cadfe6ceceb116f,0,0
4way,2d688d3ba89348c9,0,3
4way,2e0e3be9bcb0c262,0,0
4way,2e3080a3ad4ae456,0,1
4way,2ec1dec52c753be7,0,0
4way,30c42e7cb8126568,0,0
4way,316e64de0d47af23,0,0
4way,31a8d8ce353a7953,0,3
4way,322bccbe212f139e,0,1
4way,3423ba3ca0289bbb,0,0
4way,357a1e8df97d7230,0,3
4way,35ec7125d48c1ac1,0,3
4way,374116d7210adfbe,0,0
4way,38ffc3827e5b05f4,0,0
4way,3b796ef3a1b70fa8,0,1
4way,3f279efd2cc2c6cc,0,0
4way,3f6ac28f8ba4789b,0,3
4way,3faa4fa19d4094ec,0,0
4way,4153344967e9f20f,0,1
4way,437db3cf130d6c83,0,0
4way,44b0597a928a2808,0,0
4way,46b537fc055d8e75,0,3
4way,4911d523c4e5ca6a,0,0
4way,49a0964010ddfe36,0,0
4way,4a444d639aa53405,0,0
4way,4d9ed4739ac4bb0c,0,0
4way,4e7528b1b3e905c3,0,0
4way,519517e9d2b81f0d,0,0
4way,52ec562068df80f7,0,3
4way,56b432779505e6a0,0,1
4way,57d58b76cd1c208d,0,0
4way,5813d58755502e66,0,3
4way,58e0dbfbbbbb909a,0,0
4way,59e20886ece1552d,0,1
4way,5e505ca9e71caf12,0,3
4way,60080ad25fe5f5f1,0,3
4way,626b23d5e4e0b3a7,0,0
4way,629386c9840f0f62,0,3
4way,665691439cca28df,0,2
4way,67196bee5d08863a,0,0
4way,67546f827b05c48f,0,0
4way,67dc8e395a363c3b,0,0
4way,69d25011b0294cda,0,3
4way,6c48f45e43edff2f,0,1
4way,6c6f289992a3ca89,0,1
4way,6d9e8543ccf0fb58,0,0
4way,6deae417b461dfbd,0,0
4way,6f5dd709ba845499,0,0
4way,724fcb09513b8c58,0,3
4way,74a773c194910416,0,1
4way,74fa52c036dcdd53,0,1
4way,77936c40ffdaa5aa,0,0
4way,77f25800f08675e3,0,0
4way,78fa5fc30f1d1283,0,1
4way,7ba235e2924b1031,0,3
4way,7dc35f4ef21c2111,0,0
4way,7e301fe81e5efe49,0,0
4way,7f2d1e26247d4311,0,0
4way,7f7207b495e61294,0,0
4way,80d4b8486db5c2b8,0,3
4way,844ac417ba8c41d7,0,1
4way,854eb040d3186de5,0,3
4way,869d2ab4ca105e4a,0,0
4way,878ecaf6beefd4ef,0,0
4way,8902f0209cb97f71,0,3
4way,8a0786bf4c42a8d8,0,3
4way,8d2ee910c8085a5f,0,0
4way,94a9428255dee55c,0,1
4way,967eeab1d06b0710,0,0
4way,97dcd558af304a14,0,2
4way,97e449a9b4f931b1,0,3
4way,9912d6ad9b4a9a1c,0,1
4way,99305ee7150a56e6,0,0
4way,9a1ca53b0d49fe94,0,1
4way,9d0084396c56b8ff,0,3
4way,9ea604221104fbb9,0,1
4way,9f20ff9ae94e4ce0,0,3
4way,a1675204aad7d1d8,0,3
4way,a35b2e17b6c89a31,0,0
4way,a4b338d65d5557da,0,0
4way,a58971b2a289518b,0,3
4way,a97ca6529759b83f,0,0
4way,a9c77eb211f19a0b,0,0
4way,aaccdd132ece8d78,0,0
4way,aae8f6334c7cfb0e,0,0
4way,aba86d11937ecd1d,0,0
4way,abff61a1fe0fc136,0,0
4way,b6e829def3854f1b,0,0
4way,b76c8afaefe698ba,0,0
4way,b86a6813a02e7218,0,0
4way,b86f1848fa40ea34,0,0
4way,b969d025c982d667,0,3
4way,bb8d5fa303ef1be6,0,1
4way,bbba55eab9753ebd,0,0
4way,bc3858633522a72d,0,3
4way,bd50450897da756a,0,3
4way,bd543dec19b388af,0,0
4way,bdbaf3e9f0261225,0,3
4way,bdc7ab1e941cd6cc,0,3
4way,bfb8fd63b9911fbb,0,1
4way,bfed31f2fbcc0227,0,0
4way,c012b17389c65225,0,2
4way,c1855c3c91c4c2a7,0,0
4way,c36eaeb33a5ecbab,0,0
4way,c39e3b109365cfff,0,1
4way,c3e2003fb48b7719,0,0
4way,c55f1f773a010761,0,2
4way,c59a51bfebd8e3a1,0,0
4way,cc66808754793631,0,0
4way,ce3d91725c963653,0,0
4way,ce417728b69f9d0d,0,0
4way,cea30713673d8c61,0,3
4way,d4617d9814a2dad2,0,0
4way,d570e1c550cc61de,0,1
4way,dd735549418b9f00,0,0
4way,df202ac924efecec,0,0
4way,df3f08ac700ee382,0,0
4way,dfcc248dab94539e,0,0
4way,e1672df05b5af06f,0,0
4way,e2cdd3d5b1949361,0,2
4way,e5d4696bdb557442,0,0
4way,e653af3cb57ad222,0,3
4way,e689ef89441d7ef8,0,3
4way,e68f80504e69ab4d,0,0
4way,e784430bffbfa6a7,0,1
4way,e7fee0391b9b778b,0,0
4way,e883dc1f8fba71ce,0,3
4way,e92f2c26f0454a97,0,0
4way,ea2032b3f9f9d98d,0,1
4way,eb378fcd9ac53a81,0,0
4way,ec646af6f03928d8,0,0
4way,f00c6c3af186f66b,0,0
4way,f05d9ed4078018ad,0,0
4way,f2838af2ecf8de22,0,0
4way,f28d074649587a4a,0,0
4way,f3035a1801e97c6e,0,3
4way,f37cd4a1f8e123cd,0,3
4way,f3ae9c222c5d0e81,0,3
4way,f437f957d868f078,0,0
4way,faad395704120550,0,3
4way,fedc90ede50f288a,0,0
4way,ff226f8b371a625f,0,0
4way,ff9836dfdaf074e8,0,0
4way,00316248c8b8f6d8,1,1
4way,030523006d88a6ba,1,1
4way,03c2f2282e7b6ad5,1,0
4way,04d807cc632b09bd,1,0
4way,05c5d3c8e20abcd3,1,3
4way,07a27d1a6b39cf53,1,1
4way,07fe6d58a86eb092,1,0
4way,0873c554955ac022,1,1
4way,0adec63d92c41172,1,0
4way,0c7c8c0e20b28b04,1,1
4way,0d99999a1ad31678,1,1
4way,0f768a131c4c69fc,1,0
4way,11a6e42f2d3f1436,1,3
4way,12d621084798b9aa,1,2
4way,12ed4e92de27ce5f,1,2
4way,15c0cd594a712504,1,0
4way,1e21d258468920b1,1,1
4way,1e43ce759d4a136f,1,0
4way,1e9fdba656f324cd,1,2
4way,1f328a1f6aeaed5e,1,0
4way,1f530d024068043c,1,1
4way,1fbc3341e044d0b8,1,2
4way,201983f443a4da80,1,3
4way,20f448edc0d7d0a9,1,1
4way,23b2fbb3cc49473c,1,3
4way,23d71795e71ec727,1,1
4way,23dc7861bc210a24,1,1
4way,2626123d7883ea5a,1,2
4way,276f2732893bcd40,1,2
4way,281257090d13e874,1,1
4way,289d3da463265b5c,1,1
4way,29699d1e2aab78ec,1,2
4way,29cfe7899559e372,1,1
4way,2c17761d14cd1f5f,1,1
4way,2db3c5386a4e35ba,1,1
4way,31aa2f01a8369598,1,1
4way,31c8d8e8826ae022,1,1
4way,33e4cb4377135c0f,1,3
4way,3569da8ec894812a,1,0
4way,3774618bc9c11feb,1,1
4way,381a5e7358d5e236,1,1
4way,39ac1b3d7bd89e60,1,1
4way,3a9e1f3c56ebff79,1,1
4way,3f45ef77ff780896,1,2
4way,42dc3dbd340e8c25,1,1
4way,43eb6351412960e6,1,1
4way,44deed0ddb8a6514,1,3
4way,473f261fcff14640,1,1
4way,474198054030ab21,1,0
4way,4806c5467c165ade,1,1
4way,4857aec3ac856e73,1,0
4way,4b2d060bead642c5,1,1
4way,4b6af7bd203f4fee,1,1
4way,4bbe185bc8b27e1a,1,3
4way,4e7b87efc5eb3e2e,1,1
4way,4f1031f1fe8d75e3,1,1
4way,526677d18997bd29,1,1
4way,52b875d542d20d89,1,3
4way,53ffba9defe18e82,1,3
4way,55a8837d5bfc217d,1,1
4way,55ef916cff73a956,1,1
4way,579782cfe57e4001,1,1
4way,5a582f631923bb02,1,3
4way,5adee265c0948be0,1,1
4way,5c7b9e5e2e37083f,1,1
4way,5cf9418528b3f9e4,1,3
4way,5dd777f049e72b28,1,0
4way,5f8220a5bc778aa3,1,1
4way,5ff16ec1e7f03300,1,1
4way,61467bcce4d05f86,1,2
4way,61b6b530f7219cff,1,3
4way,61d73a905de757b1,1,0
4way,62662c92521687f6,1,0
4way,63cf6124bf666140,1,3
4way,65447e022c8af565,1,1
4way,65b474bbd0abeff7,1,0
4way,662d752df42e92f6,1,2
4way,678bcd7bc8ba5fc9,1,0
4way,69e49efd9378003c,1,1
4way,6a0d688fff0a6a2d,1,1
4way,6a7c12ff00721eae,1,1
4way,6c556d97489aedc6,1,1
4way,6cfe611d17e42950,1,2
4way,6d9f91a3915bc2a5,1,1
4way,70728fd99609543f,1,3
4way,713f0e86d7dc95fa,1,1
4way,72a07f20adc53d16,1,1
4way,74c57e5f4f07e8fc,1,1
4way,756cd86b63e981aa,1,2
4way,75d73661f527f681,1,1
4way,775cd1b15d747111,1,2
4way,77aa33a58145fbcb,1,3
4way,7a56420535814549,1,1
4way,7c5d6b34cbd2e0a6,1,1
4way,7d66d4e22af3ca31,1,1
4way,7fc7c9f0bc3a2d13,1,3
4way,80bfcb73462ce774,1,1
4way,81c554f86f5dbeaf,1,1
4way,8342756fd2e93988,1,2
4way,838a02841d17c557,1,3
4way,8506ce90cc86660d,1,1
4way,854949b22c795932,1,0
4way,87a57fea6c2adcaf,1,0
4way,87a67558f9e33744,1,1
4way,87d319b07c840cd2,1,1
4way,87fbbe87cfec25ce,1,1
4way,89d1d8c5e94e9c0a,1,2
4way,89e5655ccfe05eab,1,1
4way,89fe7097b0417f90,1,1
4way,8a0505b04296ad14,1,0
4way,8a29ee431d4509c5,1,1
4way,8bd1d2db18b21bb2,1,3
4way,8ce750ef1cb42fb5,1,1
4way,8cf1f06c8adaa3af,1,3
4way,8d97a7da2718d141,1,1
4way,8eacd3c3010412ae,1,1
4way,8f8178322266664d,1,3
4way,9045921a818243ce,1,1
4way,90e1e58c753e4796,1,0
4way,9179b2a56292ebec,1,1
4way,944f06e58ec47c24,1,3
4way,94ae81057cdb4ba6,1,3
4way,95957c1a23544751,1,1
4way,95d5b49eaf445928,1,1
4way,966dcb61684de2b7,1,1
4way,967165321507261c,1,2
4way,96adced1f705475b,1,1
4way,97243205058c4ea7,1,0
4way,99693266dbe822ac,1,1
4way,99d103b5c9fdc0e3,1,1
4way,9d448ba36898d496,1,0
4way,9eb144ecdd91a580,1,1
4way,9f921af1686524dc,1,1
4way,a0f7224f4c916a74,1,1
4way,a1a18db088e485f7,1,0
4way,a253e982ef19914d,1,1
4way,a25e57c2f033c688,1,1
4way,a2bc112403c07a54,1,1
4way,a2cb8b8b8728806a,1,0
4way,a3086b2b78b5df68,1,2
4way,a3b3c6283eac67c2,1,1
4way,a4d8b6cb8a398008,1,0
4way,a65e865665043161,1,1
4way,a77a0d71ae681ee6,1,1
4way,a7dc2f434cf891ee,1,2
4way,a94e7676acfa16e0,1,1
4way,a95a1c5440ce254a,1,3
4way,aa02d992cc980ba5,1,1
4way,ac7f4e40f5fc2285,1,2
4way,aed04a93d34fcb91,1,3
4way,aed800d44b6ea3c2,1,1
4way,af0bd59dec9f31bc,1,1
4way,b029ea08d0abdeec,1,1
4way,b192a4786b8d2020,1,1
4way,b198ad562bddedca,1,2
4way,b1f6b6d12aeea050,1,1
4way,b22f54e55364cfc2,1,0
4way,b38f2958d0ad3b5d,1,0
4way,b4dd2d64b72ec676,1,2
4way,b53e063a50f41f09,1,1
4way,b566a9260dcc39e0,1,3
4way,b5d062d4881d367e,1,3
4way,b65e82c0fd82c0cf,1,1
4way,b6d850fe91dbcab6,1,1
4way,b73b755c459ea2d8,1,1
4way,b8aae35c202299f4,1,1
4way,b994a35129ff22b3,1,1
4way,ba1dcb31edcaa74f,1,0
4way,bc29de373677dd61,1,0
4way,bcaf582c56861312,1,1
4way,bd51ca854d4c5de8,1,0
4way,bdffc6b8a26da2a5,1,1
4way,c0a62db7775e920a,1,1
4way,c15e11d1fa5c0959,1,1
4way,c2c714426a500908,1,1
4way,c44beb5488c54d42,1,1
4way,c47b1f923efaa59c,1,1
4way,c4bb888e7c72e5f8,1,2
4way,c4f63c33ad26d2dd,1,1
4way,c76df118aceadb3b,1,3
4way,ca09a129eb28814b,1,1
4way,cff1e86417a70d5e,1,1
4way,d0a84c6930ae4261,1,1
4way,d37b14d2d4aa07f0,1,1
4way,d3e16ee11d971ee3,1,1
4way,d4067ddbf087d65d,1,0
4way,d55ba7087a2133e1,1,1
4way,d5b48959796ab182,1,1
4way,d5ea099ab7d7097b,1,1
4way,d5fa20a04964048e,1,3
4way,d6fba89134e6e353,1,1
4way,d72d43d105503283,1,1
4way,d77d6f946ce6444b,1,0
4way,d87d7176e1dcb1a9,1,1
4way,d880c5de6c3047e2,1,1
4way,dd4c34f46375d8f8,1,1
4way,df36e99139ffa6aa,1,2
4way,e18da3c7b8c0a954,1,0
4way,e2be637096c8d883,1,1
4way,e470cda05b595e0e,1,0
4way,e5df15529ef3737e,1,0
4way,e84b195bc6112de2,1,2
4way,e903e45742ae0774,1,1
4way,e9059c1d76ceeabf,1,3
4way,eb246bfed36285a6,1,0
4way,eca823dcd1c50fe2,1,1
4way,ed16a9574db36519,1,1
4way,edad994c5d99b42f,1,0
4way,ee5003aee0604b03,1,0
4way,ee8b9c11abdd2a17,1,2
4way,f2b024f871a97181,1,1
4way,f349e3e9c37e1a82,1,1
4way,f36e0dac7ad52cda,1,2
4way,f5e10d3caf07ffea,1,3
4way,f5e83c67667a3387,1,3
4way,f73fed52519fbc5c,1,1
4way,f850b4da431b1d4d,1,1
4way,f8f1d8bd8c6c8648,1,1
4way,fd066f9ce3aa67f5,1,0
4way,ff7e5ac9d5f78601,1,1
4way,ff83e3ec6da3c97c,1,0
4way,01e6ed6e15eb6565,2,3
4way,03672ae9780c6a79,2,1
4way,03d98e38b35a9b36,2,3
4way,060958428247f768,2,3
4way,063e78853ad4f366,2,1
4way,06ff09e5302df8c8,2,2
4way,0744aa6a178a9ee2,2,1
4way,0af49de1068f9ec2,2,3
4way,0d154271950d01a4,2,2
4way,0f2bc2f8ce530fca,2,2
4way,1082cdd5f916af73,2,1
4way,1138315a515a6463,2,2
4way,11a6ce3f8211b33b,2,3
4way,11f27adefb5900e5,2,0
4way,12f3779239694739,2,0
4way,139f34535c51d56b,2,2
4way,140ab6137d9839cc,2,2
4way,155e80eb4461c874,2,1
4way,15f5267f5ec29a01,2,1
4way,18413ff6d046df4c,2,3
4way,19612355483579f6,2,0
4way,1ef6a48011cced04,2,3
4way,2031844470f0d7ef,2,1
4way,20bede2e59556c7d,2,2
4way,2314d29dd3e1cb70,2,3
4way,259d36271fe1fefe,2,1
4way,25af410563495d70,2,1
4way,2892ccd6df689c24,2,1
4way,28ebcb499a5cb1ee,2,2
4way,296d44df99749594,2,2
4way,297a35d467bf108f,2,1
4way,2ac17cce44668b08,2,2
4way,2d8d3a7a24825721,2,1
4way,2e0925174761d827,2,1
4way,2ea6ef26c1de3e2b,2,3
4way,2f72da8f3c592b7e,2,1
4way,3056d55ff9f09dc0,2,0
4way,31c58a5fa7d80327,2,3
4way,3325ec486fdac5d1,2,2
4way,338f60ae948d2fc4,2,0
4way,36d4e7e4ad59e695,2,0
4way,372f6d8c33c11819,2,0
4way,37f1fdac7a240578,2,2
4way,38b3a56f4129102c,2,1
4way,38fc70070ac243d8,2,2
4way,3a36c22c4e70abdf,2,1
4way,3a719607493417c9,2,1
4way,3b0c8bfac44d20e8,2,3
4way,3b4635470795c633,2,2
4way,3bcb868e9641d075,2,1
4way,3c21f53faa6ee834,2,2
4way,3ee2343bed55ba70,2,2
4way,3fce874be85b73d9,2,1
4way,4075bc93bf4da70a,2,1
4way,40826671f6c34c53,2,0
4way,4103320702d77516,2,1
4way,42965564c8d66f8d,2,0
4way,44136102016d40c2,2,2
4way,452921180e219dba,2,1
4way,4578c2444940ed82,2,0
4way,46050acd9a043c8a,2,2
4way,46c92bc1d6df0114,2,2
4way,49b3a3742671ce97,2,1
4way,4d72d38132cb6f1c,2,3
4way,4db4748f48f2486f,2,3
4way,4dd968854ff64932,2,1
4way,4e3863d4d3d3fdf2,2,2
4way,4ee0f51f8ca1c5a2,2,1
4way,4fbddace4c11a21c,2,2
4way,4fe9a63ce8607535,2,2
4way,50401bd96f40d1a8,2,3
4way,50ff173ee9b6f2bb,2,3
4way,51928627c1374ec9,2,1
4way,5593cc456b191143,2,1
4way,55ded46c2aa97972,2,1
4way,56f0557a301207e6,2,3
4way,5874a1f4a4506b0d,2,2
4way,5933c39783c17545,2,1
4way,59c66dd83aa0fa29,2,1
4way,5be9befb2c5a4ab0,2,1
4way,5ca889e994861788,2,2
4way,5d4f4480b8c455eb,2,2
4way,5faf064e0716494c,2,1
4way,62e4e698a60e59e2,2,2
4way,64323e9538f3616e,2,2
4way,68577e6ca8934919,2,2
4way,69096db197b7a1db,2,2
4way,6a441b33b5f4c3d0,2,3
4way,6a81044ee2b5d6bd,2,3
4way,6ae78a20f919cf6f,2,1
4way,6b3d4c5575604551,2,2
4way,6c2a43952f40d730,2,1
4way,6ea6d055cbbfb81d,2,1
4way,6ee4bed0ed6ccf2b,2,2
4way,6f4b0fdd4382ad42,2,2
4way,713c2493d1b1943c,2,3
4way,716366ee75b96aac,2,1
4way,71f575db25e2724e,2,3
4way,7271b69427e78e81,2,3
4way,72d711dcbe7d643d,2,1
4way,7469cb04479a6d96,2,3
4way,74ea2e887b225be7,2,3
4way,75f7fce155099810,2,2
4way,7668fe8b2a8300cc,2,3
4way,76aef7fe540c7511,2,2
4way,76d62313eee7277b,2,1
4way,77653c24e1814c78,2,1
4way,7959152f962ec74e,2,2
4way,79ed3580ccf83e6f,2,1
4way,79f6419b2e040d83,2,1
4way,7b0ef40dae1c8213,2,1
4way,7ba5c52b4f5a7f87,2,0
4way,7cd8f1ba48c694b1,2,2
4way,7d1fa65c334d94ed,2,1
4way,7de360ade22c67f4,2,2
4way,7e887311c446dea3,2,0
4way,7f4958d57b05d833,2,3
4way,8227818e10b39dc2,2,2
4way,827d32e29bc9f7fc,2,3
4way,8384c3cfd6beb7bc,2,2
4way,839aa13748f1b20d,2,0
4way,83a86ac189935f60,2,3
4way,86bc02e76540adca,2,1
4way,871b71a4a6125ff2,2,2
4way,88e84f7b28fa77ea,2,1
4way,89b96a92ade64a95,2,1
4way,8ab291bdb8ff7a5b,2,1
4way,8ef555df8b8ae291,2,1
4way,8f531dd994d6dcf9,2,2
4way,90745b8210c12dda,2,2
4way,9283eb52b0280bdb,2,3
4way,93c9f1e8fdc93973,2,1
4way,946debfd253b4011,2,1
4way,9484db1b516d30cc,2,1
4way,948abda1b97ff5dc,2,2
4way,9a247434991b5517,2,2
4way,9a5c90a4b99e2871,2,1
4way,9a931a292d0c52c4,2,3
4way,9ac7a3bc49fd37b7,2,1
4way,9b0142101160adc2,2,2
4way,9ce1a967cbca66e2,2,2
4way,9d89dc482a33cd30,2,3
4way,9f744f5742e8c679,2,1
4way,a0bc25bbaefecd23,2,3
4way,a0f136838b308fd3,2,2
4way,a1cffe10abbf3c5b,2,1
4way,a230afd968369dc5,2,2
4way,a25cbcd98c03c8b4,2,0
4way,a2640e8e126b4e64,2,3
4way,a53be22a689c82dc,2,3
4way,a54b13bbd412212a,2,3
4way,a6ef3fc5b644ed04,2,0
4way,a84aa1c845e68f57,2,0
4way,a8b88fb303fba301,2,2
4way,a97278922d80ebb7,2,3
4way,a97e19bf4193c7bd,2,3
4way,a97f8c6efea70725,2,1
4way,a9bc0dede8b664e8,2,1
4way,aa42935c572cd972,2,0
4way,acf446564b2eddbf,2,3
4way,ad0712c253b18aaa,2,0
4way,ae916a7d0f72e76d,2,3
4way,b0696b88e362ca0e,2,3
4way,b16c283595d2ee4a,2,1
4way,b18e38c2b04375d8,2,1
4way,b30c8d1d80fe3c06,2,0
4way,b5be03a19aa28731,2,0
4way,b8aaebe04cea4a34,2,2
4way,b945dd3ae045f323,2,1
4way,bb3598c208e50cea,2,1
4way,bb901c012c798086,2,2
4way,bd9516f9312f2ef4,2,2
4way,bde20ef190056770,2,0
4way,bf8907f11c302592,2,0
4way,c25c8e6515ebf1d6,2,1
4way,c2f4c8ca55f83f51,2,1
4way,c7fd4580fe87bf47,2,1
4way,c8021d001fa22622,2,2
4way,c834a07cb0ad7162,2,1
4way,c934cf88909ac4e4,2,1
4way,ca1a242fca835460,2,1
4way,ca34df6073382196,2,3
4way,ca6420739316e19b,2,1
4way,caaa78bc38482272,2,1
4way,cb03e9d7ca81dd34,2,3
4way,cbd4a1fc4a851e6b,2,3
4way,ccab9ef00e3e7d8a,2,2
4way,cd5a0b6f982ebd90,2,3
4way,ced18def38ffb3da,2,2
4way,cfb7a4a7be7a23d9,2,2
4way,d00138fd36602348,2,3
4way,d0f17ba4eb074e22,2,2
4way,d1ff941bfcacc7cd,2,0
4way,d235865bf74ed565,2,1
4way,d2f5d4abd5f86a1f,2,1
4way,d626ce53b2296f45,2,3
4way,d7527157548c0f86,2,2
4way,da883fd125800ae2,2,0
4way,daf99cd9c4d98904,2,0
4way,dd07d0be4e3cad59,2,3
4way,de6bf9a7a6515b7b,2,0
4way,e013306f5cc44eea,2,3
4way,e132e5509f373ed5,2,1
4way,e1d01d25c1ab47be,2,0
4way,e386309e5cb3302f,2,0
4way,e3e947a98f0b94ff,2,1
4way,e4b2e573cd985dd3,2,2
4way,e4dd5f377ce44368,2,3
4way,e616b9c4980c8483,2,1
4way,e676e19cb52269a7,2,1
4way,e6cb11e156e25a4f,2,2
4way,e77db82166974c2a,2,1
4way,ec99fafa879ef0c8,2,1
4way,ecec61ea6943bc94,2,2
4way,edec35360991b518,2,2
4way,ee5dd54a1bdb38b7,2,2
4way,eeb23c2263b622ed,2,0
4way,f130306d45e115a4,2,0
4way,f1afa8fa6e405801,2,1
4way,f36539cb491af03c,2,2
4way,f53b6bfc0afe15e1,2,0
4way,f54e5be73a7b4c3e,2,1
4way,f79c854b1c25014d,2,2
4way,f8db5ab2cb11e8d7,2,2
4way,faf21c3edb9306c3,2,3
4way,fafe1f9c0156cd26,2,2
4way,fc9c61b179025a7f,2,2
4way,fcd21f7f0533b5cf,2,0
4way,fdc5fd5f5582951f,2,1
4way,ff590cf326e111d0,2,1
4way,ff63b3318183164b,2,3
4way,01472b88c5bca3a3,3,3
4way,03f9bc0002860404,3,3
4way,045a7f27f9e479e0,3,3
4way,05d9320eeb934267,3,0
4way,07dc68a128373e5f,3,3
4way,091698e91326387d,3,3
4way,0989258979408ea4,3,1
4way,0a0ab5ec9e8f2034,3,3
4way,0c04885c62e77845,3,3
4way,0c2c4f13b628a744,3,3
4way,0c7acd3c11c7d8d4,3,3
4way,0cc81b444d4133c2,3,3
4way,0cf9f5253172f548,3,3
4way,0dcd4d33d56151f1,3,3
4way,0ed2b48dea446b12,3,3
4way,102603e10b6c8792,3,3
4way,110faaf7b168bd51,3,3
4way,12a8789b4a196e92,3,3
4way,1313c4c107a63af8,3,3
4way,131ba7d260c789ce,3,3
4way,13855942a46b9687,3,0
4way,1535dd201fc2596c,3,1
4way,1731d2ba4f0bc559,3,3
4way,19e7e5e06f308ea6,3,3
4way,1a043d02164116ed,3,0
4way,1a113fb02590614b,3,0
4way,1a90dac5ccd35835,3,3
4way,1beeea7cd0b661c0,3,3
4way,1c4a76ba212f994a,3,0
4way,1e4e336e1141e2cc,3,1
4way,1e4eee826b9505c9,3,3
4way,1e8071e4af722ce1,3,3
4way,1e8c802515794e5a,3,3
4way,21d1614c4ee59f17,3,3
4way,237d7d63487e7b54,3,3
4way,23aed55e993e41ea,3,0
4way,24b152d80a911634,3,3
4way,28643fdb436b9900,3,3
4way,2965ed08dda8a5a9,3,3
4way,29d44dda6dd6ad98,3,3
4way,2a47e19e3d369669,3,3
4way,2c74b91666c28f31,3,1
4way,2ee06c8a67d239ad,3,3
4way,2f8dd7d96bee7c58,3,3
4way,2f9d85005acbb464,3,3
4way,3161d818690f170b,3,0
4way,32503f523b5db6dd,3,3
4way,326e25cc5f0ffaa0,3,3
4way,33036aec0c34511f,3,3
4way,3321c839c500133b,3,3
4way,346bb518b8be784a,3,3
4way,34d54761a249efc1,3,3
4way,35070d9d04d1029c,3,3
4way,39cefb5b02b98828,3,3
4way,39dee2d3b606e0b7,3,3
4way,3a6697ab80d98565,3,3
4way,3b40528260afc37d,3,3
4way,3c27100ff63cb6a2,3,3
4way,3d2ff879b66f169a,3,3
4way,3d755789e75ac2de,3,3
4way,3dd11d827e701c51,3,3
4way,3de799882892277b,3,3
4way,3e55e53886478db7,3,3
4way,3eccd7fc5e679d6c,3,3
4way,4062756ca7b01376,3,3
4way,40dde75bcd9847b7,3,3
4way,41b4fcb76e45d5b6,3,3
4way,4237105e5f257c81,3,3
4way,42a607de67bab275,3,3
4way,42bfb2e195571779,3,0
4way,430f0b1d6b3e5893,3,0
4way,43245851fbd08e0e,3,3
4way,470938433b5918b9,3,3
4way,470a84308affa261,3,3
4way,477ba93c0952b57a,3,3
4way,479a7f2cd4cdae02,3,3
4way,48e77db334f6b910,3,3
4way,4917bae2c69ba2db,3,3
4way,4922397da8fdfcd7,3,3
4way,499481054924e320,3,1
4way,4b473514479c0813,3,3
4way,4b7900fd7f5c2aee,3,2
4way,4cee3501187e8e92,3,3
4way,4d55afadf411e34a,3,0
4way,4ed82e3c6c6e3ab7,3,0
4way,4ed8b78fdccee5f0,3,3
4way,4fb190d904ae3ffd,3,0
4way,500c8b3979c145ba,3,3
4way,50b002766db66eac,3,3
4way,5349738be0cfffac,3,3
4way,53fdd34b16c170ab,3,3
4way,544b94fd50ed0ded,3,3
4way,54dac452c5f12629,3,3
4way,5554f5185ed7e967,3,1
4way,5570a99e47dd062e,3,3
4way,55b6c2fb289a3576,3,3
4way,55da0bb1fa4fc56c,3,3
4way,56544d9fd63f065a,3,0
4way,56b26dafea0d3205,3,3
4way,5a786adf9d030085,3,3
4way,5aa18b7e91b530c8,3,3
4way,5b6cab5b7ac5aec0,3,3
4way,5ce8e089e6b846c4,3,3
4way,5d0df831bbc75621,3,3
4way,5ec30d184f2752d8,3,3
4way,5f3dabf660ef877d,3,3
4way,5f921d8493b0c839,3,1
4way,5fda3a230ee2bbfe,3,3
4way,6147f02f789747b8,3,3
4way,62af7954f2b8d0ab,3,3
4way,642e783f6fb0c42c,3,3
4way,6551d035fd64add5,3,3
4way,66784796406fd207,3,0
4way,69db0afeaf4eb909,3,3
4way,6b96a09082ecc9e9,3,3
4way,6d659580182aa98e,3,3
4way,6e0380df1bc5a45b,3,3
4way,6eb327489b270da7,3,0
4way,7078d9b528fda1b5,3,0
4way,708fde0e490f62a3,3,3
4way,71b50aabb30837ad,3,3
4way,725604cbf23c382a,3,3
4way,74077e383e2a6154,3,0
4way,75d2da8597509a1d,3,0
4way,75f474b530566a8e,3,3
4way,76997797d8f47fdc,3,3
4way,76b3d36296466f5e,3,3
4way,79532a3268d62e9a,3,3
4way,7982ce25558a77dc,3,3
4way,79a10eded665e312,3,3
4way,7c1d74d6dc6999dc,3,3
4way,7c5ecdb50ea9541f,3,3
4way,7c79a5d2093a23a3,3,1
4way,7ea97f337ecacad5,3,3
4way,80c1a200bd4d0e56,3,3
4way,826bfc161ab1c1e9,3,0
4way,826c5a934a7fa837,3,0
4way,82df2515ae727792,3,0
4way,82eddf5eab660831,3,3
4way,8375a6e02cadb92f,3,0
4way,853c03f2e74baf11,3,3
4way,85e416d4bb4f758f,3,3
4way,861db69c37b13b15,3,3
4way,88f4ecca7af81c88,3,3
4way,8956f2b60349bb05,3,3
4way,8afcfc64844c08ab,3,3
4way,8dab4189ae755a50,3,3
4way,8e0679e9cfd36339,3,3
4way,8ef4897276d81164,3,3
4way,9083d5d4e582bd99,3,3
4way,90c8fa3f025bb039,3,3
4way,92ee8862a0d08ed6,3,3
4way,95152dee7e303a3e,3,3
4way,95c1cb692fa12323,3,3
4way,96eef1829aa2b955,3,3
4way,982b48ee33854be8,3,1
4way,98df92ad9634f604,3,3
4way,9a85e6ac73e098d5,3,3
4way,9c65381960f4385c,3,3
4way,9db3c4d9722cdc5a,3,1
4way,9e6820f1d6f16a8f,3,3
4way,9ec3d6a158173e07,3,3
4way,9f16fab9fa1df1ca,3,3
4way,9fa5d346919ce804,3,3
4way,a0093777ba913869,3,3
4way,a02bae19133cb0b7,3,3
4way,a11f28edd117cbb1,3,3
4way,a174d2af80608193,3,3
4way,a18a27dab768356e,3,3
4way,a35ad60d7894022e,3,3
4way,a3724f1901204e1f,3,3
4way,a3ab09c0deb48125,3,0
4way,a46a67d4ba88aa2c,3,1
4way,a4983926c3fd1811,3,3
4way,a571b49e9a6576b4,3,3
4way,a63d322d3f1dc739,3,3
4way,a89dbee166fe426b,3,3
4way,a9548e2b93034a69,3,3
4way,a9d2630526b5a37c,3,3
4way,aa53388b9cec8c40,3,3
4way,aa940aa1077d9a7d,3,3
4way,ac655d46e845b996,3,3
4way,ac696bd25ff8809b,3,3
4way,acff632c9447b138,3,3
4way,ade5a1cdd8e43d85,3,0
4way,adeb7d1228bc8dfc,3,3
4way,ae4ceb3179940371,3,3
4way,b08df1cdcc77f200,3,3
4way,b0ba1a66b91253f1,3,3
4way,b26f1735338947f2,3,3
4way,b3231829b36fe82e,3,1
4way,b373e4798291a18a,3,3
4way,b49e3563356fdc90,3,3
4way,b7a4b55ecb0ef0ab,3,3
4way,b8656394ae33e3fa,3,0
4way,b9bad2a59e1de58e,3,1
4way,bb71321a6052788c,3,0
4way,bbf9003f46ec4682,3,0
4way,bd07d4489f8c0f26,3,3
4way,bd0b1e7da4518495,3,3
4way,bd90743ffb18fa6b,3,3
4way,be3aa2e914b17b7d,3,3
4way,be824d44c26fd83c,3,3
4way,c0502e03b5e7ac86,3,3
4way,c05ed6d1f33340a7,3,3
4way,c15affd9e7daa7ff,3,0
4way,c2f1bcf895d63a23,3,3
4way,c373f90ef5da61ec,3,1
4way,c392352ba1a2db34,3,0
4way,c4edea89dc78d651,3,3
4way,c5fc1e067dbf1baa,3,3
4way,c5fdd2d3a250bcf0,3,3
4way,c616124f55fcda07,3,3
4way,c7257118fc92b7b2,3,3
4way,c8cf355b9cfdc04a,3,3
4way,c953729d01bdac8a,3,3
4way,c95ed93aa4b23de7,3,3
4way,ca25cec1bc442a4e,3,3
4way,ca5efc50a6992cd4,3,3
4way,cb4ea8eac4d32ccf,3,3
4way,cd25101a2d51300c,3,3
4way,cd5cbe1486ef5c90,3,3
4way,ce96a6272193a5ac,3,3
4way,cec1b636368ee51f,3,3
4way,d0d91ebcf9d4e7ea,3,3
4way,d1caac970ebcef84,3,3
4way,d2775f0b593b8394,3,3
4way,d28accf84680f8a7,3,3
4way,d2a3b090e3e4df25,3,3
4way,d3075f83f3fe735d,3,3
4way,d480dcc51f150ff7,3,3
4way,d5b76d3676c2a160,3,3
4way,d5dffac701037377,3,3
4way,d5f3e07d46511669,3,3
4way,d717fd52c52359c0,3,3
4way,d8253d74f62fc487,3,3
4way,dbb3a9fddbab62bc,3,0
4way,dc73fbb430542a98,3,3
4way,dca56d28cf4254e7,3,3
4way,dcb18e19c6a88230,3,3
4way,ddd7307c5c7bca70,3,2
4way,ddfbdb4c30b5a546,3,3
4way,de166b9cdde6c45c,3,3
4way,de963c9db89982f0,3,0
4way,dfb4c9e4c6eb8ec9,3,3
4way,e015a56509127dfc,3,0
4way,e186666195e18084,3,3
4way,e2f3cad0206ace6c,3,3
4way,e3adb5f041513304,3,3
4way,e3c2b7865feefb34,3,3
4way,e62220667f3ec46a,3,3
4way,e649735c32a3d6ad,3,3
4way,e657e3f139a1906b,3,1
4way,e68bab6a423a6c58,3,3
4way,e6f2d2a9de98308a,3,3
4way,e8287046d6f2b953,3,3
4way,ea1400e904cb1257,3,0
4way,ec120c75ff481d5c,3,3
4way,ec289c2366b5e5f6,3,0
4way,ed76e87f0d26ee27,3,0
4way,ee31beed07bcd096,3,3
4way,ee42971303fc7564,3,0
4way,ee714a39552e5806,3,3
4way,eef5aee97a962685,3,1
4way,efca209c4973de62,3,0
4way,f0b9ce3fc38e8955,3,3
4way,f24fdd730122ac95,3,3
4way,f255b39ee4391bfb,3,3
4way,f28aa03d76db3a26,3,3
4way,f50ce2142b6eedd6,3,3
4way,f515fe9bfa5e1f2c,3,1
4way,f5f0670bbeb2ea19,3,0
4way,f7257c84a3b574bd,3,3
4way,f7ffe6ad03bad40d,3,3
4way,fa5baf22cee2ebdf,3,3
4way,fa78653f143297d7,3,3
4way,fa9efec436a689c3,3,3
4way,fabdc8fc9b379be4,3,3
4way,fb855859a07413f5,3,3
4way,fbc7f3667ae6a733,3,3
4way,fc00f8e060911876,3,3
4way,fd9190f6d0797428,3,3
4way,003b97a5bcba2ed5,0,0
4way,006554184c48ad58,0,3
4way,02ee4e6395f030ce,0,2
4way,03423ca5a3472f8a,0,0
4way,03631f2f80903347,0,0
4way,03d9d70a0c4b9021,0,0
4way,06bd001fd21c0391,0,0
4way,06f02cf2580e97aa,0,1
4way,07454964e36786ce,0,3
4way,0a226657b47ab590,0,0
4way,0b1869c246d9f7fb,0,0
4way,0d68bcf86b8950d6,0,2
4way,0f0243cf2d6f62b1,0,0
4way,0f234d8b9c02eddf,0,0
4way,1163195890cd62bf,0,0
4way,13cc10c31415779a,0,2
4way,154d4cf2c8b10810,0,0
4way,168d14a10b5baa8a,0,0
4way,16ef5c4d8ad92b1d,0,1
4way,172709d2fa03da6e,0,1
4way,1773375d4d1a10ef,0,0
4way,17f2e42bc72267b3,0,0
4way,195b35e8f61ebc7f,0,0
4way,195d07050b6bb692,0,0
4way,19d60befe780bd9b,0,0
4way,1a0feb5f164e4e5a,0,0
4way,1b01b61b7cf27185,0,0
4way,1d9d35023e00fb60,0,0
4way,1ea24c55bbb9da11,0,0
4way,1ebb3cb827507603,0,0
4way,202da385a4c56c66,0,2
4way,20cce75a7ca51ef9,0,0
4way,2205989a61caf2b1,0,0
4way,2246e3d3db403b6d,0,0
4way,23b03ef4eea8a83c,0,0
4way,248102be39608cc4,0,1
4way,24f63e769d80b44c,0,0
4way,2532b1b6c25e0255,0,1
4way,25deb9ec2f4ad130,0,1
4way,2659af9181615a8d,0,0
4way,27601e50ca8ee76a,0,0
4way,279db24e269a0990,0,0
4way,294dd9dc6090bc35,0,0
4way,2b1f3af1a386242b,0,2
4way,2d8c772a5980baca,0,1
4way,2ec55073018326dd,0,0
4way,31bb72468fa46bec,0,0
4way,3284bbbfba6ca911,0,0
4way,33e3adbeba9adda8,0,0
4way,37923764f171794b,0,0
4way,37af77a0230592fe,0,2
4way,394639fe9ac0ebea,0,0
4way,3a4cdcd115f766fd,0,3
4way,3aecf82388752a8c,0,1
4way,3c13e1b50408ea5c,0,0
4way,3d42ecea95f6c06e,0,1
4way,3e47f4c150a45fc9,0,0
4way,3eff26a0e980a827,0,0
4way,40858be6f56f0040,0,1
4way,4232406da4df02cc,0,1
4way,441e5ab894ef91f0,0,0
4way,44b82c45cde329b4,0,0
4way,45a7236f2a146149,0,0
4way,46dd1d8aa077c9be,0,0
4way,48f0d36aa027060b,0,1
4way,48f2af64cb7f8242,0,0
4way,494633a77e5ba64c,0,0
4way,4e1132fcda35a923,0,0
4way,4e7e71027d3ac059,0,0
4way,4ea8081547063224,0,0
4way,50dd93f0299cc531,0,0
4way,53513b7e766e57df,0,2
4way,5416fba07fe4b77b,0,0
4way,546bf45caf2c6d36,0,0
4way,571f04063c72f172,0,1
4way,59fe674ec02cdc39,0,0
4way,5a63945e81f355b5,0,2
4way,5b60f8fabd3592f1,0,0
4way,5b6e39963eaaa579,0,3
4way,5dd96103f20b5773,0,0
4way,5e67a29a632dba25,0,2
4way,5eb348a4e31fa677,0,0
4way,5edd376efecf4ee6,0,0
4way,5ffd1662c0231b09,0,0
4way,61d7e3f62fb00e3a,0,0
4way,63592583b562296b,0,0
4way,6422dca57f2b0d63,0,1
4way,6423a7fbe3f271d9,0,0
4way,658e5a7c37d3713e,0,2
4way,6943f727f320db60,0,1
4way,6a3f27e77ac2e0a7,0,0
4way,6b9a476214f9384c,0,3
4way,6be0d6d5dc0477e9,0,0
4way,6c7bc3fd6f21f8da,0,0
4way,6ccd5c7659d67f83,0,1
4way,6ce44d32b0f80e56,0,0
4way,6ddb5546940d8934,0,1
4way,706c89899fba7504,0,0
4way,70fa07e007bfb8eb,0,0
4way,72f22339ea8a0e03,0,0
4way,733508d1a8d18cc2,0,3
4way,769c155b8260bf37,0,2
4way,794dadef8a281be6,0,0
4way,797a90c9c36093a6,0,1
4way,79d67825899e968d,0,2
4way,79dc0f012d2de8fb,0,2
4way,7af803acdf382caa,0,0
4way,7e422230b5c6924c,0,0
4way,7f13c6815816d947,0,0
4way,82b6b665a50ae87b,0,0
4way,83576a82d1c31932,0,2
4way,846d097c810f27e1,0,0
4way,885a86aa2a9c13db,0,0
4way,8adeb7d5d4183de0,0,3
4way,8ca190bf89a4051d,0,3
4way,8d851d72a60086d8,0,0
4way,8eb62a9d6de4b291,0,0
4way,8faad11d67955907,0,0
4way,8fec0daddd275869,0,1
4way,92aed63479e7f402,0,0
4way,92fa0f37f31d36ad,0,1
4way,932c66b50f51ff11,0,0
4way,938d1a5bfa5a4120,0,3
4way,93fa979f525de18a,0,0
4way,95f30d41fe867874,0,0
4way,961e32541132076e,0,0
4way,96baee933e068cc2,0,0
4way,9872ca279ebf4ddf,0,0
4way,9a663b7580292728,0,0
4way,9bd831f78d72c659,0,1
4way,9d36bc41e15633e1,0,0
4way,9f69447a46985cea,0,1
4way,9fda3a2da3ad15a8,0,0
4way,a01658522745ff1c,0,2
4way,a111b6ec0778886b,0,0
4way,a1b9d8e215f21bfd,0,3
4way,a224c1b76dfa1105,0,0
4way,a2d7caf133a65c5e,0,0
4way,a369c062b5c9cf8b,0,0
4way,a4b6013988684e0d,0,1
4way,a5e7c00d93c4e740,0,0
4way,a70c53f44a61be40,0,2
4way,a9a99b070c810cbe,0,0
4way,ab6cf585fc875898,0,1
4way,abdc64d3e436b9e0,0,0
4way,ad15f15068625cd4,0,0
4way,b0632666445a02f2,0,1
4way,b14cce2e5ffae5f5,0,2
4way,b2e5fa290b826239,0,3
4way,b5872304aa7717db,0,0
4way,b6e3246d99b95460,0,1
4way,b7e2d7c03f91c7c9,0,0
4way,b9627ea655315df2,0,0
4way,ba0481e43594f756,0,0
4way,ba27adb71ab3ceec,0,0
4way,bba5de36030025ad,0,3
4way,bbf1135509b90a56,0,0
4way,bc5d5de3787e6f3f,0,0
4way,be47c619885625c3,0,2
4way,be66f6f8be6f956f,0,2
4way,be6f29f5e3829539,0,0
4way,bfac10aa45093bbf,0,0
4way,c0eb23e64a6a6320,0,0
4way,c27589147aaa2ac8,0,0
4way,c33fa55e8fbf8e72,0,3
4way,c360bf760bbc1e10,0,0
4way,c4c3e20dfc3a7b3e,0,0
4way,c6314c9ddd66f680,0,0
4way,c7b8d04e45ed7b42,0,0
4way,c8c173eef05613ac,0,0
4way,cb59660758d990ed,0,0
4way,cc4261e63734c441,0,0
4way,cd53ce04c2b5bd63,0,0
4way,cdbca0954bf77728,0,1
4way,cdcf528a5adcb735,0,1
4way,cdd82233b2b21c35,0,0
4way,cf3aca3397a12b42,0,0
4way,d1f2a93f09c89e68,0,0
4way,d2f8a8d7d355720a,0,0
4way,d4befa006e2a228d,0,0
4way,d5b0e31e692d7540,0,0
4way,d5f94d9bb038e41a,0,1
4way,d806bce04022b6bf,0,3
4way,d82d8d96c572690c,0,0
4way,d9fde51ecb848113,0,1
4way,da4cda163e7be933,0,0
4way,dc0c88c2f27a6151,0,3
4way,e071179b5714ed08,0,0
4way,e0a5997efa78fcd0,0,0
4way,e22d6a539498f41f,0,2
4way,e474734e4f815bdb,0,2
4way,eac8ea9c9ce4b96e,0,3
4way,eb5a1ff745a86438,0,3
4way,ec47446154881d01,0,1
4way,edcf6ad2348e5db3,0,0
4way,f00aebea2071b6a3,0,0
4way,f072a45c0e0e713c,0,0
4way,f192d39570aa6ebc,0,0
4way,f59fe25e474812bb,0,0
4way,f853fc1f59e6bacc,0,0
4way,f93fbc985a5317b6,0,0
4way,fa7b9747620059d9,0,0
4way,fafbddc6b2231bfe,0,3
4way,fd9413469e0973fa,0,0
4way,ff099b13c6b5c0ae,0,0
4way,01b3b98783ba1f18,1,2
4way,01bea2a6f54bc6f2,1,0
4way,04ef535f8c8f1b27,1,1
4way,0589b3a0af6de33e,1,2
4way,07028e0c7e8566e9,1,0
4way,0740c95bc99d6b78,1,1
4way,084d8cc722b03ce9,1,0
4way,0901e7b1eee4b3b3,1,0
4way,0be6198b2f212fc5,1,2
4way,0d2c7946e49cb484,1,1
4way,0eba4142a4f70568,1,2
4way,0f3829c4e910afb2,1,0
4way,12c57a0993f69912,1,2
4way,13af54b010b9291b,1,1
4way,16074f5240f29f45,1,2
4way,173784033b228ad4,1,3
4way,18337d8bcc5000a7,1,1
4way,1a531343eaa39cae,1,2
4way,1ea32c30b94503a5,1,1
4way,1f759b9f777f38ac,1,1
4way,1f7d5b8c116b834e,1,1
4way,1fc6b45d70d3b28a,1,0
4way,20f86d85baac0f87,1,1
4way,2127ff281a38e1f4,1,1
4way,23e66f28288166a8,1,3
4way,240eea080e15a554,1,2
4way,254f65650e08261d,1,1
4way,26396fbb117d1bd9,1,0
4way,2b31293e3738b673,1,0
4way,2b67f4ba10a2813e,1,1
4way,2c3fa66bd46d8784,1,1
4way,2d0c35d6cedc26c4,1,2
4way,326e8586eb66d211,1,1
4way,33e2294ab421399f,1,2
4way,3424f7d2c2027309,1,1
4way,3613efe93bd9981f,1,0
4way,36fb27901f5e246f,1,1
4way,3798a7987c261efb,1,0
4way,3a44219fb6610341,1,3
4way,3cd492f6e0f398dc,1,2
4way,3cf4cf5d1803e6ff,1,1
4way,3e654f9aeff24f47,1,1
4way,3fd044af8dabb09f,1,1
4way,4152fb2cee666ab6,1,1
4way,426daeca5200bb5b,1,1
4way,43798f8fdd338335,1,1
4way,43a5f80a53500945,1,0
4way,46162b0bf15288a0,1,1
4way,477d3df76a8fe3c9,1,0
4way,4b4047ed99bcda25,1,1
4way,4e246ecafec234d2,1,0
4way,52410fd9b3478060,1,3
4way,52597337393e31da,1,1
4way,52ab5dd3f84ddbfa,1,1
4way,53ef0bebad70021f,1,1
4way,54bb86beb516de05,1,3
4way,556621465b4724ff,1,2
4way,564885a9880875f5,1,1
4way,5873a209ebabeae3,1,1
4way,5ae162eb076652da,1,0
4way,5de8a666173e21b2,1,1
4way,60cf9137b90ac660,1,2
4way,6206f77a94c0b9ad,1,1
4way,6283aaeea7a15438,1,2
4way,647c28c23e5ffcb8,1,2
4way,66cc8e5bd39831b6,1,2
4way,6730d89687690e32,1,3
4way,67dacdbd133d5073,1,3
4way,695bb02db95db6d9,1,2
4way,6a6a6685ed752d44,1,0
4way,6ac02e1158de67cd,1,1
4way,6bd4476a527d5298,1,0
4way,6be09fa8a65c67dd,1,0
4way,6c954cf5c49ee22a,1,2
4way,6d05e6a5708149a4,1,0
4way,6fcaa0c805e7a78e,1,2
4way,70ae5e3422bff2f8,1,0
4way,71059e60cfb038b9,1,1
4way,71a6c617d9d40da6,1,1
4way,730764a0009d9b49,1,1
4way,7484b5df2b3e3013,1,1
4way,7522f06e55381b9b,1,0
4way,7686cacab58d0255,1,0
4way,77135a5fa3930836,1,1
4way,783c90f72375d614,1,2
4way,7a431675b15c7902,1,0
4way,7a4b5a7b094c7ccf,1,1
4way,7c5e1eb7d99dc6b3,1,2
4way,7c812800db004b9d,1,1
4way,7d01bbbb5e41cff4,1,1
4way,7d3e2ec9a7ff9252,1,1
4way,7dec88f276f10b00,1,1
4way,81433b195000bfec,1,0
4way,8263e2477b7d19e5,1,1
4way,8623eebe4048a488,1,1
4way,868702b626c25338,1,1
4way,87b8898646077e8b,1,2
4way,8815d211b59b777d,1,3
4way,899a5d34e028b7bb,1,2
4way,8c02bb01d01ee4f6,1,1
4way,8c4f014220614f52,1,2
4way,8e084566e50de2dc,1,1
4way,8e0c33d1769f733b,1,1
4way,9016986d866851fa,1,0
4way,904979509fab370e,1,1
4way,908f0a2d3a596e76,1,2
4way,90b20c0c49d04f35,1,0
4way,92ea887cce8fb59e,1,0
4way,9360857067b54674,1,1
4way,945171f3e951e4c4,1,2
4way,9549872a62a3a48a,1,3
4way,95f54d971828ddab,1,2
4way,96f3afcd7b5ffde6,1,3
4way,991395a48816d173,1,1
4way,99db5297a556f6ec,1,2
4way,9bcee540d8d5e7bb,1,1
4way,9d5a066377bb4441,1,1
4way,9d91cc25757b8ede,1,0
4way,a8307105b11472da,1,0
4way,abbecee469bfd679,1,2
4way,ac09e2767460f7dd,1,0
4way,ac31b13c32e0fdd5,1,3
4way,ac9d32f43d48a45c,1,0
4way,addd2e0ced2aaa9b,1,2
4way,aeb5e8f8630c7be7,1,1
4way,aeb79c98f72c873b,1,0
4way,af99767feb267875,1,3
4way,afb6ea8d031c0699,1,1
4way,b1f2dfdbba4f0b61,1,3
4way,b26912842e1240b7,1,0
4way,b2b87421b9881258,1,2
4way,b3fa895fcddc31f1,1,1
4way,b55df74fcc3a05db,1,1
4way,b5a94950f35a0e31,1,1
4way,b8e8044203555d52,1,1
4way,b9f49a9f4af92b61,1,1
4way,bc49fe196b3b3207,1,1
4way,bec180523c6855b9,1,0
4way,bee013488f81e4a3,1,2
4way,bef696ed237b6da1,1,2
4way,c0ff750120b1bee4,1,0
4way,c16d9d4b254c4a16,1,2
4way,c1acb8205def548b,1,3
4way,c3787989d23b12b3,1,2
4way,c3d940733a07dc18,1,2
4way,c4917c2e5fbf0497,1,1
4way,c53ed04d7d1d5ca4,1,2
4way,c59d1cf463a08e00,1,1
4way,c5e1f179478608db,1,3
4way,c6fd2fc9f0226aff,1,2
4way,c9c9208869f1d75b,1,3
4way,cad1807b69c95ae1,1,1
4way,ccc0d26a470961a9,1,0
4way,cd8241f33041f34f,1,1
4way,d15153a395f4da7d,1,1
4way,d1d2755a7a4b1c67,1,2
4way,d2d57002a8e796b4,1,2
4way,d67d3fa84ec4455a,1,1
4way,d776e573ca55c9e5,1,0
4way,d77e5784c1df230a,1,1
4way,d811880151aaf846,1,2
4way,da35d1b547a28d40,1,1
4way,da522a349e8f967f,1,2
4way,db2bfdc69a6c1775,1,2
4way,db7d32a5bef0a2d6,1,2
4way,dc516feb7ed35e10,1,0
4way,de0baa2110ec056f,1,3
4way,de3d054623b13e56,1,0
4way,e03a82c0a8d5c820,1,2
4way,e150a7eb172d10d0,1,0
4way,e327692de1e8cf69,1,1
4way,e4219f469668dc3e,1,3
4way,e5dbafc18faa67f6,1,1
4way,e5dd027e5ffac4d0,1,1
4way,e713b19b7b607799,1,0
4way,ec0e1738b8c32167,1,1
4way,ec722ab4a6c1a834,1,3
4way,edd9581f2cc41bca,1,1
4way,f0ee161e0631710d,1,1
4way,f14f3ef995977a7d,1,1
4way,f21ec721d72ed16d,1,1
4way,f2f9ac63b432d0de,1,1
4way,f42c327cc5cf1e49,1,2
4way,f46d5c5542054546,1,3
4way,f4fddf09b060db3a,1,0
4way,f5ea3b4c49c3a674,1,2
4way,01c757744626fb06,2,1
4way,03a969e6b9c9550f,2,2
4way,055428f2493614aa,2,2
4way,06d3ec65f60ea38a,2,2
4way,06db5c75bf52f42f,2,2
4way,08d96015e798c5d6,2,2
4way,0c1a965c54d7352b,2,3
4way,0d7af382bae7b835,2,1
4way,1099427a607d9d1b,2,3
4way,12c02d4e6b836e30,2,2
4way,1480897ace9b0ace,2,0
4way,15b0833de256e491,2,2
4way,1685d127ba0173f7,2,3
4way,18a3885400a132de,2,2
4way,1bb6c6055cd626ff,2,2
4way,1e14087e1d94c9bb,2,1
4way,1f66ea2b22ec8915,2,0
4way,1fd71b2f00f91c85,2,2
4way,214eba4304468aa7,2,1
4way,26d7188662a143f4,2,2
4way,276d427f8c497214,2,1
4way,2a8d4c5a1f349567,2,2
4way,2a94cd4744cb1ad9,2,1
4way,2aa007457f7d6e3e,2,0
4way,2b306f975ddb5563,2,2
4way,2d0d208b68caa437,2,2
4way,2d87b33e03838fe8,2,3
4way,2e4bbc99ef7a6225,2,3
4way,2fd5b92e44454e32,2,2
4way,30dbb3abe80d98a2,2,2
4way,337eabed7eb46076,2,2
4way,340fcdc34040fbd1,2,2
4way,37532f828ba2d486,2,0
4way,39873524a6a9deb5,2,2
4way,3a92a49c8e2bfaa4,2,1
4way,3c551222fba74696,2,0
4way,3ca099117c405de1,2,0
4way,3cf50aa3f47a8d9d,2,2
4way,3e18b2ce59680c66,2,0
4way,41a15128cc551f7c,2,0
4way,4d9557963e15cc98,2,1
4way,4e34296ec44f06e4,2,0
4way,4f3b0ffe8a63e88f,2,2
4way,535ba9135c5df89f,2,1
4way,571dbd4b3f1ae996,2,3
4way,57dd66d6e815f4d9,2,3
4way,598bff4630a35a8f,2,2
4way,5a27de2602bfb05b,2,1
4way,5a5733749099ad73,2,3
4way,5a9fe4eab73ccdac,2,2
4way,5c118842b08ed2f3,2,2
4way,5d56532c2d49f904,2,3
4way,5ebe2896dda1e125,2,0
4way,6758ba7589b2a883,2,2
4way,683ab7ed6e8c09bd,2,2
4way,686f2fdacc7de810,2,1
4way,6980649cdd8bfdc6,2,2
4way,6b6c7b1547ea7a22,2,2
4way,6e4fc600d7ceee1c,2,2
4way,6fd4aa10fc39346c,2,2
4way,710efe0b55e17453,2,2
4way,76cd39137a770c4b,2,0
4way,78950374da966789,2,0
4way,7aaf1461c835e24f,2,2
4way,7d971189235a07f7,2,1
4way,7e57e47941ae4572,2,2
4way,7eb25281409ef1ec,2,1
4way,7f4c36984af7cb32,2,2
4way,8084f2fdc37085a1,2,2
4way,81d385002abdcf08,2,2
4way,8249b3de6c54df8a,2,1
4way,83584870a30728b7,2,3
4way,855f8d9b666db3eb,2,1
4way,85ec1674249ba737,2,2
4way,86025b90e55d984e,2,2
4way,8864d7dc0b23aeb3,2,3
4way,89fd5ea2963fcec4,2,2
4way,8b175af1cb1b00e4,2,1
4way,8bbe95de8794afca,2,1
4way,8ce15022daa1fff6,2,2
4way,8ce623c90c2a8943,2,2
4way,8e276fbd31ab35e9,2,2
4way,91644ade01e44988,2,0
4way,92014ea03fc98f78,2,3
4way,9212f613a826dbbc,2,2
4way,94f0c60491346180,2,2
4way,964535e7fcf568e5,2,1
4way,9a52423366c2a9b3,2,1
4way,9a86c28efadfcad3,2,2
4way,9b68ec2478530dcf,2,3
4way,9b88b32899c8c0b2,2,2
4way,9de191b3a11f90a0,2,1
4way,a40081a822eb98d6,2,2
4way,a48c4e10f6cb50d6,2,1
4way,a54b2dbf120c21c2,2,3
4way,a621f56b6d55119b,2,2
4way,aa3cbe39461d2e30,2,0
4way,aac1f4ad60d6a696,2,2
4way,af28a924ae7c79a8,2,1
4way,b020c360880cd173,2,2
4way,b1c8bdc259c2e8c8,2,1
4way,b3b0a89085113ec3,2,1
4way,b50a7ecc08a999f9,2,2
4way,b520eb3bc75536c9,2,2
4way,b795af5fa53591c9,2,3
4way,b9e521b2ea1de85b,2,1
4way,b9efe6411a059582,2,2
4way,baa77be8d1b3fe2d,2,2
4way,bc41b8db67497b4e,2,2
4way,bc4648bbaeaa325e,2,2
4way,bccdcea71b6ab632,2,1
4way,bf7e25139a9a7eda,2,2
4way,c14843b1d6975e72,2,2
4way,c34d73408deebf32,2,2
4way,c37570a33558371f,2,1
4way,c5eddaf87d2c5d0d,2,0
4way,c65f4160a127368e,2,0
4way,c78bc85e6e779982,2,3
4way,c7f9019f4a483e31,2,0
4way,c9047848d105f8b1,2,3
4way,ceeb4f2ad9693bc5,2,3
4way,cf2370c9b1613e91,2,2
4way,d1e2917cc63286a9,2,2
4way,d22199f222955071,2,0
4way,d3047634c9b2d600,2,2
4way,d380343408941e48,2,2
4way,d43f66b56f742b4c,2,2
4way,d5d1f9e2018e9e5d,2,3
4way,d77bb8ed98b1dca2,2,2
4way,dbdc15b75728ff0a,2,0
4way,dc27025cdd9f7020,2,2
4way,dd2cf772fe38c6d8,2,0
4way,dfe091c981e4420f,2,1
4way,e0e019cb0b4d784b,2,2
4way,e20de1a08764978d,2,1
4way,e26ea5775aca7768,2,0
4way,e2a58a1e78e5005f,2,2
4way,e44eb49bdf853664,2,2
4way,e5aa9b1e42b63674,2,3
4way,e5b3a356aaa11a10,2,2
4way,e66db1310b6f6255,2,2
4way,e842f27600e11f8a,2,2
4way,e9f2fe6ebee9bfc2,2,2
4way,e9f6ff68361c3e84,2,2
4way,ea3c3a871c046979,2,3
4way,f0ea1d6a9c6cff9b,2,1
4way,f2b836c9061cd97f,2,2
4way,f347a2a9e0eb3b16,2,2
4way,f38b820b8251ccc5,2,2
4way,f45872fa46858f8e,2,1
4way,f473c84ebab7f4a0,2,1
4way,f769ce623532432b,2,2
4way,faebb5e8dd67ea9b,2,2
4way,01ab8ff76f278561,3,2
4way,01c5df879f74d491,3,3
4way,037484bc29473e6b,3,3
4way,03b7a90a938c3f9a,3,3
4way,03ce605909386c24,3,3
4way,0662ee1752a23148,3,2
4way,071bdd980629331d,3,2
4way,0744862f5fe3c7c9,3,3
4way,07a2e47e2bf1ab04,3,3
4way,09204fdd35d390eb,3,3
4way,09bfdd3ee9d3e2c4,3,3
4way,0ad328650f0e43cc,3,3
4way,0b9851b40570aa7c,3,3
4way,0c73e51097476bce,3,3
4way,0e6584f457ebdf06,3,3
4way,13a98146f58f90cb,3,3
4way,13ebbdae6497c00c,3,0
4way,14731f897f9dc5fc,3,3
4way,149b0e71a85fc121,3,3
4way,17e78748a23abaff,3,3
4way,1a349ed2a0eab75f,3,3
4way,1a81e2245edfce88,3,3
4way,1a9e2ed275fdeed5,3,3
4way,1b9afdc806d2c3d4,3,3
4way,1c89adc2aa8808b8,3,3
4way,1d1b60a207c28d84,3,3
4way,1ed5bfdd7ed18d08,3,3
4way,220e9cefae19fbf8,3,3
4way,224433a463849cff,3,2
4way,24bca3120e60fa51,3,0
4way,250f7ff7b2e930ec,3,3
4way,256912e757aaed42,3,3
4way,27c186a180906cb0,3,3
4way,281f8053b0673f0f,3,0
4way,2895f6be42dea45a,3,3
4way,29215b54ac12cc77,3,3
4way,2c55f2111a2780a2,3,1
4way,2dd7442beeca1d4b,3,3
4way,2e31f235475c796a,3,0
4way,2ec64a4a871e2c2e,3,3
4way,2ede1cf067715c4c,3,0
4way,30b021a889be2abd,3,3
4way,30f3e32d579b6abe,3,3
4way,344d8662e82e06b1,3,3
4way,36ba40230b4472db,3,0
4way,370c4630199d411d,3,3
4way,37c31305718cb209,3,0
4way,38028fd559ddb19f,3,3
4way,3996ec1a4e96341f,3,3
4way,39be4dc1b4a27dd7,3,3
4way,3f19087871fa6359,3,3
4way,428240c6af22c668,3,3
4way,44a62edf05be227d,3,0
4way,44daf23a857bef5f,3,0
4way,4536adc81ab3fdbe,3,3
4way,46c9d16c1d85fcf1,3,3
4way,48900d5097e556ad,3,3
4way,4af0d3b78707870b,3,3
4way,4b1bf1ba07b50f90,3,3
4way,4b790dcdbb069935,3,2
4way,4d543d6a53a80c76,3,3
4way,4db69642c826d98f,3,3
4way,4fde5318bad06abd,3,0
4way,510f8aa392a6e6f8,3,3
4way,5241e46d2eab8c56,3,0
4way,5296e2efa7f8015c,3,3
4way,570b924787edaa20,3,3
4way,58157e98ecd3c088,3,3
4way,58970a467e103994,3,3
4way,5a5d36f67a4fede3,3,3
4way,5ad012f4ecb7dd7f,3,3
4way,5b3ac2cb5ea79be5,3,0
4way,5d520065bef491a0,3,2
4way,5edc3116c90a0c2a,3,3
4way,5fbafbf3a1190dbf,3,3
4way,60442580dabed15a,3,3
4way,613f40b1b14f4593,3,3
4way,64884b9ae9bd062c,3,3
4way,67265a34f7194e7f,3,2
4way,68479a4aff491b6f,3,3
4way,685edc709f4f14eb,3,3
4way,6866090842976802,3,3
4way,69eec732fbc85fce,3,3
4way,6c2ebd3953d42a4b,3,3
4way,6f6dbf506ce99423,3,3
4way,6f874445d8fe42d7,3,3
4way,7179fa8a420a724a,3,2
4way,7186d371fcff9fdd,3,3
4way,7230c2a90d7b94af,3,3
4way,734f882ec476329d,3,3
4way,737a1a0c0f542cb7,3,3
4way,76b01f26b4cca79a,3,3
4way,7c139d29efef869b,3,3
4way,7dac94bcc8caf79f,3,3
4way,7e46b399fe930ffb,3,3
4way,7f614e715cddf5b1,3,1
4way,8074fc143c111f12,3,3
4way,813212f21533f1a8,3,0
4way,85a2b55bceb59271,3,0
4way,87d72f9243f29f8d,3,3
4way,8bc85bfe8db5cf4c,3,3
4way,8c561be78b31a0f5,3,0
4way,8e28487399d8ead6,3,3
4way,8e95b36c1ca80cc4,3,3
4way,8feae373e696a826,3,3
4way,91099b346ffe4422,3,3
4way,91b8ed5811f93616,3,3
4way,9351318265d1637d,3,3
4way,95f664e2cfae07ee,3,0
4way,97a1bf99a4c8eb14,3,3
4way,9880cd89315b5f47,3,3
4way,993d0a6887df37e5,3,0
4way,99b7e9c2b8f717fc,3,0
4way,9b030cb6d96b5327,3,0
4way,9b392e3d215776ac,3,0
4way,9b7661e1d86ac471,3,0
4way,9cd812f2a967356f,3,3
4way,9d46d445d0fbaacc,3,2
4way,9d73232fe26250eb,3,0
4way,9e2852eb38ac23f5,3,3
4way,a1369a5ff6591cc8,3,3
4way,a3b876bb1aff5e09,3,3
4way,a745cac5626c8a7b,3,3
4way,a782875a48b8ea87,3,3
4way,aac2bdb6ea6cfbf4,3,3
4way,ab131761514484cb,3,3
4way,abbf4125696aa096,3,0
4way,ac314da6ebf6a792,3,3
4way,aca9787e9ab4f8ce,3,0
4way,ad80e30c5a377e58,3,3
4way,addfd00cd225715c,3,3
4way,ade4647b6f810cc3,3,3
4way,af9c5e09260bde20,3,3
4way,afb10780a01f59ee,3,3
4way,b21c6ee1e5a515a7,3,3
4way,b316c33c644fec80,3,3
4way,b7567c766b83a5b0,3,3
4way,b91864947da02d0c,3,0
4way,bcd08db62833427d,3,3
4way,be628bb5891fd2ec,3,0
4way,bec97df2b78ccbf1,3,3
4way,bf2e72ec1b0416e8,3,3
4way,c01cb555e8188341,3,2
4way,c34a52981224d11f,3,0
4way,c3fdf38719ab6c29,3,3
4way,c8b213fbb8963a6b,3,2
4way,c99848e80206e4e8,3,2
4way,ca3a309cdc0d0106,3,3
4way,cb1fd6feef6c8f41,3,3
4way,cb38e93625507af7,3,3
4way,ccba5230bc5174a1,3,3
4way,ccec9ad782b3a082,3,3
4way,cef6a63515d50a2c,3,3
4way,cf304a3dcb5c8ba8,3,0
4way,d0c2bdd5eac14a16,3,3
4way,d3af97db31ae125b,3,3
4way,d6129b3bbb8b37cf,3,3
4way,da400104bcb3ae85,3,3
4way,da542518513f4c5a,3,1
4way,da68e592eb2b7fd5,3,3
4way,dcd21a9a31843c3f,3,3
4way,dda3d1a2e0b9e50e,3,0
4way,de2d54f5b53fd96b,3,0
4way,e04d75c764f60de6,3,3
4way,e4f6ef260fd1f00e,3,3
4way,e5c73f36e26cff78,3,2
4way,e9724c5975f663cf,3,0
4way,e9c225617f4f1d93,3,3
4way,e9d31f89a8f003a5,3,0
4way,ea94177b99fe66bc,3,0
4way,ecf0e9e31bdbeaf2,3,0
4way,ee9ac00292b8861d,3,3
4way,f1383d7e2c49b6d3,3,0
4way,f28936dcf43e4972,3,3
4way,f583970e40c74299,3,3
4way,f5a33564ec98a0ed,3,3
4way,f63ea1bd96d36e6d,3,0
4way,f89fc71dddf62fd7,3,3
4way,f8c9375a5c296604,3,3
4way,fbff9d0aeecec51b,3,3
4way,fd8569f916003950,3,0
4way,ffc047c5010cca91,3,3
4way,003c7b81271b4aad,0,2
4way,020ba678c5d12a5b,0,0
4way,020db60a97b61703,0,0
4way,0239a0dd378451f5,0,0
4way,042a88133bb0c863,0,0
4way,0536ba9e6027cadd,0,0
4way,063e19eb7448be15,0,1
4way,08785b58ce153e6e,0,3
4way,0a191e6ff24f8e35,0,1
4way,0cc84bc43af40c98,0,3
4way,0d86106d597b3f07,0,2
4way,0eb091816dbc94ae,0,0
4way,112588fc5ac6224c,0,0
4way,12b379c37347cba4,0,0
4way,13703e430c04ed9f,0,3
4way,14e5d143d3722894,0,3
4way,178b99130ac6f67a,0,1
4way,1847a7c58e5f9406,0,1
4way,1951bb91d3ee91ed,0,3
4way,1b8eca0319ba418d,0,1
4way,1bc996624cc98e24,0,0
4way,1bf0d5e27ead6153,0,0
4way,1ca7958aeccc7055,0,1
4way,1cc42be05b743d7a,0,1
4way,1d37c1797fee0a91,0,0
4way,1dd1a6d1faae3bd2,0,2
4way,1e49f5846ce183ec,0,1
4way,1fbae71974fba6cf,0,1
4way,216dfe835e4d7315,0,2
4way,219932bcb5259bbb,0,0
4way,21e54d93e0f3f412,0,0
4way,2266da1db3ff9fdb,0,0
4way,258f5efac657d8c8,0,0
4way,27193bff5e3b20f5,0,0
4way,28740042538a1063,0,0
4way,2b2ee00be98cd4ad,0,1
4way,2b4e60bc47a686c9,0,2
4way,2ba43b6cfc8f08b4,0,3
4way,2c0ad5e003b0cbaa,0,0
4way,2d409db2dced29fa,0,0
4way,2d5eefb64a58329b,0,0
4way,2fe0cdd9d8f779c3,0,2
4way,3266c7efb39a5346,0,0
4way,331e9fe2638e5e8b,0,3
4way,346afae85abcd252,0,0
4way,35dd80d4e10079b6,0,2
4way,36e545bc6e433e30,0,1
4way,36fdd2a9885f0165,0,3
4way,38fe96b87ef17f56,0,0
4way,391f5be23ee01fc0,0,0
4way,39323400a92fb1fc,0,3
4way,3bf2a84be75e8564,0,0
4way,3bfe0600cd4ff83d,0,3
4way,3ce5efb5fd6081c3,0,0
4way,3e1208b764505569,0,1
4way,4046e54a1be36c5f,0,0
4way,404befaf8073d0d2,0,2
4way,416e56bf71b528b3,0,0
4way,42b857fb71db6ae4,0,1
4way,442a255e5c58c4a6,0,3
4way,477216ec57fb08f4,0,0
4way,47838289916dfcd0,0,3
4way,4828642f8f03e05d,0,0
4way,484439eda3ce5b8f,0,0
4way,489cd6d4b7e98076,0,0
4way,499c9d2d03b22800,0,0
4way,4a20dfd63b1dfa55,0,0
4way,4b5084d5a5741e9a,0,2
4way,4c3d543e463285ee,0,0
4way,4c4fbf05c56cc046,0,3
4way,4f8ae54c4d5fc827,0,1
4way,51a509c0823b5b76,0,1
4way,53f5da31737f6fc3,0,3
4way,570a49ed38762a74,0,3
4way,5873066e01e030c2,0,0
4way,589c41eca3a9bb55,0,0
4way,596ed453a8806371,0,0
4way,59949b4368e2e22f,0,0
4way,5a2714173912bb8c,0,0
4way,5b17bfa9fd510149,0,0
4way,5b1de351faab10e0,0,1
4way,5cb29e7a17ddc6b8,0,0
4way,5d0578d955bd408e,0,0
4way,5d60d338593eb872,0,2
4way,5e0af7061fc346fc,0,0
4way,5e29524756c84733,0,0
4way,5ea5392dd977eed3,0,3
4way,636545b0f33e5c1b,0,1
4way,63ba23e183034549,0,0
4way,665302e9fca198ca,0,1
4way,665eb747ea2dd8a9,0,0
4way,6750f409781df445,0,0
4way,6776dde136a2c938,0,0
4way,6896b60d8b0155e1,0,3
4way,69c73d7ac5658485,0,0
4way,6bfae5a48ec1b94a,0,0
4way,6c1dc45ea4e832a4,0,1
4way,6c982ab6eea1b56c,0,3
4way,6d4035688436e92c,0,0
4way,6dacfdec67b33961,0,1
4way,6f5f37940b67242c,0,3
4way,6fd11d161263d09e,0,0
4way,700703acac1e7442,0,0
4way,726c8766d36dd86a,0,1
4way,73bfc11e073c9795,0,1
4way,74b399c92e3c37b0,0,1
4way,7538538d38083f06,0,1
4way,75d3bbdfe54bdb7c,0,2
4way,76148c5505114a7c,0,3
4way,765a0d1fff2c4dd4,0,1
4way,76fb47414373dcee,0,0
4way,774a6dc0d6b16226,0,0
4way,77eced14290a34c1,0,0
4way,7e1fed2f479f9c13,0,0
4way,7e2adbc51cc6843c,0,0
4way,7e5c62c658fde238,0,0
4way,812f4b66c9b11e58,0,3
4way,81aa27b56786801e,0,1
4way,81d4f73655cda97c,0,0
4way,8201e5e8f573da24,0,0
4way,82fba8d09f56c69c,0,1
4way,83c12571dfcdc3da,0,0
4way,866607f470d4075e,0,1
4way,869200cdf574b961,0,1
4way,86e479d257656f6f,0,3
4way,873f88611693401d,0,0
4way,874a7c22e70277fe,0,0
4way,883190bc72591fce,0,3
4way,89d8d0a6e539232c,0,0
4way,8ae8dafae8e4f31c,0,0
4way,8c20a88becc17513,0,0
4way,8cb892be72976760,0,0
4way,8cdab7c2f62e7e34,0,0
4way,8d79611bd8f47bcb,0,1
4way,8ff0987ae36d6ad8,0,1
4way,90be4f1313f88004,0,1
4way,927fd39c2b40e69a,0,0
4way,92cd4a9c9ea49c9d,0,0
4way,932f5d019a68f1b4,0,1
4way,96de618f8a63c7dd,0,0
4way,981e994548ddc796,0,1
4way,996684adcf1a3961,0,1
4way,996cb955168a7334,0,0
4way,99ed2ed7120deed5,0,0
4way,9a2fc70b8c130f4f,0,3
4way,9bc2dc3185f93554,0,2
4way,9bfe41857218f555,0,1
4way,9c69626d5e239071,0,1
4way,9c6ea951bfed3ee1,0,0
4way,9da7fcb1e66a05c8,0,0
4way,9e3591d1d47bb3c0,0,1
4way,a06b5d9d28de8ce0,0,0
4way,a08859542c7add80,0,3
4way,a1ef19901d1e3764,0,2
4way,a267088f2235cc1e,0,0
4way,a3cfeac1f66ff31b,0,1
4way,a4b73dfd11b2a5fc,0,0
4way,a66a2f1f9045e781,0,2
4way,a7e2d427852b8c91,0,1
4way,a81f2d2d9f751d73,0,2
4way,a920bccee513ada8,0,0
4way,a9d1071b78c15826,0,0
4way,ae59d3b81daf669a,0,0
4way,ae762b2c901a3ec7,0,0
4way,b1cb94aba509f430,0,0
4way,b26d9cee97873fa3,0,0
4way,b2d1b11ea8ac384a,0,0
4way,b3f96a319fdec0e0,0,2
4way,b4d90d07fe29b780,0,1
4way,b5e67c9d8cd56ac6,0,3
4way,b6c4fea93b8f0dbb,0,2
4way,b7e9470ad35f2b20,0,1
4way,b8699faeec5cb057,0,3
4way,b965bd9275ae5f0b,0,1
4way,bad0ddcaadaf0653,0,0
4way,bd297af5df9de22a,0,1
4way,bd71053febdf8c3e,0,2
4way,bda5f49b517ab825,0,0
4way,bee448606b8b9dfc,0,1
4way,c02674b815b6037a,0,0
4way,c18d1631128dbcb7,0,0
4way,c1bbfdfe0eae52ca,0,0
4way,c39e21e82ab929b6,0,1
4way,c410273f01cff762,0,2
4way,c4cc14ac50874ac4,0,0
4way,c592b0246f4cccbf,0,3
4way,c80bcd851a396be3,0,0
4way,c8c309119d10c19a,0,0
4way,c9d6e6572f4f126b,0,0
4way,caa3f8a7b8f188d7,0,2
4way,cabe5e8cb67e93d4,0,1
4way,cb96b5d7eb1bb2a5,0,1
4way,cc274d667bad79ab,0,1
4way,ce64b35c91f92123,0,0
4way,d51a6f4865406ae2,0,0
4way,d5c678f3206d24b1,0,1
4way,d6a681798c9330cf,0,1
4way,d72be8a7a4bffc24,0,0
4way,db012ae246350b01,0,0
4way,db61df9c8c46d140,0,1
4way,dc18592d83d6bf42,0,0
4way,dcbd3138e2b393cd,0,0
4way,dfca20c86f9fbd71,0,2
4way,e0362445b91569ef,0,0
4way,e0e13d3d4e52b30e,0,0
4way,e240b526d656f12a,0,1
4way,e2ede77a798b8b3e,0,0
4way,e416a86adcee288a,0,0
4way,e43859e3d3b6fd4c,0,0
4way,e62a17f7407d5a6e,0,0
4way,e6448073db63e05b,0,0
4way,e9969b621c0797d2,0,0
4way,eac7976af8a1554e,0,3
4way,eb9233a61fcce409,0,1
4way,f050bf1dfaaacfa8,0,1
4way,f0bd0caf3b3fa308,0,1
4way,f2dbe491710da1a1,0,0
4way,f314376aa6e4cf79,0,2
4way,f37e8eebc7677a33,0,0
4way,f39df8b113a14dc2,0,0
4way,f55250db0688ea66,0,0
4way,f66b9ebd9d8ea5fc,0,0
4way,f6c99d491b8078d8,0,0
4way,f742008d86eced3f,0,2
4way,fb1abc288de4648b,0,0
4way,fd2ed403384f24e9,0,0
4way,fe3e2366f842b7a5,0,0
4way,feca0aec1deca86c,0,0
4way,02b3c40c0a705440,1,2
4way,03dc226c9ef72dc6,1,3
4way,0551c0993b6903cc,1,1
4way,067faaa4db0e1398,1,1
4way,090ff9dd8c36a51d,1,0
4way,0933d834f1d84ef6,1,1
4way,09784b2c99da53bd,1,1
4way,0b0f7fd411362959,1,1
4way,0b6c2125aab2302e,1,2
4way,0d0add56d1fb5e91,1,1
4way,0d2f1e921988d607,1,1
4way,0d4a4f6a6b8ec7e7,1,1
4way,0dbbb4db7767ae47,1,1
4way,0f3ce0e1f9915ecb,1,1
4way,0f4876593f3a27b8,1,1
4way,113734bf85eda929,1,1
4way,11e2ae4b8757c01d,1,0
4way,12206f11d4c8dda1,1,3
4way,1339d3e49593e682,1,2
4way,134f035ae50466da,1,1
4way,14ec04daf426500c,1,3
4way,18410a30167ec4c7,1,1
4way,187f543b5d1c0f72,1,0
4way,1908752588c526fe,1,1
4way,19d12abc041f4050,1,0
4way,1a42bd036e81194a,1,3
4way,1aba6310c1dd5035,1,1
4way,1c8d4e7af3cb76be,1,1
4way,1ceb6c3d77a0bb1c,1,2
4way,1db290ef069e200f,1,0
4way,1edac23d9594f48c,1,2
4way,235e747b6516a86f,1,1
4way,24a0c203d5575af2,1,1
4way,24fbd80120f34b1e,1,0
4way,2531304b7f1c0122,1,1
4way,27329f914d1d95a6,1,0
4way,294af94d737886c6,1,1
4way,29a19e6de2fa8aa1,1,2
4way,2a229cc344028b03,1,1
4way,2c5d11a6f25a7b5c,1,1
4way,2d1331981f9e1f36,1,2
4way,2fed81fa8d41ada0,1,1
4way,30ac819b9ac841bf,1,2
4way,30f426129caccd2d,1,1
4way,314b0dd6a1c7fd35,1,2
4way,33597f532f4c312e,1,1
4way,346d5b8a96e7c5cf,1,1
4way,357f041c6302b678,1,0
4way,35a3c09ca580afbe,1,3
4way,378e8d1d31c5ccf0,1,1
4way,3821285e20683ea2,1,1
4way,38489a0d11ac5700,1,3
4way,38d7cdc18f5cf769,1,2
4way,39e5c0ab7a0fce10,1,1
4way,3a78660a2157ffd8,1,2
4way,3c9ea49399eb3729,1,1
4way,3d42266940215943,1,1
4way,3d9f6cb6764656ff,1,1
4way,3e0c10223f0eb0da,1,0
4way,3f290c290cdf1e88,1,2
4way,40b1193ed779e75b,1,1
4way,4153c2d21d004998,1,1
4way,42db0d04ee4ebee9,1,0
4way,42feba8bab405a86,1,2
4way,431394f05f047fc9,1,1
4way,44bc84aa42acb744,1,2
4way,46f81156251c8a59,1,0
4way,4739fb94d1dfa2dd,1,1
4way,47b0482829f4492f,1,1
4way,480e6bff28636da6,1,1
4way,4c6e8bcb8620d6de,1,0
4way,4dd602b57ec5d7af,1,1
4way,4f9d3ec92a04670b,1,0
4way,510ad930e335289c,1,2
4way,5121bd2922c2de89,1,1
4way,516b1ffa0eea2832,1,3
4way,51ef139f03ed50bf,1,1
4way,52b8fa5e6ec71595,1,2
4way,562cfb8f22a222b1,1,1
4way,569b332377f5769a,1,1
4way,5a55efd7d40d782f,1,1
4way,5c595ea0071834fa,1,2
4way,5cea91785ec17a05,1,1
4way,5de5346df96b9d57,1,1
4way,5e1482f060ab87e8,1,1
4way,5e53bf73bee04720,1,0
4way,5eaf4612eb636848,1,1
4way,5ef8169e325401cd,1,1
4way,5f58d30ca70506c3,1,1
4way,6105a63841fa39ac,1,1
4way,622f5dcb43a36d02,1,0
4way,64268c00345706fe,1,1
4way,67dc6724b535553c,1,1
4way,6a4071291c38ed17,1,0
4way,6b171509e717d8ad,1,1
4way,6cb5795ee83fdccf,1,1
4way,6e1c349d22c5c92c,1,1
4way,71ae918b4153faa4,1,1
4way,72cd3cc6da8f367c,1,0
4way,742a99f1ee270e08,1,3
4way,74697960e2ebdc8d,1,3
4way,746ad2112a62feaa,1,1
4way,7795987c08831bf7,1,1
4way,78b4dcefbc5359e8,1,1
4way,79d541b4a22f9c61,1,2
4way,7abf923deb7f083e,1,1
4way,7ade26cdc85748cc,1,0
4way,7bcda5a6e0732c2e,1,1
4way,7bfcf119c6ef17b6,1,1
4way,7c30b886764dacee,1,1
4way,7eb207332f0f9529,1,0
4way,7ebe455c6d47bd32,1,3
4way,7fde09ac8155421b,1,1
4way,7ff7318577c73b0d,1,2
4way,80a4858681eb6929,1,1
4way,8121599eead71166,1,1
4way,815f3f3ce5adfa81,1,1
4way,81c001b3f8308ab2,1,2
4way,82d13f225319a1ec,1,0
4way,8534fe6b20f979cb,1,0
4way,87610b41828e84c6,1,0
4way,8a22a53cbcca6864,1,3
4way,8acfb0fe244d25a6,1,2
4way,8af9cbee3f8114a2,1,1
4way,8b0385f9749f8154,1,1
4way,8b08c35c025c22b7,1,1
4way,8bb5cf63b4f10311,1,1
4way,8cca929b55173ab8,1,1
4way,8e027fbcc7320640,1,2
4way,912001d7606a0b5a,1,1
4way,91550e473706a308,1,0
4way,915a42a537ab6a26,1,0
4way,91c23e940f6f85be,1,2
4way,9348cd8e0f179866,1,1
4way,9451eaf1d564fc8a,1,1
4way,9514e7bf2ab4a30f,1,2
4way,95f48bf5cde98625,1,1
4way,96cd2a2214f518b7,1,1
4way,97cdc0b27c908320,1,1
4way,98b137b8e6993199,1,0
4way,9acf380bfa6bfe9f,1,1
4way,9bc3ed9066c4021b,1,0
4way,9be1eede4ef2e74a,1,1
4way,9d18a94ac22635d5,1,1
4way,9d6fae3d60a05e5b,1,1
4way,9ee88417c181c4bd,1,2
4way,9f2728424ad9b2f3,1,1
4way,a06f281ea11ecce6,1,2
4way,a259f9d145eb943a,1,1
4way,a2ab649636d304c5,1,1
4way,a2f060cac3997a4b,1,1
4way,a3d0c12080b1afef,1,3
4way,a53ffa129d45d545,1,3
4way,a6bcbc30c18703a2,1,1
4way,a6c90878d2c31dcb,1,1
4way,a78cc609482fe71f,1,1
4way,a928cba9e60c3c5a,1,2
4way,ac445fe99f8f76f3,1,1
4way,adf16189ee0a8260,1,1
4way,b01640f550cdff37,1,1
4way,b089a3f9c52e43fe,1,3
4way,b23f0ba51c3f8a4a,1,2
4way,b465a2877d533cb9,1,1
4way,b4f0bfd1e55ec128,1,2
4way,b69d76662aa5c21a,1,0
4way,b6b8e91607fa0329,1,0
4way,b7a69ac2cbc490a4,1,1
4way,b97c421cce791ffc,1,1
4way,bd7ffe39f31822c8,1,0
4way,bdcdcfecfd58e4bf,1,1
4way,bec257296b85d358,1,1
4way,bff4ba31d1904e60,1,2
4way,c112080a4e308dbb,1,0
4way,c642ae6edc0404c6,1,1
4way,c652fa82f3c9f540,1,2
4way,c70377cc77a22f06,1,0
4way,caa5c77c65261a63,1,1
4way,cad8e0df0907e2c8,1,3
4way,cc4a46933e6149a7,1,3
4way,ccaad4a9587bfc90,1,1
4way,cd0b822b624b5271,1,1
4way,ce136fe656771904,1,1
4way,cfa01ba31b35bf19,1,1
4way,d07a887464c06c24,1,1
4way,d0e65ad344ba8bc0,1,1
4way,d19b4d7f739907d6,1,1
4way,d3b3d0abce8276a5,1,0
4way,d7aa1c336cc2b386,1,2
4way,d9449d9d5a4aa979,1,2
4way,da17e7af6d193e55,1,1
4way,da66f12246e9b950,1,0
4way,dc27edf22d13bc18,1,2
4way,dca64b5bcc1c3dd5,1,0
4way,dd9768f06c9f3679,1,0
4way,ded99b0bd73ad18c,1,2
4way,dfa609664e62d5a9,1,0
4way,dffb6811fb512b3f,1,1
4way,e1baad5facae98f6,1,1
4way,e21049ca26d4e17b,1,1
4way,e22b7c2a6eec4f42,1,1
4way,e41495dc9ca9ed9f,1,1
4way,e856e9e13ff025f0,1,1
4way,e924299885ef80a7,1,1
4way,e9359ff3cacced72,1,1
4way,e967bda305a27ad3,1,1
4way,e9aeec6a461efbda,1,0
4way,ea58080ad611e7b0,1,3
4way,eb81c9e6d084c544,1,0
4way,ec4d4f18d9faf233,1,1
4way,eda1ee46642087c3,1,1
4way,edd401665317d20f,1,1
4way,ee8e999c6a064304,1,1
4way,efe84962a3fb22f4,1,0
4way,f02fd2b08797a262,1,1
4way,f42e7298e3967527,1,0
4way,f569e8f9493e9658,1,1
4way,f8e82bb50de8616f,1,2
4way,fa3a4ce37103f5e1,1,1
4way,fad593c2ee1543f2,1,1
4way,faecb5500f047fb3,1,1
4way,fd5d4d4f679fef37,1,1
4way,fe6f4b1522625fb3,1,0
4way,fec0e57a3aec0112,1,3
4way,0259cf2236cbbd57,2,1
4way,0558df5e85c8b532,2,1
4way,0642f3034448ecb8,2,1
4way,085f3d27ca2ccf5a,2,2
4way,08aee48ed4908654,2,1
4way,095fbd35dec33ba0,2,1
4way,0aac227737fdc1f7,2,2
4way,0b0aa9fb44f126d0,2,0
4way,0b9170c007ba0bba,2,1
4way,0c45394fb40a423a,2,2
4way,0e39cb7ab27dddea,2,2
4way,0fd8368289bed029,2,1
4way,109703fb63db7163,2,0
4way,11a6e9ebeb9da4e4,2,1
4way,1420ccbb88945842,2,3
4way,142a078e84f7ce7f,2,2
4way,14c3525ea837fabb,2,1
4way,189fae43de77daab,2,2
4way,18f68f60ff9b658b,2,1
4way,1a0780e19d92978d,2,2
4way,1b19257b63133978,2,2
4way,20c398434569cd43,2,2
4way,23def2dd922c6bba,2,1
4way,248bd6fe945fe28c,2,2
4way,249da8a444f1e634,2,0
4way,26e23618761be274,2,2
4way,2804f0948f164956,2,3
4way,2c89f0bb634e3741,2,3
4way,2e86f92b1251f894,2,2
4way,3034547c824fbf63,2,1
4way,32f94debf17733bf,2,2
4way,353a356914469c20,2,1
4way,3606282cbb60071a,2,2
4way,36cb586b2c68ad3b,2,1
4way,36ed8e1a6d36ae5c,2,1
4way,37a8d1bedbcb37a3,2,2
4way,392b076638be165c,2,2
4way,3a96aff4440c91df,2,2
4way,3d0a57e2e385c7d9,2,1
4way,3ed3d1478bd45a76,2,2
4way,3fbf8bf5db92092c,2,2
4way,437f7397e378d481,2,3
4way,45fa16ada818e838,2,1
4way,467a814c783ae4e4,2,2
4way,478e8e91078bce3d,2,2
4way,47ab4def12019f2f,2,1
4way,48aa596e143708be,2,2
4way,49fe15ca79468848,2,2
4way,4a3a8ad63665e57e,2,1
4way,4c3e59dfc5f0ac16,2,2
4way,4d9e2830aad9e0f9,2,2
4way,4e1a2f23ee15aa98,2,0
4way,50326b004e6ffbdc,2,0
4way,505907cab2341b96,2,2
4way,509b808a1caf601c,2,2
4way,539d69a488102dec,2,2
4way,53aa0b078ea062b6,2,1
4way,54e218d52419121f,2,2
4way,55142dc2b48abca5,2,0
4way,55158b76e9d6a041,2,2
4way,55daca170a270793,2,2
4way,57aef65a0aab6fbd,2,0
4way,58ed106a3737dda6,2,0
4way,59e55cfdc1556234,2,1
4way,5ac7d8178a0e7122,2,2
4way,5b67295eceece066,2,2
4way,5ba086b028948508,2,2
4way,5d1f188d96481915,2,2
4way,60e32511e6408616,2,0
4way,6451133ad2a98933,2,2
4way,64c405097ee82d88,2,0
4way,6527f8375ffb720f,2,2
4way,6820004c9859e64a,2,3
4way,6bef9ee200712970,2,1
4way,6e1f39812ebacc10,2,2
4way,6e788836ca4709f4,2,1
4way,6f406cf3ac657d32,2,2
4way,6fe31640ed67aa71,2,2
4way,71801a3be7e79bcf,2,2
4way,73641a6f5db945f2,2,1
4way,73b644109c58284a,2,2
4way,73dd4f89873251e5,2,2
4way,76a3bae2765c38f0,2,2
4way,77dce23e93049ea2,2,3
4way,77f60454386f87b9,2,0
4way,78aa372d1cc15181,2,2
4way,794c187b18450515,2,1
4way,7a97a8f0ce988f05,2,2
4way,7f8a8cea5fdf4054,2,2
4way,8246f63951962f3c,2,1
4way,8367245d778e6f2f,2,1
4way,8421633c9afb866c,2,3
4way,84b83c5eaa97044f,2,2
4way,87fe2521f04e50e7,2,1
4way,8c236965221898a0,2,0
4way,8da49d2264c8dd18,2,1
4way,8def9896fdb4bc8b,2,2
4way,8e39fcff1002b08e,2,2
4way,8eb9fc3c40a15627,2,2
4way,90590ffa2952a2a5,2,0
4way,9191edafff71d801,2,1
4way,9387b00b032dc097,2,2
4way,98801b7db570bf3a,2,0
4way,9a18232dc33a8ca6,2,2
4way,9a8416b8a2dfae49,2,2
4way,9e203db9014e0905,2,0
4way,a0188e63603ac825,2,0
4way,a042de265bb1bf4e,2,2
4way,a47dfad617f83835,2,1
4way,a5169e2d5403b311,2,3
4way,a6f39d653ef60a83,2,2
4way,a93087bc7eb8b363,2,0
4way,a9d7950e086bfe77,2,2
4way,ad52a4ec3659e6e5,2,2
4way,b01dd5181c6b881d,2,0
4way,b135ab13ec358212,2,1
4way,b1f0ced70f117bf5,2,0
4way,b229854c750f133c,2,2
4way,b26b49a7aa52f05a,2,1
4way,b354333a6bbf54e7,2,0
4way,b42f8fe7fbeee6df,2,1
4way,b4806c2910ee3ee5,2,2
4way,b7b540fad6951745,2,1
4way,b80d003d9961f470,2,2
4way,b8f3c19278859e44,2,2
4way,b907b6398cff0a59,2,1
4way,ba3da25a518aaf06,2,2
4way,bcfa2674a99b0099,2,2
4way,bd3312c0bc496127,2,2
4way,bd726daf66de5d9f,2,2
4way,bdc959b8e5bf6572,2,2
4way,bfbb0ac9cf5e5ad6,2,1
4way,c36e456c185295c6,2,3
4way,c3f9002068514b9e,2,1
4way,c47819e332cad1ee,2,2
4way,c5d5bf9249d253bd,2,1
4way,c702d817ddefd685,2,2
4way,c707532c81a2ecc9,2,2
4way,cb79f6372c1ed241,2,2
4way,ccf92d5a915f79e7,2,2
4way,cec8f3ad8ed219c5,2,2
4way,cefb99f35aa45dbb,2,1
4way,cfac25621006b262,2,2
4way,cfcabc450072c54e,2,1
4way,d125cc39f70cf49c,2,1
4way,d38cf969d4fac641,2,1
4way,d5a9f6c62f5fc6c7,2,2
4way,d6b7fa17a310766d,2,0
4way,d7262c4470fe4f4c,2,3
4way,d7415acb3e1ecc74,2,1
4way,d7a24fd9db664cdf,2,2
4way,d98c8c811ceba552,2,1
4way,db7c86933ece92e0,2,2
4way,dd0773e24ac1e8bc,2,0
4way,dea4172bd3abe8fc,2,1
4way,dfe882504bb61a64,2,2
4way,e05e8e9e6e6e13ef,2,1
4way,e0999c0f456850a9,2,3
4way,e0f151e782f3eeed,2,3
4way,e1aea0abecb9b8d8,2,1
4way,e28d42cca7fe61df,2,1
4way,e29a83e8062b0f7c,2,3
4way,e3426815843155e0,2,2
4way,e641a13e52001c8b,2,2
4way,e7bbb33ac4a31d3d,2,1
4way,e8f9c45417be28bc,2,0
4way,ea1f5b53f3bada90,2,1
4way,eb5d7c336a4fdeac,2,3
4way,ec80fe5cc0ce08af,2,2
4way,ecc69114e4361f23,2,2
4way,ee2a61a45b563493,2,2
4way,eee44d2b899c2ae8,2,1
4way,f3999e37126fd263,2,0
4way,f3e0ef92e976a1f2,2,2
4way,f8a49d3b8b7c92bb,2,2
4way,f98faf768504c7b2,2,2
4way,fa7ab0bb43710dd0,2,2
4way,fab9b9a18f75fd32,2,2
4way,fe1a8232003d3549,2,3
4way,021f96613ed2ac45,3,0
4way,02e3048f04c9cd43,3,0
4way,036e86d228d494c2,3,3
4way,0660e1b2013943d4,3,3
4way,07f38593010cb988,3,3
4way,096b6449e86e7dca,3,0
4way,0c1c67001f4909bf,3,1
4way,0c2d5f96c0ee7c81,3,3
4way,0ed85d5a42edc0e8,3,3
4way,0f4b610932c76082,3,2
4way,1260be8828233e87,3,3
4way,148b6ca5f73e57f1,3,3
4way,15506b514cc88b32,3,3
4way,19035a6f71be978e,3,1
4way,197f9c3b35a5ac33,3,0
4way,1a57d60afdb5d5fa,3,2
4way,1b301cf120ced0cd,3,2
4way,1bfba2d3b8b76128,3,3
4way,1d5bb050b26fed3b,3,3
4way,1f3c86718cf8c879,3,3
4way,247aa2dc06a6c5c2,3,3
4way,2a086ead127df3c8,3,3
4way,2afe38c5a3be958a,3,3
4way,2bd97aff90ed5018,3,3
4way,3026380a40ed9795,3,3
4way,31161df947d7228b,3,0
4way,32b49096a1a3acb4,3,3
4way,371165473fe9b375,3,3
4way,3b07e7a43f014c9f,3,3
4way,3b43735e98f05584,3,0
4way,3c4babaec28f6341,3,1
4way,3c8215f10e393fb0,3,3
4way,3c8f9a0e79ce4f72,3,3
4way,3dd9d0c992568c2d,3,3
4way,3feaea4608d9bdb7,3,3
4way,405018c9d01d4f9a,3,3
4way,40da68e347f2b6dc,3,1
4way,42a0adb1fb3011f2,3,3
4way,46004a2128368555,3,3
4way,4a3cb498adbf7268,3,3
4way,4aa26b5c30169f36,3,2
4way,4dc71c5d40b7b805,3,0
4way,4e37789923218ae4,3,2
4way,51327df8ee5d36a1,3,3
4way,517bada37038293a,3,3
4way,5576412781b1e025,3,3
4way,558a215e20538726,3,0
4way,57769097a4988480,3,1
4way,586913965b083051,3,3
4way,5b5088dc9326d5ba,3,0
4way,5ce94f19c030210c,3,0
4way,5d0f26874cb868e0,3,1
4way,5d1eb2a4b1b2fec2,3,3
4way,5f3b9f057df1a5eb,3,3
4way,5f9527a32486997a,3,3
4way,60913b37f2af64d2,3,3
4way,60d367123d7c1ddd,3,0
4way,61423d05064a7021,3,1
4way,614ae4c66ccc5ee8,3,3
4way,6184bd4427a6e3d1,3,3
4way,6210d68c280c98c8,3,0
4way,656427a86ed3813b,3,3
4way,668a65b6d677f6cf,3,3
4way,69871b70f95bec87,3,1
4way,6acd32bfe3501b57,3,3
4way,6dac9bce0a7e8f78,3,3
4way,6e16b21531d6de03,3,3
4way,6ebd11272cd0035c,3,0
4way,6f3d90bb47327835,3,3
4way,706b856bcccd9b58,3,3
4way,7161d296a3d4b756,3,0
4way,71c924dac8805fb3,3,3
4way,71f6bf4c9a6274b3,3,3
4way,74875b47ee55af57,3,3
4way,76133d8b8cacdd7d,3,3
4way,76d42bc81c9af579,3,0
4way,773e48b1c6bce3c8,3,3
4way,7777368d73e3c271,3,2
4way,7c5e2a57fff4174a,3,3
4way,7d6d2da5e2bd6f5d,3,0
4way,7d86701e54f32fa2,3,3
4way,7d95e32e66586e78,3,3
4way,7da615424e6727b3,3,1
4way,7dab22a99c2d30bb,3,3
4way,7f462275bfd6e5d1,3,3
4way,7f8a06a4d066545d,3,3
4way,808bbac9a89e5a47,3,0
4way,814d827d8b53485a,3,3
4way,8251e86cdbac31a2,3,2
4way,85e7c765e0f46484,3,3
4way,86d09861b908f68d,3,3
4way,877472baecaa4a11,3,1
4way,885c97617ae5c7f9,3,3
4way,8996dc70df40c70e,3,3
4way,8ab7a107f755a8ea,3,3
4way,8b5735b1370c459f,3,2
4way,8bd9705e919467df,3,2
4way,9037bca94d2d6a81,3,0
4way,90f7dafa779e6315,3,3
4way,929ea358c71cefd5,3,3
4way,94530aca227c86cd,3,3
4way,956703168543726c,3,3
4way,978fa6a577f9e142,3,2
4way,9978a403ba0b6d23,3,3
4way,99d94632aaffc9dd,3,1
4way,9a3f7c88c3c149da,3,1
4way,9ae285531b23b38d,3,3
4way,9c8fc5a3a32b2de3,3,3
4way,9d579bd070112a65,3,1
4way,9ec82bd52b656707,3,1
4way,9f45b740b688da72,3,3
4way,a1d9ecfd1d44d598,3,3
4way,a6366fa91cbfb314,3,2
4way,aa11afa7bffb4deb,3,3
4way,aafa7952c1228244,3,3
4way,ac5a5dcdcb431700,3,0
4way,ac9c00483af880fb,3,3
4way,ad2ca569c5625f2f,3,3
4way,ad4c3a28dd3b13f5,3,3
4way,ad715ca5252e31ec,3,3
4way,ada50885c91fc32e,3,3
4way,af282bc12af1f3fa,3,0
4way,b35416d85df9ba58,3,0
4way,b36d1396ed9a9206,3,0
4way,b3ddeb7b1e318977,3,3
4way,b68fc3728a1b2f5c,3,0
4way,b8ae50418a149ec0,3,3
4way,bd02d2ee1744aebb,3,3
4way,bdd9ad61a51aa242,3,3
4way,c0acf4c3fde88db3,3,0
4way,c39feae06440035d,3,3
4way,c514ac6f5473ca35,3,0
4way,c584c019e98fefd1,3,3
4way,c7ac78544941efed,3,1
4way,c91ef9c038547ed6,3,0
4way,c93446acf8879dae,3,0
4way,ca3688c92c978b28,3,3
4way,cbeff75eb94617bf,3,3
4way,ce29f60440d8ce07,3,3
4way,d0b3cd07f913b8ee,3,3
4way,d1dc51bb263638a3,3,3
4way,d5b38e7fd673ba0b,3,2
4way,d6e42f922cfa58e6,3,1
4way,d6f96a5ec0fe690d,3,3
4way,d835577792e49198,3,3
4way,d871ed3600858739,3,3
4way,d8c6782393ba4d36,3,3
4way,d963be085320ae9f,3,1
4way,d97420b38fa9c511,3,3
4way,db5f6b796e2f9099,3,0
4way,dcddfeb74257a532,3,2
4way,e046a3761527db7f,3,3
4way,e3a2c31e79dee6e3,3,0
4way,e6128059990d3bff,3,3
4way,e8ea9f2b18353a34,3,1
4way,e908d4cee42fd8fe,3,3
4way,e99e9ff29dd7b0e9,3,3
4way,e9a17b13340746e5,3,0
4way,ea14f80e94d409fd,3,3
4way,ec5faac55a41ec00,3,3
4way,f097f27398feed56,3,3
4way,f0e16ea294e4f352,3,0
4way,f22d94f82b4a0bea,3,2
4way,f28c8af8ec9788ad,3,3
4way,f29f336a4737acff,3,3
4way,f750a146f3fcdc5a,3,3
4way,fadb616362754ee0,3,3
4way,fc4913ef036a270f,3,3
4way,fc8fac69ab0f91b0,3,0
4way,fd23c018da03ab50,3,3
4way,fdb79f167c6ea6bd,3,3
4way,ff32bb904de19971,3,3
4way,ff994b65e892d1b2,3,3
4way,012b84e1c34329ea,0,2
4way,03448869fcfe274c,0,0
4way,0452dca2b2ce58a0,0,0
4way,045bfe39e89e0d8f,0,2
4way,047c209f639282d8,0,0
4way,050f05be984a91fd,0,0
4way,05a5e7c17ddff098,0,0
4way,06d38aee17a5e215,0,0
4way,072192788a5dbd3c,0,3
4way,07c9dd6980eb1f07,0,0
4way,07fcbaf088f9298d,0,1
4way,0863c6ae63d197dc,0,2
4way,09045307a82529a4,0,1
4way,093deabecdc9063e,0,0
4way,0cfc533dc7046098,0,0
4way,10747c37dbae4c23,0,2
4way,10cf54c48b32372e,0,0
4way,113ffaaafead55d6,0,0
4way,11fcebacb28ff879,0,3
4way,1312de3a0242b913,0,0
4way,13eea033599b10fb,0,3
4way,18178862e23a3380,0,0
4way,18457e88d33130e5,0,2
4way,195c67d1a48e162e,0,0
4way,1aad7e3a9eeb1dd8,0,0
4way,1d7f8f6c8975de40,0,1
4way,1e74bf548c11569b,0,2
4way,2130013309cbd976,0,0
4way,2287dee2d53281b2,0,3
4way,244ace81cc1c05f3,0,1
4way,26d1b8351e8c2652,0,0
4way,2a246fcfb726683e,0,0
4way,2fcf898298667fed,0,3
4way,3068b3518216a350,0,2
4way,30fbe939c3a6047b,0,1
4way,32f8ad84f385c1e6,0,1
4way,34befbfd39830b6e,0,1
4way,365b3a7a53f57599,0,0
4way,37d280c6c209b4a7,0,2
4way,3941ef2be8b922c8,0,0
4way,39cfe693ed98001c,0,0
4way,3a76b897979619d0,0,0
4way,3aea50ee69fc67bc,0,1
4way,3ca51fd11f027425,0,0
4way,3e4a5beaa748d412,0,1
4way,4125b9386481455d,0,2
4way,475fe77fbc3e0179,0,1
4way,494cfd6d83893475,0,0
4way,4a0362f160267029,0,0
4way,4a18ce2d2d568b50,0,1
4way,4ba6b953129d8a47,0,1
4way,4cd8e56532a35189,0,2
4way,4d0ca49d127e23f5,0,0
4way,4e881a61104af00e,0,0
4way,523087e1d66ff472,0,3
4way,524b20360fffbfc5,0,0
4way,528161039d936b12,0,0
4way,55a8323786ed3c94,0,0
4way,5680b3b38eff9559,0,0
4way,57cf766234ba9930,0,1
4way,582dba9edfbd76e1,0,3
4way,5950d4fbedee59ce,0,2
4way,5e522c710d17a231,0,0
4way,5e608e466f1a0cf6,0,0
4way,5ebb43ab37e63229,0,1
4way,60b16f2f90513a98,0,0
4way,61755b371d3ccef6,0,2
4way,61842cda529d94fd,0,3
4way,627a102f6f0e4eeb,0,0
4way,635c459529aa8952,0,0
4way,638c60891b0f2dcd,0,0
4way,667c9cd2325e7ee7,0,0
4way,66cae806de41f9ba,0,3
4way,689626bb05ff68c9,0,0
4way,693e72e4ad0f85bf,0,2
4way,6abf8f4033a38194,0,1
4way,6c8e4b8cd99acb8f,0,0
4way,6ce0d63ca6fab0a3,0,0
4way,6e4a4891141c005a,0,1
4way,6e76aac1fa2dc901,0,2
4way,72d2bd5da5b166c1,0,0
4way,730d524e141368e4,0,0
4way,73ad56ef191b7c01,0,0
4way,73d7675e51ebe544,0,2
4way,7599b710cc2ebe70,0,0
4way,76a3824b70a8ac50,0,0
4way,77bdd6305d8fb4c0,0,2
4way,7e947d783499f403,0,2
4way,806582ab2ff7b7ef,0,2
4way,833c03598540fc6f,0,1
4way,8394a3be7a3494b6,0,3
4way,841d46a5803f7724,0,3
4way,846afd14ceb4d830,0,0
4way,8518825e562f318f,0,0
4way,8563f05cf4223102,0,1
4way,863a0db425c14d64,0,0
4way,873bced091e282d2,0,3
4way,8780415b20c035ec,0,0
4way,8801c26890336c45,0,3
4way,8841cf489a6b8557,0,0
4way,88d098eae81e781f,0,0
4way,8924a63feaae63d9,0,3
4way,8b3b57c8cfe540ac,0,0
4way,8cdacb3f9e3c2394,0,0
4way,8da4e4fa61b9f47c,0,3
4way,8f73b5b29c68fa3d,0,2
4way,8fa3a39393519d95,0,2
4way,926c29533278fcc7,0,1
4way,93089b1be62922c2,0,0
4way,930c38fbf4d92dd4,0,0
4way,9453d88c28114a23,0,3
4way,962865edcfc10aa6,0,2
4way,9917fab7a1ad2ced,0,0
4way,9a8f6b1f62296f8f,0,1
4way,9b6bcfd977416803,0,0
4way,9bbfdd34652d6ad5,0,0
4way,9d5bd6ecf4f6341e,0,0
4way,9ea0dcd9868e1e6c,0,0
4way,9f665279ec0a7a41,0,2
4way,9fd77e7fd36a9ef8,0,0
4way,9ff7bc78bfc32d51,0,2
4way,a1866c3ad35dbf93,0,3
4way,a1a7c5fa500c3ce9,0,3
4way,a23908f519abe14e,0,2
4way,a57bf7a249821e44,0,1
4way,a62edc37e96613c5,0,0
4way,aab0402f15f3a23b,0,3
4way,ab171e00636cd9ce,0,2
4way,ab90e453043d0fa0,0,0
4way,ab942e2b7badfca5,0,2
4way,af94c0c538bc0c2a,0,0
4way,affce4a1dd287503,0,3
4way,b00756bcaca4c480,0,2
4way,b249109298f22984,0,0
4way,b5eac254a792dd1b,0,0
4way,b603e16d61aceb0b,0,0
4way,b6197a696c52a3a7,0,1
4way,b711318934aeb494,0,0
4way,b7441a29754730c0,0,0
4way,b96b8bce012e77ac,0,0
4way,ba739ac003562cb3,0,3
4way,ba8cc563fcedd80b,0,0
4way,bae5164971303921,0,2
4way,bb16f65c7d7881c0,0,0
4way,bee9ccb142627f2d,0,2
4way,bf310747d86670e5,0,1
4way,c04e10f727afd149,0,1
4way,c0d350dd81e3e93a,0,1
4way,c120a1b04cc939ff,0,2
4way,c2052e1f589253fa,0,1
4way,c2ea272d393f5f08,0,2
4way,c2fce0496893b87a,0,1
4way,c334739326678bfc,0,1
4way,c5f085e3ea557489,0,3
4way,c6b47025e40ead52,0,2
4way,c8801a87a6376dc3,0,3
4way,c8d01373145b7afb,0,0
4way,c903bf65887d7ff2,0,2
4way,cb2b4f9b529214d9,0,0
4way,cba015b1b3345db9,0,0
4way,cbe6b2da445d32b0,0,3
4way,ccb260dc3ec48ab3,0,1
4way,ccdff50440157d4d,0,0
4way,cd7ee52697910fd3,0,0
4way,cf2235623793b23e,0,1
4way,d2666079738b90fc,0,0
4way,d33e60f3c0ec6edd,0,0
4way,d3b97f912027cf09,0,1
4way,d3e9d97efdf5cc5d,0,1
4way,d59389827b1b11a5,0,1
4way,d5c75d2fb1b865df,0,0
4way,d62a2c375e44d7b2,0,2
4way,d6ce9b5bcef62117,0,0
4way,d72b742cba80085e,0,0
4way,d7fe8c2f28e94358,0,1
4way,d81141eef7c6a787,0,1
4way,d823d6b8b3106e2a,0,1
4way,d845227e2d45869d,0,0
4way,d84e00f36468cc46,0,2
4way,d86ea1bbc49e9935,0,3
4way,d8715e9822cc4701,0,3
4way,dcc1b3a0e4bf2b1f,0,0
4way,dd64641f86e7d6aa,0,3
4way,e0222de997c76e32,0,0
4way,e179bd6f9916ca87,0,0
4way,e35fe4485167aecf,0,1
4way,e4794962c55e1974,0,1
4way,e5c4917f3cdbbd5a,0,0
4way,e78ae64b8b6b6e67,0,0
4way,e87ca7b445ff52f9,0,0
4way,e967674844bb5154,0,1
4way,ea23a11506b0a666,0,1
4way,eaa20013cc8187bb,0,0
4way,eecc2457eb99ded3,0,3
4way,f2d3bdd8de14e486,0,1
4way,f35c430af896f708,0,1
4way,f3c5cc295c26296d,0,1
4way,f68f162e1bf8dd44,0,0
4way,f808b31ec94d70a5,0,1
4way,faaf81f0a175941f,0,1
4way,fd0d616ce036f9f1,0,0
4way,fe000082ec45ba93,0,0
4way,fe5760adca2d8e89,0,0
4way,fe6ca7fbb2320590,0,2
4way,030e639653fc063f,1,2
4way,05357f9da9049935,1,2
4way,06382926d49a9790,1,0
4way,08338a50a96a0f80,1,1
4way,0942233d49eca00f,1,1
4way,09e593e8ff61cb3a,1,0
4way,0b8e405731c03abf,1,0
4way,0cb4a5ce09ced732,1,1
4way,0fe4880920c0ccb9,1,3
4way,1050f602d18ef84f,1,2
4way,12688ff4d5cb6ca1,1,2
4way,12f9874c128c5e31,1,1
4way,13a8e37b711c86e3,1,0
4way,147cb45c5987e082,1,0
4way,1525d4cffa06f3d4,1,2
4way,15888b2b921b01d0,1,2
4way,162b422108fe5a51,1,3
4way,16762f0a2a1d6dd3,1,2
4way,186966c5d47648d3,1,0
4way,1981eaeaa330c70a,1,1
4way,1a1dddbfb722ed1c,1,0
4way,1acad423ec14434c,1,2
4way,1c54863cab25d569,1,1
4way,1fee09f551c10ea4,1,2
4way,20bc8a6be7995642,1,1
4way,2142c62979505d12,1,2
4way,21d39b0e7e1eeee7,1,1
4way,231636a89c97d511,1,3
4way,2401e874a78dcd4e,1,2
4way,2504a1a59a024371,1,1
4way,251e15beb99472da,1,1
4way,28337166db281180,1,1
4way,28bdf7a6d07443ef,1,2
4way,2985574e4dcb4767,1,3
4way,2a08c8d7bfeabc1b,1,1
4way,2a2d86648b23ad94,1,1
4way,2b81bf3985a6223a,1,1
4way,2ccc6524e796b6c8,1,2
4way,2fa9eee185805c3d,1,3
4way,302ec50757439a5e,1,0
4way,30a0d9ce7168725f,1,2
4way,349aadaec1bf998f,1,1
4way,359f3a99d43bd73b,1,1
4way,371c4e4a68ac9623,1,3
4way,3743e8aba01c5dff,1,2
4way,376aaf12f3543446,1,2
4way,39ea06613c8f8e18,1,0
4way,3aeb3d397ec4503c,1,1
4way,3dc602a487f89d9a,1,1
4way,404dd26aaf024300,1,0
4way,40852bd0376aa19b,1,0
4way,4172f41e474065c6,1,2
4way,41e3b007b1199960,1,1
4way,42600105064e13b9,1,1
4way,42cdaf204bd9fadc,1,2
4way,446098682f4fa695,1,1
4way,44eff072f9ddc81d,1,1
4way,45abdf9967287b4c,1,1
4way,4636072213037ca7,1,1
4way,466ebaf97c201fd1,1,2
4way,4b43399c9342d255,1,2
4way,4bc9f02f238b3b5a,1,1
4way,4d31c5177063703a,1,2
4way,4d6b5f3816b5285e,1,2
4way,4f14e0238daa5eb8,1,2
4way,4f492e5a4afb58a6,1,2
4way,4f937394be145a2d,1,1
4way,53fd5ed13db4e18d,1,0
4way,5478e18549489ba0,1,2
4way,550b63a5ca68a3b2,1,1
4way,5bdd9c07dc6e4835,1,1
4way,5c3254ea7c33819e,1,2
4way,5ea124e90cac43b1,1,1
4way,5ebbeea5e39e9f0b,1,1
4way,5ed0866da7d77a39,1,1
4way,613d92dae4b6000c,1,2
4way,632b7a9e11a5366f,1,1
4way,6634a7b0c3440249,1,1
4way,6643ceee10e85622,1,2
4way,6c1c2c1e3e5b0c12,1,1
4way,6e32314e6c6f3a62,1,1
4way,6e8af41cd39e9e1c,1,0
4way,71920de8964ba178,1,0
4way,7967c8c57e1b48af,1,2
4way,7af8f2782fede057,1,1
4way,7c1604450550d15a,1,1
4way,7d05c0a39a4b8155,1,0
4way,7d4516a30c92efb6,1,0
4way,7dc5bdf3c913f7fd,1,2
4way,7e753e594e1f6605,1,0
4way,7ebf2378e12399af,1,1
4way,7ed71f7598231688,1,1
4way,7feb861fe95130de,1,2
4way,80c998492bbc7f34,1,1
4way,84a21538f9d73456,1,2
4way,862e269748da896e,1,1
4way,873780b25906730d,1,1
4way,8c86a1e2b446af95,1,1
4way,8ce61ae1727b7def,1,1
4way,8d81a4dc4b16cce5,1,2
4way,8edb03afcbe330cf,1,2
4way,90c14ce82c18afef,1,1
4way,928e73a5b2930722,1,1
4way,928fd98da5ea092e,1,1
4way,9318168c7d971477,1,1
4way,9421db01baa99969,1,1
4way,96317dddd0084bac,1,1
4way,99d23acfd870a51d,1,0
4way,9d91195925ce6af9,1,1
4way,9ef34abe39275eb6,1,1
4way,a304eb1d444508cb,1,1
4way,a3224cd31d113c9b,1,3
4way,a3866463ed37ffd4,1,0
4way,a56b3b6f6869dd08,1,1
4way,a6afcf661b376d10,1,2
4way,a793b6ab0bde56eb,1,0
4way,a807f8600e394020,1,3
4way,a8a15ae27bffb380,1,1
4way,a8b77b4a905d97ec,1,1
4way,a90e62f00f74ae08,1,1
4way,aa140c9f922b68d7,1,2
4way,ac0eafa77f493683,1,0
4way,ac77cb07abb270bd,1,0
4way,acbf01298c24123c,1,2
4way,ad5235f179d22d7e,1,1
4way,adae6c61f73ff0b2,1,1
4way,adeaabf643e41efd,1,2
4way,aeb383294ba6d251,1,1
4way,b086f8feb0f6f2d3,1,3
4way,b1eecad5f4989079,1,2
4way,b20d0cf6713189fc,1,2
4way,b34441f9efc27afd,1,2
4way,b3eb945c00855d50,1,0
4way,b60c37ed403b734a,1,2
4way,b86233506f87281d,1,1
4way,b9f635b919743aa2,1,0
4way,ba1a9338cfb7f95b,1,1
4way,bad417b9de984c7b,1,1
4way,bb6ce2a463a10d85,1,2
4way,be782173b70bd944,1,1
4way,bf59e97f9102ff53,1,1
4way,c016fd7271ccb7c4,1,2
4way,c02e47577f309354,1,0
4way,c06c1bddee2ed991,1,1
4way,c0877b88e27d9f3b,1,2
4way,c25386fdb78ce0f7,1,3
4way,c3ca668bd2ef32cb,1,2
4way,c4e392c912d62cf5,1,3
4way,c60f51266587f5bd,1,1
4way,c64e0af9f68b3ac4,1,2
4way,c6ad0859d9d209e4,1,1
4way,c74009c237f5ed0f,1,1
4way,c8734fa0561d7d9c,1,1
4way,c8831683234ce5d0,1,2
4way,c938cceae36de7bb,1,1
4way,cb5948740333b861,1,2
4way,cbe6be68d1596d87,1,0
4way,cd1d49beebbaedd4,1,1
4way,cf64937be18693cd,1,1
4way,cf78c80ff87fb159,1,1
4way,cff3fe50e6fd1856,1,1
4way,d008413e8d5ae1f9,1,2
4way,d073149a08ca5996,1,1
4way,d085a367d9c3c7d7,1,1
4way,d118a747d966e235,1,0
4way,d4e38a6c57faf1b2,1,2
4way,d5bdd90778d1a251,1,1
4way,d67e82ed1c59ab4f,1,1
4way,dc56ff25b1d75761,1,2
4way,dda0cfe496efdeb3,1,1
4way,dea181a3936ac38e,1,2
4way,dfcd700b1a4cae21,1,1
4way,e03c109dbcc7ca41,1,1
4way,e1ed0b1e83d4c33c,1,2
4way,e26ef8f5b40fa22c,1,1
4way,e38e08238e86b6f1,1,1
4way,e402ffffbbbb2edf,1,1
4way,e43e70bea80f5f5b,1,1
4way,e4bdc8ff947edace,1,2
4way,e5c381d19727a38f,1,2
4way,e68363e473165cea,1,2
4way,e74a2340ceee0b90,1,1
4way,e80ccf81dc788710,1,1
4way,edb772b2147fd383,1,1
4way,ede9d9f2b61116b9,1,1
4way,ef5a08083c0004d6,1,1
4way,ef7a9d6b80bdbb2f,1,2
4way,f0b3fc8955cf7429,1,3
4way,f1af440480265f43,1,1
4way,f21364cdedbc570a,1,1
4way,f254cd75e5dcc3f5,1,3
4way,f367a6670c79f97a,1,2
4way,f5a2dc868cb8add3,1,1
4way,f7920b95773ee408,1,2
4way,f7b826ae0dbf0333,1,1
4way,f8c56bbf059b9662,1,2
4way,f9e2bf2bd4c837c8,1,1
4way,fa000d518756f674,1,2
4way,fb3a3a4499d14eb0,1,2
4way,fc4e002c5a7f632b,1,2
4way,fc5be821c6f54a14,1,1
4way,fc9a9aa8906192ee,1,1
4way,02606d981ad30e41,2,2
4way,033cad532024ecb2,2,3
4way,03a7839335627a22,2,0
4way,04412d676f9cc363,2,0
4way,0592c141063c1312,2,2
4way,06b727344ba325ba,2,2
4way,07585f39f33701c9,2,1
4way,0790e9935946d6b2,2,0
4way,0a75d423579b029b,2,2
4way,0a8a3cfbb9bf9dc7,2,3
4way,0af35de873646263,2,0
4way,0b0a561ce9be792d,2,2
4way,0b8c6d83266a44d0,2,2
4way,0e4f85b1ad6d8403,2,2
4way,0fe190cda5dcf04f,2,0
4way,10d7817462e3fca3,2,2
4way,149d880694c124e3,2,2
4way,15c7e4cb14bf5780,2,1
4way,174ae4acb8baf5a3,2,0
4way,1ccd9357571d3055,2,2
4way,1db1479045e097bb,2,0
4way,208473097485c74d,2,2
4way,20a9b7d4db5d9241,2,2
4way,20db11fcccb4d0b5,2,2
4way,226a194512ceeecc,2,1
4way,238229727d61d9e3,2,1
4way,26f5f3ebc177232b,2,1
4way,27e15ff74a5d581a,2,2
4way,287ac6620658ef61,2,3
4way,28f9bdc51aa987a8,2,2
4way,2912dfeffe244b61,2,1
4way,29c6a7ec02ae38f1,2,2
4way,2a109bf8446ec27d,2,2
4way,2b0f75be28521c05,2,1
4way,2bb7f22b394a9477,2,2
4way,3048458a1fb137e2,2,1
4way,30febca809ab7edb,2,2
4way,322fe93021c02996,2,2
4way,35d6d7136c0013df,2,2
4way,3637ccc20e714ae1,2,2
4way,37f6aa2d4d1b30fe,2,2
4way,39a4f404cea74d8f,2,2
4way,39abd85b2a1e5182,2,1
4way,3a83883c5ce58de4,2,2
4way,3d3910e89a267563,2,2
4way,3d6dadc0e88156fe,2,2
4way,3db35b92e8382cf4,2,0
4way,3e48ff33897f2f88,2,1
4way,3eb5b1553707a268,2,2
4way,3f769247aaa8e3e8,2,2
4way,3f7b6528c12ed3bf,2,3
4way,401fe2c258de1451,2,2
4way,44a3c423cb2c7729,2,1
4way,44a4544fb7e38b6f,2,2
4way,44caed873aadd337,2,2
4way,45925ab722671e0f,2,2
4way,4720e6014ad6fc55,2,0
4way,47948ec285895024,2,2
4way,48c2f5659f72d96e,2,1
4way,495f406504fb0af1,2,2
4way,4a9a41a2bab8c3ea,2,1
4way,4b56d1ade038d217,2,2
4way,4c73dfd1d9077108,2,1
4way,4cf2a1970388ab9c,2,2
4way,4fbda5fa7ac2f3c2,2,2
4way,51374779396d1341,2,2
4way,516bf926f666d2a8,2,2
4way,519d70bf42c86631,2,2
4way,54d1cd5824003cb7,2,0
4way,5774b13833785c13,2,2
4way,5abb72cb98e2154e,2,1
4way,5b6c9e1cfe2902af,2,2
4way,5eae90ed0087408e,2,1
4way,5f1a8d515db69a94,2,2
4way,5f541e8d558778e3,2,2
4way,60692849cf6ff4f5,2,0
4way,63bb2ed01a0d90cc,2,2
4way,6562d3cff89a2b6d,2,2
4way,672bf5860749f092,2,1
4way,68613be963bb6101,2,1
4way,6a278b0346208574,2,2
4way,6d52ba5368360c0d,2,2
4way,6fc23ebceee67e5a,2,2
4way,72439808a189d58d,2,2
4way,734914ddfdf6ad2c,2,2
4way,73ed25b4ca24ca38,2,1
4way,741d0b3b3228d482,2,2
4way,75a077f0aded3c8a,2,3
4way,765b7bece2fdb03c,2,2
4way,785af1f1e2df3949,2,2
4way,79683f92eabe9751,2,2
4way,7a1d61d725aceedf,2,2
4way,7a249239dff49381,2,2
4way,7a43d144de1b5040,2,2
4way,7bd15f0e6e8258e6,2,2
4way,7c031043905cf468,2,2
4way,7c7083004933ebc5,2,3
4way,7cca49df6d1f241d,2,2
4way,7e5c8b6bee8c4d01,2,1
4way,7e65cad80f3140aa,2,1
4way,7eb36d16b97b0703,2,1
4way,8028061682b21404,2,1
4way,82824225c7831530,2,2
4way,83b6066c7ffd5868,2,3
4way,83e372592a29d109,2,3
4way,84a1cc0fdd90afa2,2,2
4way,88c5153ced2fc5b0,2,3
4way,8a8457565c6e6c83,2,2
4way,8b3600a658a2d066,2,0
4way,8d22c3caa3e71754,2,3
4way,8d8ebe7993bcdcaf,2,2
4way,8da7ad0bd0db7484,2,3
4way,8e6b26c2ce66fc45,2,2
4way,8e96316b8e6c05a1,2,2
4way,90263613b4759b31,2,2
4way,903e799b45a1eea1,2,0
4way,915ccb6a20cbda9b,2,2
4way,9259be76744af2f1,2,2
4way,92a89ce2666c281f,2,1
4way,93d94b2788eb44aa,2,0
4way,94e3432ccb87e643,2,0
4way,96a1171106ba68c6,2,1
4way,9b51ac9a9d55cd03,2,1
4way,9c3c5ba3083ff313,2,2
4way,9de59a3f7dc58d96,2,2
4way,9f124ad926db4e5c,2,0
4way,9f3de1e05dbab6d8,2,1
4way,a0fa8a39f8aabd6e,2,2
4way,a1b921e568f6b119,2,2
4way,a1fb70d60dfb2c2c,2,0
4way,a814b28577ec281c,2,1
4way,a8407de12c0d0624,2,0
4way,ab4fb81321e7a222,2,2
4way,ad51de8b540d4ede,2,2
4way,ad7976704ff3c64e,2,0
4way,ae3aeebde2c7addf,2,2
4way,b0c93530255ecca8,2,2
4way,b10fdf28afe7b386,2,2
4way,b568f89990b68029,2,2
4way,b8bc6f3108e95026,2,2
4way,b9330643bcd43688,2,1
4way,b9add5bce777a6b4,2,0
4way,bc8d33a64625b4ee,2,0
4way,bdf83c6bef66768f,2,2
4way,c0a5582239c09840,2,0
4way,c1fbd2eff0f90ca3,2,2
4way,c270d7f13f63b3d4,2,2
4way,c88c5be2638a10c3,2,0
4way,c9b4ab80a876c695,2,1
4way,cb4e7a5acb481865,2,2
4way,cbf54beeadaf5b27,2,2
4way,cd7bf4aaf869351c,2,1
4way,cfb8207cee7c7344,2,0
4way,d1e4974544e0cca2,2,0
4way,d376a2554b9d4573,2,0
4way,d51fc9badb8f5449,2,0
4way,d698f7e82e96ee76,2,2
4way,d8608e1cc499043d,2,0
4way,da4f76ec21978653,2,2
4way,dba4c5a2f0567cb3,2,3
4way,ddaf91d8335cd25b,2,2
4way,dfd8df6484958916,2,2
4way,e042ff0ca9523b87,2,1
4way,e1cea562feced95a,2,2
4way,e28359bed93c85c4,2,2
4way,e290691343c827a3,2,2
4way,e2e5c465bc06d1cf,2,2
4way,e458fdc1b96f2bcf,2,2
4way,e5198b0527368399,2,2
4way,e5c8d73315fd4b63,2,2
4way,e6f3a5c57ea1b310,2,2
4way,e84afaee81fbe7c6,2,2
4way,e88eac84ec8963d4,2,2
4way,e90c032a3ee5621e,2,1
4way,e988b7f5c2c2aec6,2,1
4way,ea374c9d16977cb4,2,2
4way,ea7f402f509b2f15,2,2
4way,f038541f1d1fcceb,2,0
4way,f1f249f85f88c4ac,2,2
4way,f23053755acd2fa7,2,2
4way,f27e6e88fce802e4,2,3
4way,f66d0bf000326f88,2,1
4way,f7d0f2273a0493bb,2,2
4way,f8db752b40eaa13c,2,2
4way,f938978214376fc9,2,1
4way,fb41a2e7f1e6f9fc,2,2
4way,ffd7a5c639dc48d3,2,2
4way,ffd7e85b3a5e725f,2,2
4way,00e3a2e34ed84da5,3,3
4way,00f0aa9b6d2a6d3e,3,3
4way,01308c75a52c2484,3,3
4way,01722e6aee569473,3,3
4way,0269b60f76848b4e,3,3
4way,027af6e498a7bfc8,3,3
4way,03484951bfdee7a1,3,0
4way,03caa2ed5c220847,3,0
4way,0517e3d4f51ff998,3,3
4way,052bcca686b9f8c8,3,3
4way,05b4fb748abecf9e,3,3
4way,060ca1e43b22f024,3,3
4way,09e54053a5577e9f,3,0
4way,0a1d2e80be3e0957,3,3
4way,0a9e6e228450c175,3,3
4way,0d7523f939bd9d6d,3,3
4way,0dd3f2de3aca476a,3,3
4way,0eecfa06aacee4f9,3,3
4way,0f48dd279c51d467,3,2
4way,1007fe3626ef200d,3,0
4way,11a9a7c06483b666,3,3
4way,131361869e8a75d3,3,3
4way,13f8855f8fe093a4,3,3
4way,15880ae0f9544673,3,3
4way,178e5e492277cc44,3,3
4way,1834649d8eac992e,3,0
4way,19ec79b58148b607,3,3
4way,1b470fb6dc59d6c9,3,0
4way,1b624d3285e1b26c,3,2
4way,1d6135f941033ffa,3,3
4way,1e109ceea1034b0a,3,0
4way,1eb9988a9bae1b95,3,0
4way,2018540d8ee365f5,3,2
4way,207c2a0467a1db5b,3,2
4way,213b97a51f1ac6fc,3,3
4way,225b23fc10e1525e,3,3
4way,231de85ed4c24507,3,3
4way,24baa7162ae186e3,3,0
4way,2555eddfdaba2037,3,3
4way,269869f77051b551,3,1
4way,27686eaf764786c1,3,3
4way,27eb6e0d42f5288f,3,3
4way,2858721c7d7d8db3,3,3
4way,292fc1f4b5a180b4,3,1
4way,2a939bcc41e1e32b,3,3
4way,2c36a8f43081997e,3,3
4way,2dfc8a604e3fc862,3,3
4way,2eed3110e7d8beab,3,3
4way,2fcbf7370c8f9e85,3,3
4way,3009bc2c95b27c5c,3,3
4way,324aa86478251cd9,3,3
4way,32b3d16bae9af758,3,3
4way,33d1fdd2d6f00bed,3,2
4way,34a64d1702939b85,3,0
4way,356f5e3a8e0fbfb4,3,2
4way,35f5609b4003e1af,3,3
4way,383b42f4ea6dcbc4,3,0
4way,38fe77370fc24134,3,3
4way,3a9402d62a2c4d7b,3,3
4way,3a9a4ad41cc1aec2,3,3
4way,3a9fe629611a5c0c,3,3
4way,3ced89d1d532035e,3,3
4way,3d00bd86f206648f,3,3
4way,3f39ad5bafe85c06,3,3
4way,3fa84cad9c060172,3,3
4way,40bea795a40ddc4f,3,3
4way,46fa7eedcd2599d7,3,3
4way,4735eb3ce853afc9,3,3
4way,47dffff3fb60f09d,3,3
4way,4c3e9819f46b7305,3,3
4way,4fa9a9bde665528d,3,0
4way,51974c489fd8a2f6,3,3
4way,51fd1b1be7e0f1b3,3,3
4way,52ff991762787c8a,3,2
4way,5738b18a57b09363,3,3
4way,5745d6814c97d017,3,3
4way,5932e1c3e1ff8539,3,3
4way,5c68e1e5b9e4eb86,3,3
4way,5c95d0f316b7446f,3,3
4way,5d210e7af6fea7f5,3,3
4way,5fdcd2f193d2b9d6,3,3
4way,6026798716f2fbc5,3,2
4way,6081735b34537de4,3,2
4way,60f401ea47e22f23,3,3
4way,631718af86dc6a81,3,3
4way,6382e6029e56939e,3,3
4way,63dfbcd6017329bb,3,0
4way,64dac7bd28a64ffe,3,0
4way,66ccba354ad2fd19,3,3
4way,67043d7fe6e30220,3,3
4way,6743fb877e1d9f2f,3,3
4way,676620aca5e3ad72,3,3
4way,695b81e7efaf1887,3,3
4way,6a78ff81bb1788ef,3,3
4way,6aebd229bbb8ffc7,3,3
4way,6b4781addc3297c0,3,0
4way,6c891e2dd5012408,3,1
4way,6e236c5a37dc131e,3,0
4way,6efe37bfa20cd7e1,3,3
4way,6fe5084a8b59b7b6,3,3
4way,70070ee1d48a8516,3,3
4way,7242b3910c20380c,3,2
4way,72440420294f90b9,3,3
4way,73bd35d2eb02505c,3,3
4way,76632eee2fa9d2e9,3,3
4way,767daab44f175e68,3,3
4way,76afb0a36cee12fb,3,3
4way,76c03c51af67040f,3,3
4way,77c13c3ade25ff3d,3,3
4way,7af129809f66fc41,3,3
4way,7b6333736fc980fa,3,3
4way,7bd7c421c1af7227,3,1
4way,7c1b48caf99dde79,3,1
4way,7c21986c898abea0,3,1
4way,7da636eece16ec02,3,2
4way,7debfd3cf748bbab,3,3
4way,7e93b58bce77188a,3,3
4way,7eeea413cd38e26b,3,3
4way,8207e2612e39760b,3,1
4way,83362ccc220079bf,3,1
4way,84727c4f2014383c,3,1
4way,87bab67001e1e5bc,3,3
4way,8ac532f2bba3a8f2,3,3
4way,8d492ede0b83d278,3,3
4way,8d7cafe7e9a051b3,3,1
4way,8dff9c0aab2c61aa,3,3
4way,8e09b2977385e664,3,0
4way,8e1cc207ed9d643f,3,0
4way,8f51deb59808a96f,3,0
4way,8f960e2a05822f0f,3,0
4way,8fe6b3c4e1d9143e,3,3
4way,905211eed84d00d4,3,0
4way,918761fd6e271a8c,3,0
4way,933968331f8fed72,3,2
4way,959e0de70bd7845f,3,1
4way,9706352b0fb53ae2,3,0
4way,977beeb4d0c78f58,3,0
4way,988031b7a17362bc,3,2
4way,994539f926ea5bdb,3,3
4way,9afe3c31fcf2dab6,3,3
4way,9bfbfa6683f5098e,3,3
4way,9bfd86a2abb804d1,3,0
4way,9c6663c8bc71a5ee,3,3
4way,9d24ac1b6a536d3f,3,3
4way,9dded47ee28628c7,3,3
4way,9f4cc2c7ba31f470,3,3
4way,9f954da2688fcaa6,3,0
4way,a19fa0fdc60bd4a3,3,1
4way,a3f2dd8088059a09,3,1
4way,a47eac927804a1ec,3,3
4way,a49e0044e580c7cf,3,3
4way,a557acd504187971,3,3
4way,a5d50d86cb568fbe,3,1
4way,a6d5501cf3d9f63e,3,2
4way,a8b251291810873d,3,3
4way,a8e3e4a624d88c61,3,0
4way,abc2dee43a1e5730,3,0
4way,ac5288e6e000f241,3,0
4way,adfb2b0e05d883df,3,3
4way,ae135751c7a95d52,3,3
4way,ae9478298ed01a79,3,3
4way,af8ea054bd8cbf5a,3,0
4way,af93f7044fc6f837,3,3
4way,b189346aa9295cfb,3,2
4way,b26dc11ef87f28dd,3,3
4way,b2c673332a800811,3,3
4way,b50e7a63d6ca9d0a,3,3
4way,b5dba845c9f9a6c4,3,3
4way,b6dac3458ab6fa41,3,2
4way,b91b0052749c51ae,3,3
4way,b92aaa8680f49c7b,3,0
4way,bbebd761570c77c1,3,0
4way,bd23b1bf121b70b4,3,3
4way,c01575196843a996,3,3
4way,c05c975596e9bf70,3,2
4way,c1c62408ca702570,3,3
4way,c1c83a25c6647c97,3,1
4way,c1c9b3a5bfdebda6,3,3
4way,c27a34eb21b65ca5,3,3
4way,c4bd70b0be3bafb1,3,0
4way,c6e0e482c7ffbf2a,3,2
4way,c7d9362424936bec,3,3
4way,c87fe579afa6d275,3,3
4way,c934e05aafd66ec3,3,3
4way,ca19d84ef93ca1f7,3,1
4way,ca3d8d8b97b2fb18,3,2
4way,cac571d5d789abc0,3,0
4way,cedb9fb46324469a,3,3
4way,d08ef05241027800,3,0
4way,d151aeed85dfcbb6,3,3
4way,d4ab53ee39c4b9c2,3,3
4way,d53bb4425e178be6,3,2
4way,d653882506f0a98c,3,2
4way,d6a30641dd359c19,3,0
4way,d8a7509c4d0d463c,3,3
4way,d9640a7149b89b5d,3,3
4way,deb975aed69c5a30,3,3
4way,df347bee4c69752c,3,3
4way,e271a200cc6890db,3,3
4way,e3035f3396bd1146,3,3
4way,e47740c9aae27435,3,3
4way,e71bc0a3acfafd73,3,0
4way,e733a9cf927ab3c4,3,0
4way,e8362e21d1566355,3,3
4way,e8de820fe849e9dd,3,3
4way,e9ebf2db63968144,3,3
4way,ea0b904d5e9fb6d8,3,3
4way,eabeee5d9551a71f,3,1
4way,eeaae267a6df5194,3,0
4way,f1443e2519f8e94d,3,3
4way,f51892c9db8a26a1,3,0
4way,f5cbc64e46adc3fa,3,3
4way,f6ef7e183bdc53ff,3,3
4way,fbc7d6d9c24e577f,3,3
4way,fd46d5a3ec0dfcfd,3,0
4way,fd982389d1abf071,3,3
4way,fd9ad227d18b6ffe,3,1
4way,fdb7705ef8393c81,3,2
4way,fe52914acf7e5947,3,3
